step,I_over_N
0,0.01000000
1,0.00600000
2,0.00400000
3,0.00200000
4,0.00000000
