step,I_over_N
0,0.00123793
1,0.00297103
2,0.01733102
3,0.07130478
4,0.10992820
5,0.17033919
6,0.26417430
7,0.38153008
8,0.45011141
9,0.46422382
10,0.46026244
11,0.43426591
12,0.41074523
13,0.37781629
14,0.34191632
15,0.29933152
16,0.26318396
