step,I_over_N
0,0.01000000
1,0.01200000
2,0.01600000
3,0.02200000
4,0.01800000
5,0.02000000
6,0.02200000
7,0.02400000
8,0.02400000
9,0.02800000
10,0.02800000
11,0.02800000
12,0.02800000
