step,I_over_N
0,0.15994058
1,0.70735331
2,0.90294627
3,0.93810349
4,0.94726417
5,0.94850210
