step,I_over_N
0,0.01000000
1,0.01400000
2,0.02000000
3,0.02400000
4,0.04200000
5,0.06800000
6,0.08600000
7,0.12600000
8,0.16000000
9,0.18400000
