step,I_over_N
0,0.01000000
1,0.00800000
2,0.00600000
3,0.00800000
4,0.00600000
5,0.00400000
6,0.00200000
7,0.00400000
8,0.00200000
9,0.00000000
