step,I_over_N
0,0.04958678
1,0.21900826
2,0.46280992
3,0.67768595
4,0.81818182
5,0.90702479
6,0.95454545
7,0.98140496
8,0.99380165
9,0.99793388
10,1.00000000
