step,I_over_N
0,0.00123793
1,0.00495172
2,0.02971032
3,0.10670958
4,0.19435504
5,0.27605843
6,0.57019064
7,0.64025749
8,0.67962367
9,0.68531815
10,0.68630849
11,0.68705125
12,0.68977470
13,0.69026987
