step,I_over_N
0,0.01000000
1,0.04600000
2,0.10200000
3,0.13800000
4,0.20000000
5,0.27000000
6,0.36400000
7,0.43200000
8,0.48000000
9,0.55000000
10,0.59800000
11,0.58800000
12,0.66000000
13,0.73000000
14,0.74800000
15,0.79800000
16,0.83200000
