step,I_over_N
0,0.01000000
1,0.01200000
2,0.01000000
3,0.01400000
4,0.01200000
5,0.01200000
6,0.01400000
7,0.01600000
8,0.01600000
9,0.01200000
10,0.01600000
11,0.01600000
12,0.02000000
13,0.02600000
14,0.03200000
15,0.03200000
