step,I_over_N
0,0.01033058
1,0.00619835
2,0.00619835
3,0.00826446
4,0.01033058
5,0.01239669
6,0.01239669
7,0.01239669
8,0.00826446
9,0.01033058
10,0.01033058
11,0.01239669
