step,I_over_N
0,0.00123793
1,0.01906412
2,0.11289923
3,0.33003219
4,0.58380787
5,0.71874226
6,0.72369398
7,0.65139886
8,0.56548651
9,0.47883139
10,0.41173558
11,0.35181976
12,0.30230255
13,0.26565982
