step,I_over_N
0,0.00123793
1,0.01386482
2,0.09111166
3,0.30453082
4,0.46991830
5,0.56721961
6,0.63060163
7,0.65436989
8,0.70289676
9,0.73557811
10,0.77147809
11,0.78039119
12,0.81257737
13,0.82173805
14,0.81876702
15,0.81851944
16,0.83436494
17,0.82272840
18,0.83609804
19,0.82916564
