step,I_over_N
0,0.01033058
1,0.01239669
2,0.01033058
3,0.01446281
4,0.01859504
5,0.01446281
6,0.01446281
7,0.00826446
8,0.01033058
9,0.01033058
10,0.00826446
11,0.01033058
12,0.01033058
