step,I_over_N
0,0.01000000
1,0.01400000
2,0.02000000
3,0.03600000
4,0.05200000
5,0.06200000
6,0.06600000
7,0.07200000
8,0.06400000
9,0.07200000
