step,I_over_N
0,0.01000000
1,0.01400000
2,0.01800000
3,0.02400000
4,0.03200000
5,0.03000000
6,0.03400000
7,0.03800000
8,0.03600000
9,0.03600000
10,0.03400000
11,0.03400000
12,0.03400000
13,0.03600000
14,0.04200000
