step,I_over_N
0,0.04958678
1,0.21900826
2,0.47314050
3,0.71900826
4,0.87396694
5,0.95661157
6,0.98553719
7,0.99793388
8,1.00000000
