step,I_over_N
0,0.00123793
1,0.00495172
2,0.02971032
3,0.10670958
4,0.19435504
5,0.27605843

