step,I_over_N
0,0.01000000
1,0.01200000
2,0.01800000
3,0.02200000
4,0.02400000
5,0.03000000
6,0.03200000
7,0.02800000
8,0.03600000
9,0.04400000
