step,I_over_N
0,0.01000000
1,0.03600000
2,0.10200000
3,0.25200000
4,0.57200000
5,0.87600000
6,0.88400000
7,0.88000000
8,0.88600000
9,0.87000000
10,0.90000000
11,0.86600000
12,0.86400000
13,0.89400000
14,0.87600000
