step,I_over_N
0,0.00123793
1,0.00222827
2,0.00693241
3,0.03218618
4,0.10497648
5,0.23396880
6,0.33968804
7,0.41767764
8,0.49740035
9,0.59767269
10,0.64421887
11,0.67739539
12,0.69744986
13,0.70661055
14,0.72666502
15,0.74399604
