step,I_over_N
0,0.22579846
1,0.79722704
2,0.93364694
3,0.95320624
4,0.95692003
5,0.95766279
