step,I_over_N
0,0.23600000
1,0.33800000
2,0.46600000
3,0.66000000

