step,I_over_N
0,0.00123793
1,0.00297103
2,0.04208963
3,0.25328051
4,0.41173558
5,0.47982174
6,0.50977965
7,0.55904927
8,0.53131963
9,0.46620451
