step,I_over_N
0,0.05000000
1,0.30800000
2,0.87600000
3,0.99600000
4,0.99800000
