step,I_over_N
0,0.01033058
1,0.01446281
2,0.01652893
3,0.01652893
4,0.02066116
5,0.02066116
6,0.02066116
7,0.01652893
8,0.01859504
9,0.02685950
10,0.02272727
11,0.02066116
12,0.01859504
13,0.01652893
14,0.01446281
15,0.00826446
