step,I_over_N
0,0.01000000
1,0.04400000
2,0.10800000
3,0.27600000
4,0.61800000
5,0.89800000
6,0.90200000
7,0.88400000
8,0.86800000
9,0.89200000
10,0.88600000
11,0.89600000
12,0.88200000
13,0.88000000
14,0.85000000
15,0.88400000
16,0.88800000
