step,I_over_N
0,0.01000000
1,0.01200000
2,0.01200000
3,0.01000000
4,0.01200000
5,0.07600000
6,0.07000000
7,0.09000000
8,0.08200000
9,0.12000000
10,0.16600000
11,0.19400000
12,0.21400000
13,0.23600000
14,0.25000000
15,0.25200000
16,0.23200000
