step,I_over_N
0,0.00123793
1,0.00693241
2,0.04258480
3,0.10324338
4,0.12527853
5,0.18469918
6,0.26788809
7,0.54023273
8,0.58727408
9,0.61648923
10,0.62441198
11,0.63109681
