step,I_over_N
0,0.01000000
1,0.01400000
2,0.02200000
3,0.02400000
4,0.03200000
5,0.03600000
6,0.03600000
7,0.04400000
8,0.05600000
9,0.07400000
10,0.09800000
11,0.12800000
12,0.14800000
13,0.17000000
14,0.20000000
