step,I_over_N
0,0.01000000
1,0.03600000
2,0.08600000
3,0.12800000
4,0.18800000
5,0.24200000
6,0.31200000
7,0.32600000
8,0.36200000
9,0.43200000
10,0.49200000
11,0.51200000
12,0.55800000
