step,I_over_N
0,0.01000000
1,0.00800000
2,0.01000000
3,0.01200000
4,0.01200000
5,0.01800000
6,0.02400000
7,0.02800000
8,0.03400000
9,0.03800000
10,0.04800000
11,0.05600000
12,0.06000000
13,0.08200000
14,0.09400000
