step,I_over_N
0,0.01000000
1,0.00600000
2,0.00800000
3,0.00600000
4,0.00600000
5,0.00600000
6,0.00400000
7,0.00200000
8,0.00400000
9,0.00600000
10,0.00800000
11,0.01000000
12,0.01200000
13,0.00800000
