step,I_over_N
0,0.00123793
1,0.02376826
2,0.10596682
3,0.34488735
4,0.57885615
5,0.78781877
6,0.75389948
7,0.64496162
8,0.55211686
9,0.47462243
10,0.40356524
11,0.34364942
12,0.29883635
13,0.25699431
14,0.22158950
15,0.19163159
16,0.16439713
