step,I_over_N
0,0.00123793
1,0.00222827
2,0.00470413
3,0.01287447
4,0.03689032
5,0.06610547
6,0.08096063
7,0.10200545
8,0.11067096
9,0.12577371
10,0.14137163
11,0.16315920
12,0.19064125
13,0.23050260
14,0.24189156
15,0.24387225
16,0.23471156
17,0.22183709
