step,I_over_N
0,0.01000000
1,0.01000000
2,0.00800000
3,0.00800000
4,0.00800000
5,0.00800000
6,0.00400000
7,0.00600000
8,0.01200000
9,0.01600000
10,0.02000000
11,0.02800000
12,0.03000000
13,0.03200000
