step,I_over_N
0,0.01033058
1,0.01239669
2,0.01652893
3,0.01652893
4,0.01859504
5,0.01859504
6,0.01652893
7,0.02272727
8,0.01652893
9,0.01446281
10,0.01652893
11,0.01652893
12,0.02066116
13,0.01652893
