step,I_over_N
0,0.00123793
1,0.01089379
2,0.10175786
3,0.23273087
4,0.27383016
5,0.35578113
6,0.64347611
7,0.68432780
8,0.68061401
9,0.58801684
10,0.51151275
11,0.43822728
