step,I_over_N
0,0.01000000
1,0.01600000
2,0.99800000
3,0.83800000
4,0.71200000
5,0.62400000
6,0.56200000
7,0.49200000
8,0.43200000
9,0.37600000
10,0.32600000
11,0.26800000
12,0.23000000
13,0.19400000
14,0.16600000
15,0.15200000
16,0.13200000
17,0.12200000
18,0.10600000
