step,I_over_N
0,0.05000000
1,0.09000000
2,0.11600000
3,0.14800000
4,0.19000000
5,0.28000000
6,0.44600000
7,0.73600000
8,0.96800000
9,0.99600000
10,0.99800000
