step,I_over_N
0,0.01000000
1,0.02400000
2,0.06800000
3,0.11600000
4,0.15400000
5,0.22000000
6,0.27000000
7,0.30200000
8,0.32800000
9,0.37800000
10,0.41200000
11,0.43200000
12,0.45000000
13,0.48600000
14,0.47800000
15,0.48600000
16,0.51000000
