step,I_over_N
0,0.01000000
1,0.01200000
2,0.01000000
3,0.01000000
4,0.01600000
5,0.01400000
6,0.01800000
7,0.02200000
8,0.02200000
9,0.02200000
10,0.02800000
11,0.03000000
12,0.02600000
13,0.02600000
14,0.03200000
15,0.03800000
16,0.03800000
