step,I_over_N
0,0.05000000
1,0.24400000
2,0.44200000
3,0.60800000
4,0.75800000
5,0.86400000
6,0.91600000
7,0.96400000
8,0.98600000
9,0.99200000
10,0.99400000
