step,I_over_N
0,0.00123793
1,0.00396138
2,0.01237930
3,0.03689032
4,0.08987373
5,0.17479574
6,0.27135430
7,0.32706115
8,0.38474870
9,0.46570933
10,0.52760584
11,0.55632582
12,0.59742511
13,0.63555335
14,0.65635058
15,0.67566229
16,0.69497400
17,0.70512503
18,0.71923744
19,0.71750433
