step,I_over_N
0,0.04233721
1,0.25526120
2,0.69868779
3,0.85862837
4,0.89898490
5,0.91359247
6,0.91681109
7,0.91705868
