step,I_over_N
0,0.01033058
1,0.04752066
2,0.10537190
3,0.17148760
4,0.22520661
5,0.29752066
6,0.34710744
7,0.40082645
8,0.45041322
9,0.50826446
10,0.51652893
11,0.49586777
12,0.48140496
13,0.41322314
14,0.35950413
