step,I_over_N
0,0.12874474
1,0.63703887
2,0.88908146
3,0.93463729
4,0.94355038
5,0.94503590
6,0.94528349
