step,I_over_N
0,0.01000000
1,0.01200000
2,0.02200000
3,0.03400000
4,0.04000000
5,0.05200000
6,0.05600000
7,0.06000000
8,0.06000000
9,0.05800000
10,0.05000000
11,0.04600000
