series_id,model_label,rho_true,k,rho_phys,rho_dl,rho_ml,fit_failed
1311,SIR,0.004999999888241291,10,0.044590221205772246,1.0612787946229219e-06,0.005449332583945875,False
4806,SIR,0.45100000500679016,10,0.8760859821452367,0.0008617735002189875,0.5247205241494928,False
8735,SIS,0.7543946504592896,10,0.5209535920919787,0.0040707699954509735,0.8639813327213097,False
7410,SIS,0.0048828125,10,0.0048828125,1.22485116662574e-05,0.0067065850686666645,False
6340,SIS,0.004999999888241291,10,0.004999999888241291,2.2754815290682018e-05,0.009770213992154818,False
5441,SIS,0.004999999888241291,10,0.004999999888241291,3.326329533592798e-05,0.03505057305990086,False
8980,SIS,0.8566476702690125,10,0.7684026283449488,0.0022709753829985857,0.8781144958200399,False
1287,SIR,0.004999999888241291,10,0.06749643542999019,9.910384051181609e-07,0.005449332583945875,False
9357,SIS,0.0024999999441206455,10,0.0024999999441206455,3.1461324851989048e-06,0.005442061992554283,False
6567,SIS,0.006000000052154064,10,0.004999999888241291,5.927153324591927e-05,0.06819884218825949,False
3059,SIR,0.001237930147908628,10,0.002390108239833409,1.6264623354800278e-06,0.004288794890004382,False
4202,SIR,0.0024999999441206455,10,0.033608142771814904,1.3830161833539023e-06,0.004267563556982959,False
8402,SIS,0.4364941716194153,10,0.1367609727872953,0.00033719735802151263,0.5561981310414154,False
2190,SIR,0.0048828125,10,0.06594576169529638,9.994143965741387e-07,0.005449332583945875,False
6869,SIS,0.6539999842643738,10,0.07304213502557998,0.0002537494001444429,0.4514510834938758,False
6475,SIS,0.004999999888241291,10,0.004999999888241291,1.4779899174754974e-05,0.010779297246699428,False
4922,SIR,0.6575000286102295,10,0.9863603987511488,0.0020877448841929436,0.6768804769767388,False
8514,SIS,0.5664768218994141,10,0.1678580865962577,0.0006062276661396027,0.762606208113027,False
9954,SIS,0.6779999732971191,10,0.5918930199944518,0.0020557225216180086,0.7802268691685686,False
2424,SIR,0.005859375,10,0.07718229422763093,1.1725816193575156e-06,0.005449332583945875,False
3890,SIR,0.9546917676925659,10,0.9976955101540959,0.003553509945049882,0.9404355329156198,False
4045,SIR,0.0024999999441206455,10,0.0037695720497672013,1.4402503438759595e-06,0.004077676191937367,False
7262,SIS,0.0048828125,10,0.0048828125,3.991359335486777e-05,0.021381179930560133,False
1372,SIR,0.007000000216066837,10,0.11094044189917071,1.6207952739932807e-06,0.012093103763089216,False
9704,SIS,0.39100000262260437,10,0.9769113175934231,0.000747180893085897,0.4166424361300838,False
9760,SIS,0.4490000009536743,10,0.3245554933035474,0.005768800154328346,0.8481560031863256,False
4097,SIR,0.0024999999441206455,10,0.0037695720497672013,1.4402503438759595e-06,0.004077676191937367,False
1069,SIR,0.004999999888241291,10,0.044590221205772246,1.0612787946229219e-06,0.005449332583945875,False
2657,SIR,0.01953125,10,0.21053914627570633,0.00020741010666824877,0.059977153702135265,False
2156,SIR,0.0048828125,10,0.04354736874975224,1.0709509297157638e-06,0.005449332583945875,False
2735,SIR,0.021484375,10,0.18178911989847332,0.00010278799163643271,0.034397500453799544,False
4465,SIR,0.1185000017285347,10,0.9908002608823574,0.00033349235309287906,0.3327734922804082,False
2106,SIR,0.0048828125,10,0.06594576169529638,9.994143965741387e-07,0.005449332583945875,False
5492,SIS,0.00800000037997961,10,0.004999999888241291,8.613040699856356e-05,0.11370258057151889,False
3753,SIR,0.9160683155059814,10,0.95623638571186,0.0026065686251968145,0.837849160845844,False
2896,SIR,0.115234375,10,0.29478032575047813,0.0003637491900008172,0.3293794893762,False
5816,SIS,0.6179999709129333,10,0.1005678306130891,0.0007411837577819824,0.7005415443894347,False
6554,SIS,0.014999999664723873,10,0.011906365455055424,0.0001905480894492939,0.15785582066650106,False
1711,SIR,0.017000000923871994,10,0.005545079724832894,9.49254899751395e-05,0.13733082214109035,False
9743,SIS,0.3855000138282776,10,0.3094661897113641,0.0010450925910845399,0.5297844210045684,False
3696,SIR,0.8110918402671814,10,0.8742162279182263,0.0024419529363512993,0.8210813882435071,False
4964,SIR,0.625,10,0.9949951438763274,0.0013941421639174223,0.6714956524724827,False
2214,SIR,0.0048828125,10,0.06594576169529638,9.994143965741387e-07,0.005449332583945875,False
4178,SIR,0.0024999999441206455,10,0.033608142771814904,1.3830161833539023e-06,0.004267563556982959,False
1990,SIR,0.2849999964237213,10,0.5279628792242094,0.0007916673202998936,0.5507621325660124,False
9836,SIS,0.5015000104904175,10,0.39376685708940945,0.0009040525765158236,0.6459189161909288,False
9322,SIS,0.0024999999441206455,10,0.0024999999441206455,7.193890633061528e-05,0.2218890815113492,False
9264,SIS,0.0024999999441206455,10,0.0024999999441206455,1.920041540870443e-05,0.04105570161148831,False
6515,SIS,0.007000000216066837,10,0.17268973255585088,0.00034629914443939924,0.23905081166225048,False
7295,SIS,0.0048828125,10,0.0048828125,3.386306343600154e-05,0.00396210204422651,False
3451,SIR,0.5845506191253662,10,0.6581202230245178,0.00042396943899802864,0.6143569206993152,False
5949,SIS,0.7590000033378601,10,0.976777672704119,0.0019317836267873645,0.9097611278392752,False
4127,SIR,0.003000000026077032,10,0.004028216101323221,1.443536802980816e-06,0.004077676191937367,False
9216,SIS,0.005499999970197678,10,0.10622711866279091,0.00017801787180360407,0.23029686377400968,False
951,SIR,0.9399999976158142,10,0.9708294092494719,0.0018157095182687044,0.9026163349327251,False
6231,SIS,0.004999999888241291,10,0.004999999888241291,1.4456114513450302e-05,0.006512746448735404,False
4659,SIR,0.0024999999441206455,10,0.033608142771814904,1.3830161833539023e-06,0.004267563556982959,False
8283,SIS,0.23025500774383545,10,0.08036949627111896,0.0003190110146533698,0.31496911990341614,False
3037,SIR,0.001485516200773418,10,0.002094265894454838,1.7210381884069648e-06,0.0027109549107091433,False
8170,SIS,0.10076751559972763,10,0.12823822137999222,0.0003357641107868403,0.35543326925019214,False
8280,SIS,0.224065363407135,10,0.12965026941314597,0.0002281631313962862,0.4772834651385146,False
4389,SIR,0.0024999999441206455,10,0.033608142771814904,1.3830161833539023e-06,0.004267563556982959,False
6380,SIS,0.004999999888241291,10,0.004999999888241291,1.1675007954181638e-05,0.015951447318886133,False
4727,SIR,0.5419999957084656,10,0.9002851170730687,0.0009855340467765927,0.5933924660643477,False
6191,SIS,0.004999999888241291,10,0.004999999888241291,1.3886402484786231e-05,0.005697161959918977,False
6307,SIS,0.004999999888241291,10,0.004999999888241291,2.0742656943184556e-06,0.014479280795214445,False
7959,SIS,0.7431640625,10,0.9541224425975033,0.0006460549193434417,0.7777710831939917,False
928,SIR,0.9309999942779541,10,0.9919410160265619,0.0005199507577344775,0.8163742573667876,False
7313,SIS,0.0048828125,10,0.0048828125,1.3433753338176757e-05,0.006512746448735404,False
4911,SIR,0.8174999952316284,10,0.9934122503199543,0.0017131607746705413,0.75326244550035,False
4042,SIR,0.0024999999441206455,10,0.02478117339848555,1.4933575585018843e-06,0.005041995384017208,False
2674,SIR,0.009765625,10,0.05463902547696443,1.928318624777603e-06,0.0029267933816081505,False
6008,SIS,0.004999999888241291,10,0.004999999888241291,1.3027844261159771e-06,0.005449332583945875,False
8567,SIS,0.6169844269752502,10,0.9802173858108878,0.00040290021570399404,0.662100729476231,False
190,SIR,0.004999999888241291,10,0.06749643542999019,9.910384051181609e-07,0.005449332583945875,False
8426,SIS,0.4342659115791321,10,0.1985251812409252,0.0004156247014179826,0.3684634188903214,False
9290,SIS,0.0024999999441206455,10,0.0024999999441206455,1.7531425328343175e-05,0.028838557514091392,False
1804,SIR,0.07500000298023224,10,0.301402822497612,0.0004012151330243796,0.5441690518666968,False
6092,SIS,0.004999999888241291,10,0.004999999888241291,3.81124482373707e-05,0.017763018659620756,False
8788,SIS,0.7828670740127563,10,0.5618824869116472,0.00797833502292633,0.8316646047620854,False
1252,SIR,0.004999999888241291,10,0.06749643542999019,9.910384051181609e-07,0.005449332583945875,False
7952,SIS,0.75390625,10,0.08011575973858945,0.00021627539535984397,0.37980453343720433,False
972,SIR,0.9649999737739563,10,0.9865890706303505,0.0018483521416783333,0.8922786438022524,False
9994,SIS,0.6865000128746033,10,0.5879577856990241,0.0008550072670914233,0.7034074543603371,False
3141,SIR,0.001733102253638208,10,0.03923994305023016,2.7114774638903327e-06,0.019502499883276386,False
8229,SIS,0.001733102253638208,10,0.001237930147908628,3.5262877645436674e-05,0.1069434708227054,False
4837,SIR,0.0024999999441206455,10,0.033608142771814904,1.3830161833539023e-06,0.004267563556982959,False
8907,SIS,0.8494676947593689,10,0.7292329943730508,0.0018524728948250413,0.8550574979941156,False
1297,SIR,0.004999999888241291,10,0.044590221205772246,1.0612787946229219e-06,0.005449332583945875,False
4160,SIR,0.0024999999441206455,10,0.0037695720497672013,1.4402503438759595e-06,0.004077676191937367,False
8169,SIS,0.1000247597694397,10,0.3137600662219053,0.00043004145845770836,0.371286385533706,False
3510,SIR,0.5739044547080994,10,0.6814447018538935,0.00043192680459469557,0.6105897997236931,False
7181,SIS,0.0048828125,10,0.0048828125,1.1519739018694963e-05,0.006512746448735404,False
2723,SIR,0.017578125,10,0.15723128685538376,0.0001927608682308346,0.04703140289990456,False
7037,SIS,0.0048828125,10,0.0048828125,3.0180995963746682e-05,0.006667836509668583,False
9456,SIS,0.004000000189989805,10,0.1434270249290188,0.00014967532479204237,0.3623811556940553,False
2449,SIR,0.0068359375,10,0.12613720943735401,1.8764058040687814e-06,0.006123929822641014,False
9377,SIS,0.0024999999441206455,10,0.0024999999441206455,2.1203127289481927e-06,0.0074391935048658065,False
9981,SIS,0.6809999942779541,10,0.6123929846088053,0.0021830445621162653,0.6624606623589685,False
5529,SIS,0.004999999888241291,10,0.004999999888241291,2.406813291599974e-05,0.02740958312036279,False
5307,SIS,0.004999999888241291,10,0.004999999888241291,4.934080061502755e-05,0.02818512426922485,False
1112,SIR,0.004999999888241291,10,0.06749643542999019,9.910384051181609e-07,0.005449332583945875,False
4807,SIR,0.0024999999441206455,10,0.0038220336005566815,1.7500905187262106e-06,0.005881274147158341,False
9097,SIS,0.0024999999441206455,10,0.0024999999441206455,6.746422877768055e-05,0.09777580524817545,False
9243,SIS,0.0024999999441206455,10,0.0024999999441206455,1.4995904166426044e-05,0.011065297606886994,False
9584,SIS,0.0024999999441206455,10,0.0024999999441206455,2.0286679500713944e-05,0.02759363416306377,False
9056,SIS,0.0024999999441206455,10,0.0024999999441206455,1.6776401025708765e-05,0.00992234435911977,False
1066,SIR,0.004999999888241291,10,0.050430052259810954,1.1053596153942635e-06,0.005449332583945875,False
8213,SIS,0.1668729931116104,10,0.39285207839692454,0.0004654761287383735,0.3203843672710508,False
3629,SIR,0.760831892490387,10,0.9384797101271365,0.003527121851220727,0.8699563326115922,False
1081,SIR,0.004999999888241291,10,0.03966924589688349,1.4041177109902492e-06,0.005449332583945875,False
2546,SIR,0.0068359375,10,0.10678912883259069,1.8998717905560625e-06,0.005322826181498596,False
6782,SIS,0.19900000095367432,10,0.5306358101637026,0.00016647933807689697,0.28027831091714844,False
5194,SIS,0.004999999888241291,10,0.004999999888241291,2.085818414343521e-05,0.009576375372223557,False
5231,SIS,0.004999999888241291,10,0.004999999888241291,1.3372756257012952e-05,0.02094088945613478,False
2891,SIR,0.060546875,10,0.21585959118259587,0.0005396855995059013,0.09142035093702669,False
6960,SIS,0.7670000195503235,10,0.10248913880709029,0.0005423547700047493,0.7018127927521093,False
9936,SIS,0.6299999952316284,10,0.5208456129200131,0.0031966480892151594,0.8869592788757857,False
8484,SIS,0.5033423900604248,10,0.11621896243975242,0.0003256624040659517,0.47197457860155473,False
5507,SIS,0.009999999776482582,10,0.7364542959763609,0.0005572073278017342,0.4669994644993256,False
9532,SIS,0.1835000067949295,10,0.1015781632974067,0.00025373752578161657,0.35285035212465876,False
8895,SIS,0.8294132351875305,10,0.6552640852523796,0.0018556700088083744,0.8371100197213979,False
3762,SIR,0.9445407390594482,10,0.9723622997418709,0.002906899433583021,0.8578146204021548,False
8277,SIS,0.22059915959835052,10,0.001237930147908628,7.45816869311966e-05,0.12090463802796811,False
513,SIR,0.013000000268220901,10,0.1496445729541006,0.00011282147897873074,0.17081432662043156,False
991,SIR,0.9679999947547913,10,0.9924289846794055,0.0013664684956893325,0.876415162502988,False
1155,SIR,0.006000000052154064,10,0.05813098331818995,1.6006616760932957e-06,0.0024197664282442494,False
1085,SIR,0.006000000052154064,10,0.06991828556941143,1.2415226819939562e-06,0.015155823602760967,False
250,SIR,0.004999999888241291,10,0.0337586224218333,1.2411521765898215e-06,0.005825704918158242,False
3330,SIR,0.2703639566898346,10,0.42637224762533316,0.00033131716190837324,0.4162652029036105,False
3389,SIR,0.32235702872276306,10,0.003102516035942086,2.367586967011448e-05,0.05188408561124932,False
1856,SIR,0.21199999749660492,10,0.4195962061736667,0.0004235799715388566,0.6207048840075222,False
1262,SIR,0.006000000052154064,10,0.05690381545353378,1.131779640672903e-06,0.005449332583945875,False
3943,SIR,0.9772220849990845,10,0.999633722602744,0.002890039933845401,0.9331293556663934,False
4499,SIR,0.0044999998062849045,10,0.0027237078057117292,2.6615407477947883e-05,0.05333550480454347,False
5170,SIS,0.004999999888241291,10,0.004999999888241291,2.906433837779332e-05,0.010448562290908675,False
5018,SIS,0.004999999888241291,10,0.004999999888241291,1.5040560356283095e-05,0.018639043218163603,False
2693,SIR,0.005859375,10,0.06692232208919544,1.3228498119133292e-06,0.006123929822641014,False
8479,SIS,0.5001237988471985,10,0.11869676431332392,0.00033574807457625866,0.4867908427682335,False
2953,SIR,0.841796875,10,0.3265577131718624,0.0006332258926704526,0.431098158512354,False
2026,SIR,0.005859375,10,0.06692232208919544,1.3228498119133292e-06,0.006123929822641014,False
5571,SIS,0.009999999776482582,10,0.8660243635070041,0.00031788740307092667,0.4992704023925221,False
404,SIR,0.007000000216066837,10,0.15587113215341813,2.6569618967187125e-06,0.012093103763089216,False
1167,SIR,0.004999999888241291,10,0.044590221205772246,1.0612787946229219e-06,0.005449332583945875,False
7123,SIS,0.0048828125,10,0.0048828125,2.480608418409247e-05,0.01204302940845962,False
6367,SIS,0.004999999888241291,10,0.004999999888241291,1.0612787946229219e-06,0.005449332583945875,False
3763,SIR,0.9262193441390991,10,0.9938346891622344,0.003156021935865283,0.9138764579235766,False
3057,SIR,0.001733102253638208,10,0.036872078077490385,2.319987061127904e-06,0.0028983994507912622,False
9371,SIS,0.005499999970197678,10,0.05719686883877263,0.0004600058891810477,0.6553874739015719,False
9635,SIS,0.27300000190734863,10,0.9630829230610138,0.0003699197550304234,0.4145998140013267,False
5072,SIS,0.004999999888241291,10,0.004999999888241291,1.0798727998917457e-05,0.006512746448735404,False
5687,SIS,0.2549999952316284,10,0.09936401937295326,0.0008412596071138978,0.5459511256158278,False
2433,SIR,0.0048828125,10,0.055546461031396425,1.1424864396758494e-06,0.005449332583945875,False
1895,SIR,0.14900000393390656,10,0.3626622276757404,8.470750617561862e-05,0.21735502332762702,False
7160,SIS,0.0048828125,10,0.0048828125,4.894802259514108e-05,0.03977254752558375,False
4366,SIR,0.0024999999441206455,10,0.0031379245069443084,1.5448873682544217e-06,0.0067729043615487325,False
983,SIR,0.9559999704360962,10,0.9999719565807467,0.002998347394168377,0.9047966627444927,False
9490,SIS,0.0024999999441206455,10,0.0024999999441206455,1.595369576534722e-05,0.04012313279954481,False
6371,SIS,0.004999999888241291,10,0.004999999888241291,1.1101813470304478e-05,0.007745205458835688,False
1136,SIR,0.004999999888241291,10,0.050430052259810954,1.1053596153942635e-06,0.005449332583945875,False
7208,SIS,0.0048828125,10,0.0048828125,1.909527236421127e-05,0.009543810611629669,False
5034,SIS,0.004999999888241291,10,0.004999999888241291,1.2689637287621736e-06,0.005449332583945875,False
933,SIR,0.9390000104904175,10,0.9921681860185024,0.0004271329671610147,0.8453118463076753,False
6466,SIS,0.008999999612569809,10,0.033431755105701406,0.00015101155440788716,0.0731873288455938,False
3234,SIR,0.001980688190087676,10,0.0027725822804276394,1.8444579836796038e-05,0.03369114087697855,False
4661,SIR,0.351500004529953,10,0.8456805110451666,0.0007433400605805218,0.6007852663445306,False
9388,SIS,0.08150000125169754,10,0.05869399311081758,7.953674503369257e-05,0.10137966715250889,False
5271,SIS,0.004999999888241291,10,0.004999999888241291,3.319880488561466e-05,0.024383313645124846,False
7774,SIS,0.0087890625,10,0.14660849283159666,8.631770469946787e-05,0.040263807051507866,False
1279,SIR,0.006000000052154064,10,0.008061104954827493,1.6451921283078264e-06,-0.00516035337418968,False
9331,SIS,0.0024999999441206455,10,0.0024999999441206455,1.7878155631478876e-06,0.0067729043615487325,False
242,SIR,0.006000000052154064,10,0.10481798905182488,1.6473776440761867e-06,0.012093103763089216,False
4069,SIR,0.003000000026077032,10,0.033608142771814904,1.3830161833539023e-06,0.004267563556982959,False
5988,SIS,0.796999990940094,10,0.9798227760228833,0.0012259329669177532,0.9074362009758487,False
9725,SIS,0.38350000977516174,10,0.32473244251701755,0.0008981216233223677,0.5493480171278973,False
5609,SIS,0.007000000216066837,10,0.010530023515259418,0.00028050527907907963,0.3209794907000869,False
735,SIR,0.5519999861717224,10,0.13783954891915104,0.0002718294272199273,0.12691877411750083,False
125,SIR,0.004999999888241291,10,0.06749643542999019,9.910384051181609e-07,0.005449332583945875,False
1205,SIR,0.006000000052154064,10,0.09905345602270652,1.6396629689552356e-06,0.01879521821298914,False
6808,SIS,0.5080000162124634,10,0.06047074486910746,0.0006024460308253765,0.6192134074333684,False
7334,SIS,0.0048828125,10,0.0048828125,2.645893437147606e-05,0.0053774105791809124,False
3584,SIR,0.6917554140090942,10,0.9057193859507281,0.0014745739754289389,0.7944179872368577,False
8836,SIS,0.8162911534309387,10,0.46399094835998084,0.005873133894056082,0.8720986655453237,False
7182,SIS,0.0048828125,10,0.0048828125,1.9092176444246434e-05,0.008721476884408915,False
9177,SIS,0.0024999999441206455,10,0.0024999999441206455,1.9121048353554215e-06,0.005041995384017208,False
4233,SIR,0.0024999999441206455,10,0.02478117339848555,1.4933575585018843e-06,0.005041995384017208,False
3744,SIR,0.8549146056175232,10,0.9518442924788666,0.0019539142958819866,0.7146001784579578,False
8664,SIS,0.716018795967102,10,0.3437017295558422,0.002496167318895459,0.8378468674732956,False
129,SIR,0.004999999888241291,10,0.050430052259810954,1.1053596153942635e-06,0.005449332583945875,False
3486,SIR,0.7036395072937012,10,0.5895665737640634,0.0002981798315886408,0.5130154897196821,False
7949,SIS,0.65234375,10,0.08557123833720907,0.0006593072903342545,0.052235121007717975,False
7059,SIS,0.0048828125,10,0.0048828125,1.188011810882017e-05,0.006512746448735404,False
9722,SIS,0.38449999690055847,10,0.9729145456566268,0.0008293414139188826,0.6854249891012578,False
5526,SIS,0.007000000216066837,10,0.004999999888241291,6.788518658140674e-05,0.0943444966423848,False
8049,SIS,0.001237930147908628,10,0.001237930147908628,1.863675788627006e-05,0.01560874829336794,False
1597,SIR,0.017000000923871994,10,0.006257147393315793,0.00019511094433255494,0.16499482093027065,False
9282,SIS,0.0024999999441206455,10,0.0024999999441206455,1.668155709921848e-05,0.01036155651372383,False
236,SIR,0.004999999888241291,10,0.044590221205772246,1.0612787946229219e-06,0.005449332583945875,False
7803,SIS,0.341796875,10,0.0048828125,0.0002770067367237061,0.10402203141931579,False
7368,SIS,0.0048828125,10,0.0048828125,7.758758874842897e-05,0.027932651413887254,False
9338,SIS,0.0024999999441206455,10,0.0024999999441206455,3.253668182878755e-05,0.031651735904916406,False
481,SIR,0.009999999776482582,10,0.005414839039721241,4.799927046406083e-05,0.03760258303122859,False
9946,SIS,0.6274999976158142,10,0.4878688053252084,0.0014414478791877627,0.7181316486232246,False
5215,SIS,0.004999999888241291,10,0.004999999888241291,2.9122656997060403e-05,0.00864557651609175,False
3723,SIR,0.89626145362854,10,0.9523328210880511,0.001589281833730638,0.8862357897075648,False
1521,SIR,0.012000000104308128,10,0.13203016235965737,4.665691085392609e-05,0.045799300146712255,False
5770,SIS,0.5450000166893005,10,0.15528291402926944,0.0006000340799801052,0.7653118599666342,False
6487,SIS,0.006000000052154064,10,0.004999999888241291,2.0954281353624538e-05,0.04547846058985308,False
2502,SIR,0.01171875,10,0.0999251919925303,0.00010138726065633819,0.029250085467689518,False
2635,SIR,0.0068359375,10,0.06433243769514002,1.670797360020515e-06,0.0029267933816081505,False
1520,SIR,0.00800000037997961,10,0.1135977528851986,1.7361186337438994e-06,0.015155823602760967,False
5681,SIS,0.2409999966621399,10,0.03186463687029909,0.00040123541839420795,0.21897457835571213,False
8866,SIS,0.8308987617492676,10,0.656156001030415,0.0034815839026123285,0.8523368149906261,False
7159,SIS,0.0048828125,10,0.0048828125,1.0633430065354332e-05,0.006512746448735404,False
4609,SIR,0.0024999999441206455,10,0.033608142771814904,1.3830161833539023e-06,0.004267563556982959,False
6985,SIS,0.7689999938011169,10,0.0883909174883114,0.000258642336120829,0.618205205040617,False
7494,SIS,0.005859375,10,0.0048828125,3.508245572447777e-05,0.005849687767931216,False
623,SIR,0.04899999871850014,10,0.98422820164598,0.00037632978637702763,0.4350862263278117,False
3594,SIR,0.6464471220970154,10,0.733392677207083,0.00035665702307596803,0.4799481541576104,False
8358,SIS,0.36766526103019714,10,0.9731148707489282,0.0003141290508210659,0.43969929673361585,False
5479,SIS,0.004999999888241291,10,0.004999999888241291,2.085818414343521e-05,0.009576375372223557,False
7931,SIS,0.6728515625,10,0.03627157242051522,0.0004908457049168646,0.057095786866278225,False
7352,SIS,0.0048828125,10,0.0048828125,1.4742149687663186e-06,0.005449332583945875,False
9869,SIS,0.5755000114440918,10,0.466791787259189,0.0041021122597157955,0.6222982011477305,False
7415,SIS,0.0048828125,10,0.0048828125,2.6950556275551207e-05,0.009523561294114875,False
2544,SIR,0.005859375,10,0.00783233571566071,1.206161869049538e-06,0.006123929822641014,False
5826,SIS,0.6240000128746033,10,0.10936197289361654,0.0004501027287915349,0.7567023064707198,False
8970,SIS,0.8620945811271667,10,0.7665435956518846,0.0018168853130191565,0.8718437952257269,False
9986,SIS,0.6779999732971191,10,0.5711534899227204,0.0008035624050535262,0.7034074543603371,False
412,SIR,0.004999999888241291,10,0.050430052259810954,1.1053596153942635e-06,0.005449332583945875,False
9128,SIS,0.003000000026077032,10,0.0024999999441206455,3.1677523111284245e-06,0.03605672946294145,False
53,SIR,0.004999999888241291,10,0.06749643542999019,9.910384051181609e-07,0.005449332583945875,False
5778,SIS,0.5609999895095825,10,0.03982307082554121,0.0003671972663141787,0.35080033145522577,False
6764,SIS,0.3959999978542328,10,0.05405354970317929,0.0005893491907045245,0.7158093001358019,False
2049,SIR,0.005859375,10,0.10698223728433572,1.4640810377386515e-06,0.006123929822641014,False
1914,SIR,0.5139999985694885,10,0.47008670108913286,0.000369168643373996,0.526281973937674,False
6447,SIS,0.007000000216066837,10,0.004999999888241291,4.839144821744412e-05,0.06808011757963538,False
8841,SIS,0.8093587756156921,10,0.6351082309056904,0.00368118891492486,0.8294853356978023,False
2209,SIR,0.0048828125,10,0.06594576169529638,9.994143965741387e-07,0.005449332583945875,False
8774,SIS,0.7846001386642456,10,0.42969812857208406,0.004411979112774134,0.8565519069101483,False
4533,SIR,0.0035000001080334187,10,0.053841477527603696,1.972024392671301e-06,0.01709333872983711,False
2504,SIR,0.009765625,10,0.1370030041621688,4.379496203910094e-06,0.022666504135488198,False
8977,SIS,0.866055965423584,10,0.7781381162323879,0.0029396088793873787,0.8710368993731413,False
5145,SIS,0.004999999888241291,10,0.004999999888241291,4.05402242904529e-05,0.021806983769972005,False
5925,SIS,0.7630000114440918,10,0.973472071398585,0.0006879812572151423,0.8893374176137018,False
9062,SIS,0.0024999999441206455,10,0.0024999999441206455,2.5835801352513954e-05,0.027911659183475396,False
4448,SIR,0.0024999999441206455,10,0.0037695720497672013,1.4402503438759595e-06,0.004077676191937367,False
2760,SIR,0.0087890625,10,0.01126123695724303,3.056111154364771e-06,0.010283898241323601,False
327,SIR,0.00800000037997961,10,0.005324342126361204,1.7883658074424602e-05,0.04432117151496643,False
1753,SIR,0.03799999877810478,10,0.21743271028718766,0.00019589759176597,0.27196684445976216,False
7577,SIS,0.005859375,10,0.0048828125,5.367978519643657e-05,0.019723655457666897,False
7418,SIS,0.0048828125,10,0.0048828125,1.332775082119042e-05,0.006136374114523035,False
2839,SIR,0.0751953125,10,0.05267709805450352,0.0002360538928769529,-0.0001795218598120665,False
2192,SIR,0.0048828125,10,0.006231858723196455,1.2262303243915085e-06,0.005825704918158242,False
7397,SIS,0.0048828125,10,0.0048828125,2.3839584173401818e-05,0.004864598193688714,False
6591,SIS,0.009999999776482582,10,0.06717798606013242,0.000268202944425866,0.30163438202136356,False
3549,SIR,0.6947264075279236,10,0.9970816890807807,0.0003200644569005817,0.5358253469598835,False
3261,SIR,0.13542956113815308,10,0.999566575067865,0.00035278432187624276,0.38583342096887263,False
3251,SIR,0.24362465739250183,10,0.9904675455882114,0.000313955097226426,0.36798533452268467,False
2055,SIR,0.0048828125,10,0.055546461031396425,1.1424864396758494e-06,0.005449332583945875,False
2938,SIR,0.6396484375,10,0.4771966699747095,0.0004443902871571481,0.6202704768058067,False
337,SIR,0.006000000052154064,10,0.09382124735838607,1.4087303270571283e-06,0.008749269690112018,False
797,SIR,0.7369999885559082,10,0.3613450319856739,0.0005387584096752107,0.4748402862362903,False
3746,SIR,0.9059172868728638,10,0.8441604915448055,0.0008262639166787267,0.7407522123864366,False
904,SIR,0.9409999847412109,10,0.9919371637852845,0.0005697316373698413,0.7842097985041044,False
5813,SIS,0.6359999775886536,10,0.9512791152738282,0.0006672159070149064,0.8014888844223107,False
832,SIR,0.8579999804496765,10,0.991281889942922,0.00038801171467639506,0.7377769252590226,False
4115,SIR,0.0035000001080334187,10,0.0655933251437429,2.5251902115996927e-06,0.0065348342612855615,False
4417,SIR,0.0024999999441206455,10,0.02478117339848555,1.4933575585018843e-06,0.005041995384017208,False
16,SIR,0.004999999888241291,10,0.06749643542999019,9.910384051181609e-07,0.005449332583945875,False
339,SIR,0.004999999888241291,10,0.006383262669353179,1.2160705864516785e-06,0.005825704918158242,False
5277,SIS,0.004999999888241291,10,0.004999999888241291,1.1601322512433399e-05,0.006512746448735404,False
6321,SIS,0.004999999888241291,10,0.004999999888241291,1.4344972441904247e-05,0.005697161959918977,False
4556,SIR,0.0024999999441206455,10,0.028140753759548536,1.5510491948589333e-06,0.004267563556982959,False
6526,SIS,0.006000000052154064,10,0.004999999888241291,4.0782262658467516e-05,0.03305412082237407,False
9240,SIS,0.0024999999441206455,10,0.0024999999441206455,1.7638485587667674e-05,0.010211293729685555,False
1719,SIR,0.057999998331069946,10,0.2005484889175356,0.00025569371064193547,0.3765760799500842,False
8364,SIS,0.3637038767337799,10,0.9719876890478988,0.00032765240757726133,0.5390470405970382,False
3981,SIR,0.9725179672241211,10,0.99993184448024,0.006588557735085487,0.9599927673246867,False
661,SIR,0.004999999888241291,10,0.006383262669353179,1.2160705864516785e-06,0.005825704918158242,False
760,SIR,0.6899999976158142,10,0.3868256666665717,0.000608832691796124,0.6148307372137721,False
6514,SIS,0.006000000052154064,10,0.004999999888241291,0.00011718755558831617,0.11350704923323478,False
666,SIR,0.29100000858306885,10,0.29953088636700886,0.0008815586334094405,0.37113735747882154,False
6187,SIS,0.004999999888241291,10,0.004999999888241291,3.968685268773697e-05,0.021381179930560133,False
5192,SIS,0.004999999888241291,10,0.004999999888241291,1.8124355847248808e-05,0.008646387788140504,False
4565,SIR,0.0024999999441206455,10,0.028140753759548536,1.5510491948589333e-06,0.004267563556982959,False
523,SIR,0.008999999612569809,10,0.13134452829200155,2.2389462174032815e-05,0.024803887277918758,False
606,SIR,0.041999999433755875,10,0.9761097081537844,0.0002150271029677242,0.47971328163131466,False
8914,SIS,0.852191150188446,10,0.703952801844626,0.003703816793859005,0.8578131985394817,False
271,SIR,0.004999999888241291,10,0.06749643542999019,9.910384051181609e-07,0.005449332583945875,False
3369,SIR,0.41619211435317993,10,0.22043164385204628,0.00030487217009067535,0.49272617361602494,False
3579,SIR,0.7430056929588318,10,0.7151675482666141,0.0004450389533303678,0.714716842541232,False
957,SIR,0.9539999961853027,10,0.9998046621203299,0.0009160483023151755,0.8951557155120552,False
1191,SIR,0.004999999888241291,10,0.05690381545353378,1.131779640672903e-06,0.005449332583945875,False
7940,SIS,0.662109375,10,0.953464713324048,0.0009789705509319901,0.7535461878894696,False
1890,SIR,0.32499998807907104,10,0.4207732909378794,0.0007194812060333788,0.6552256450076167,False
8496,SIS,0.5040851831436157,10,0.16559104486624915,0.0003387872129678726,0.5478351549091605,False
2931,SIR,0.2294921875,10,0.3700403441111094,0.0008617188432253897,0.519423749537972,False
5701,SIS,0.4180000126361847,10,0.147765493317742,0.0002779596543405205,0.3533830368112869,False
4184,SIR,0.0024999999441206455,10,0.033608142771814904,1.3830161833539023e-06,0.004267563556982959,False
3170,SIR,0.002475860295817256,10,0.009931068058164143,2.0822626538574696e-05,0.01440207501920643,False
9037,SIS,0.0024999999441206455,10,0.0024999999441206455,1.7809028577175923e-05,0.013760525776498358,False
9308,SIS,0.04899999871850014,10,0.03571583069912128,0.0004124209226574749,0.48233122200721074,False
4514,SIR,0.0024999999441206455,10,0.0037695720497672013,1.4402503438759595e-06,0.004077676191937367,False
7433,SIS,0.005859375,10,0.0509921972356842,0.00027205239166505635,0.11116118949071005,False
2682,SIR,0.0078125,10,0.051164928088131306,2.732921075221384e-06,0.010264698222245449,False
1605,SIR,0.009999999776482582,10,0.1251170085318668,0.00014584421296603978,0.08602822707610396,False
40,SIR,0.004999999888241291,10,0.044590221205772246,1.0612787946229219e-06,0.005449332583945875,False
3709,SIR,0.852191150188446,10,0.9666004745897651,0.0024070057552307844,0.8832245970156511,False
7031,SIS,0.0048828125,10,0.0048828125,1.881754542409908e-05,0.009576375372223557,False
5931,SIS,0.7670000195503235,10,0.2592842411289746,0.0006449253996834159,0.8595732348954352,False
419,SIR,0.010999999940395355,10,0.18807697943277357,4.7457474465772975e-06,0.07446087252488325,False
7851,SIS,0.544921875,10,0.03397424085265854,0.0004979075747542083,0.06519184852196849,False
3440,SIR,0.5578113198280334,10,0.5733639252449567,0.0002797144989017397,0.4682826355978616,False
9888,SIS,0.0024999999441206455,10,0.0024999999441206455,1.7829783018896705e-06,0.0067729043615487325,False
7570,SIS,0.0048828125,10,0.0048828125,2.6076995709445328e-05,0.007322763498474308,False
11,SIR,0.006000000052154064,10,0.05690381545353378,1.131779640672903e-06,0.005449332583945875,False
7364,SIS,0.0048828125,10,0.0048828125,3.367840690771118e-06,0.015042326952458652,False
2007,SIR,0.0048828125,10,0.06594576169529638,9.994143965741387e-07,0.005449332583945875,False
8764,SIS,0.7853429317474365,10,0.5315216858839255,0.005147429183125496,0.8677798607764607,False
5371,SIS,0.004999999888241291,10,0.004999999888241291,2.13508556043962e-05,0.01731770949291001,False
3582,SIR,0.7883139252662659,10,0.9922788526370995,0.0005323668010532856,0.7181720920368734,False
6462,SIS,0.004999999888241291,10,0.004999999888241291,3.0242796128732152e-05,0.0326946648471586,False
3099,SIR,0.001733102253638208,10,0.0030226817015525423,2.041038442257559e-06,0.0046107956920612815,False
3883,SIR,0.9636048674583435,10,0.9989283888210458,0.004107067361474037,0.9264234947469949,False
8793,SIS,0.7841050028800964,10,0.5135890497958177,0.004642277490347624,0.8616390087107466,False
1619,SIR,0.012000000104308128,10,0.17768454654455784,8.084982982836664e-05,0.08605147251570233,False
6736,SIS,0.0949999988079071,10,0.07200546730024092,0.0002007048315135762,0.23684188919832136,False
3884,SIR,0.9782124161720276,10,0.9934680113297996,0.002962010446935892,0.8947709325975259,False
3391,SIR,0.4359990060329437,10,0.9917741417438227,0.00040098855970427394,0.5397642704136969,False
5011,SIS,0.004999999888241291,10,0.004999999888241291,7.464265945600346e-05,0.058871562380844525,False
7812,SIS,0.2197265625,10,0.14434518000642207,0.00033940142020583153,0.0628746239512189,False
2612,SIR,0.0048828125,10,0.04354736874975224,1.0709509297157638e-06,0.005449332583945875,False
9019,SIS,0.0024999999441206455,10,0.0024999999441206455,3.120366818620823e-05,0.03231802504823349,False
1165,SIR,0.004999999888241291,10,0.06749643542999019,9.910384051181609e-07,0.005449332583945875,False
7645,SIS,0.0078125,10,0.051796069515268925,0.00020344366203062236,0.05442327910529599,False
6129,SIS,0.004999999888241291,10,0.004999999888241291,1.2013554623990785e-05,0.006512746448735404,False
1645,SIR,0.020999999716877937,10,0.9812801802548075,0.000285269517917186,0.31582133984976524,False
1968,SIR,0.4309999942779541,10,0.44433151565981194,0.0010806878563016653,0.6903651929312178,False
3314,SIR,0.27333498001098633,10,0.46526055416265005,0.0004701250290963799,0.409624262562817,False
4787,SIR,0.5945000052452087,10,0.964693295218437,0.001687662210315466,0.698817868607463,False
2814,SIR,0.0400390625,10,0.00585108124124326,0.0002195217675762251,0.12074772975191407,False
5464,SIS,0.006000000052154064,10,0.004999999888241291,0.00012805640290025622,0.06248323076750976,False
2959,SIR,0.478515625,10,0.9887936815123366,0.0006231180159375072,0.26890878956592107,False
1077,SIR,0.004999999888241291,10,0.06749643542999019,9.910384051181609e-07,0.005449332583945875,False
8556,SIS,0.6169844269752502,10,0.28741765212633935,0.0019873902201652527,0.8206476574518107,False
3777,SIR,0.8771973252296448,10,0.9903124008197578,0.0023653057869523764,0.8747158226905949,False
9323,SIS,0.0024999999441206455,10,0.0024999999441206455,4.0162190998671576e-05,0.03593819659296763,False
710,SIR,0.4320000112056732,10,0.2724347427080616,0.0006255836924538016,0.5850001039309424,False
9146,SIS,0.0024999999441206455,10,0.0024999999441206455,1.9423123376327567e-06,0.005041995384017208,False
8747,SIS,0.7558801770210266,10,0.9820271082923491,0.0011046992149204016,0.7972201694948485,False
745,SIR,0.5609999895095825,10,0.9431264552608684,0.00048027888988144696,0.34694850197646315,False
9790,SIS,0.4544999897480011,10,0.27377768606727054,0.005802267696708441,0.865960140057509,False
6984,SIS,0.7639999985694885,10,0.10955028791491889,0.0005008017760701478,0.7484499359049582,False
4102,SIR,0.007499999832361937,10,0.07227307178689338,5.5268548749154434e-05,0.18403252628439953,False
4493,SIR,0.04050000011920929,10,0.3128573105332571,0.00021074355754535645,0.35133077946797014,False
9964,SIS,0.6784999966621399,10,0.595433686362422,0.0010297136614099145,0.7894235678469779,False
7462,SIS,0.0048828125,10,0.0048828125,4.301778244553134e-05,0.02019783661508634,False
600,SIR,0.041999999433755875,10,0.20936681202890936,0.00038807871169410646,0.4041413927806364,False
1858,SIR,0.164000004529953,10,0.34121897276916546,0.0005027441075071692,0.44246999200533244,False
9382,SIS,0.0024999999441206455,10,0.0024999999441206455,1.8013573935604654e-05,0.030785344843570116,False
1355,SIR,0.007000000216066837,10,0.09590908333108077,1.9008396066055866e-06,0.006123929822641014,False
9982,SIS,0.6819999814033508,10,0.5886638773929003,0.0007785481284372509,0.7198832332217896,False
98,SIR,0.004999999888241291,10,0.050430052259810954,1.1053596153942635e-06,0.005449332583945875,False
9361,SIS,0.0024999999441206455,10,0.0024999999441206455,1.4743105793968425e-06,0.004852108018971618,False
1571,SIR,0.013000000268220901,10,0.09595609361993229,7.202738925116137e-05,0.11135901148895712,False
9858,SIS,0.5745000243186951,10,0.42792958067523523,0.0016530888387933373,0.6738862622663939,False
3538,SIR,0.6157464981079102,10,0.8214691148271468,0.0007134763873182237,0.6723773232560367,False
2712,SIR,0.0107421875,10,0.1513651070250901,4.82084033137653e-05,0.020697844127035243,False
5430,SIS,0.006000000052154064,10,0.004999999888241291,7.898778130766004e-05,0.11267422218810054,False
6083,SIS,0.004999999888241291,10,0.004999999888241291,1.6203195627895184e-05,0.017122908581380467,False
1248,SIR,0.006000000052154064,10,0.0740340843839073,1.2143229923822219e-06,0.005449332583945875,False
1540,SIR,0.007000000216066837,10,0.005596463016941437,2.1198011381784454e-06,0.006429536028309125,False
5598,SIS,0.006000000052154064,10,0.004999999888241291,2.0809267880395055e-05,0.02441418867966253,False
4218,SIR,0.003000000026077032,10,0.042383902601843305,1.4824795471213292e-06,0.005041995384017208,False
9566,SIS,0.22750000655651093,10,0.0024999999441206455,0.00011142589937662706,0.14231259123834802,False
8395,SIS,0.35974252223968506,10,0.1063145837706828,0.00034616186167113483,0.5572255852505978,False
5414,SIS,0.007000000216066837,10,0.004999999888241291,0.00014541082782670856,0.09204709991521191,False
1631,SIR,0.010999999940395355,10,0.005763031899455977,7.532825839007273e-05,0.07356765810362305,False
8506,SIS,0.5682099461555481,10,0.001237930147908628,0.00018633587751537561,0.2793743639913972,False
2393,SIR,0.0048828125,10,0.04354736874975224,1.0709509297157638e-06,0.005449332583945875,False
9527,SIS,0.17800000309944153,10,0.1237184814251414,0.0002719842013902962,0.3242032245617927,False
4351,SIR,0.028999999165534973,10,0.48334788001673296,0.00017174061213154346,0.3884697376811201,False
7994,SIS,0.7685546875,10,0.9534475767222773,0.0006253398605622351,0.7101348325610324,False
2375,SIR,0.0048828125,10,0.04354736874975224,1.0709509297157638e-06,0.005449332583945875,False
5903,SIS,0.7590000033378601,10,0.9704157549675075,0.0003623374504968524,0.8526486416032506,False
2556,SIR,0.015625,10,0.20159583597565697,0.0001211369235534221,0.025894155349180936,False
1139,SIR,0.004999999888241291,10,0.044590221205772246,1.0612787946229219e-06,0.005449332583945875,False
7390,SIS,0.0048828125,10,0.0048828125,1.18512516564806e-05,0.006512746448735404,False
5626,SIS,0.006000000052154064,10,0.004999999888241291,9.315374336438254e-05,0.03977852364200832,False
36,SIR,0.006000000052154064,10,0.07735919981783577,1.7340950080324546e-06,0.00968016690236489,False
4695,SIR,0.4555000066757202,10,0.8882120896414832,0.0008135883836075664,0.572596535482432,False
1379,SIR,0.007000000216066837,10,0.09009092402859568,1.7992927041632356e-06,0.014354719961618542,False
5071,SIS,0.004999999888241291,10,0.004999999888241291,1.0994954209309071e-05,0.006512746448735404,False
7589,SIS,0.005859375,10,0.0048828125,2.6902667741524056e-05,0.010371471496672018,False
6831,SIS,0.5659999847412109,10,0.05426987051938804,0.0002335113676963374,0.32468972664683127,False
3118,SIR,0.10497648268938065,10,0.98796818101349,0.00028762800502590835,0.314690424633403,False
2912,SIR,0.255859375,10,0.2476426458395353,0.0005787932896055281,0.06554244173911783,False
4146,SIR,0.0024999999441206455,10,0.033608142771814904,1.3830161833539023e-06,0.004267563556982959,False
1986,SIR,0.3070000112056732,10,0.4169458532716697,0.0009203338413499296,0.6042918229563129,False
8461,SIS,0.5045803189277649,10,0.31555873253854777,0.00042836274951696396,0.704304090180179,False
7962,SIS,0.7353515625,10,0.9064156158733041,0.0006319526000879705,0.2618854754296411,False
3272,SIR,0.19163158535957336,10,0.9905040958170676,0.00030939196585677564,0.3325144809959832,False
3293,SIR,0.11289922893047333,10,0.998974642487559,0.00040423902100883424,0.4297403061710781,False
7815,SIS,0.322265625,10,0.11960062530654511,0.000454373104730621,0.06841328696605202,False
4927,SIR,0.5475000143051147,10,0.9807645271394867,0.0009253791067749262,0.48806535982703864,False
4717,SIR,0.429500013589859,10,0.8520109435160896,0.0009969082893803716,0.4764306747988653,False
3507,SIR,0.6853181719779968,10,0.9917710009590236,0.00035156492958776653,0.5491273192286249,False
6140,SIS,0.004999999888241291,10,0.004999999888241291,2.087179382215254e-05,0.008207175633536444,False
7560,SIS,0.0048828125,10,0.0048828125,3.1229446904035285e-05,0.011413929888809966,False
3009,SIR,0.015597919933497906,10,0.0773811186611296,7.642290438525379e-05,0.17461952839946138,False
5865,SIS,0.7009999752044678,10,0.9482153179442042,0.0004536990018095821,0.7663276128032886,False
4879,SIR,0.6129999756813049,10,0.9808285621256323,0.0013961397344246507,0.6715171266536484,False
1823,SIR,0.11100000143051147,10,0.9897805522530523,0.0006396883982233703,0.5601356158678176,False
3421,SIR,0.5038375854492188,10,0.40995823382410523,0.00043006526539102197,0.47103886188141003,False
5545,SIS,0.004999999888241291,10,0.004999999888241291,2.1201803974690847e-05,0.03725938423155611,False
9808,SIS,0.503000020980835,10,0.7213204228694539,0.0037986489478498697,0.8172354844919669,False
7672,SIS,0.0068359375,10,0.0048828125,8.811021689325571e-05,0.013774669176895522,False
7987,SIS,0.7490234375,10,0.07299581148872128,0.0004611374461092055,0.7396163702420026,False
3156,SIR,0.001237930147908628,10,0.0015544972505146686,1.814600295801938e-06,0.004101350349922262,False
6397,SIS,0.004999999888241291,10,0.004999999888241291,1.5976345366652822e-06,0.005449332583945875,False
5553,SIS,0.004999999888241291,10,0.004999999888241291,1.2860358538091532e-06,0.005449332583945875,False
9608,SIS,0.27149999141693115,10,0.13886677952619064,0.000317895581247285,0.33155885252287237,False
9917,SIS,0.6299999952316284,10,0.512395771883291,0.001725832000374794,0.8702451623152183,False
673,SIR,0.3869999945163727,10,0.19721516932378655,0.00016591754683759063,0.3555298406371578,False
8289,SIS,0.001237930147908628,10,0.001237930147908628,1.83579038548487e-06,0.004101350349922262,False
5386,SIS,0.004999999888241291,10,0.004999999888241291,1.1101813470304478e-05,0.007745205458835688,False
5588,SIS,0.004999999888241291,10,0.004999999888241291,1.7448760445404332e-06,0.0110547828554524,False
7881,SIS,0.5439453125,10,0.035357587192733624,0.0004672750656027347,0.16073696047966224,False
2219,SIR,0.005859375,10,0.09269782975353891,1.4073432339500869e-06,0.006123929822641014,False
854,SIR,0.9079999923706055,10,0.8112571705407664,0.0006884413887746632,0.9006578111815046,False
1043,SIR,0.004999999888241291,10,0.06749643542999019,9.910384051181609e-07,0.005449332583945875,False
4869,SIR,0.5979999899864197,10,0.9664517322719722,0.0023593453224748373,0.6294144102236597,False
8269,SIS,0.22332260012626648,10,0.9676889877313991,0.0005815490731038153,0.624293929571319,False
455,SIR,0.004999999888241291,10,0.05690381545353378,1.131779640672903e-06,0.005449332583945875,False
4646,SIR,0.0024999999441206455,10,0.033608142771814904,1.3830161833539023e-06,0.004267563556982959,False
2490,SIR,0.0048828125,10,0.006231858723196455,1.2262303243915085e-06,0.005825704918158242,False
813,SIR,0.8009999990463257,10,0.5885918236128799,0.0005809330032207072,0.6847363418806244,False
2324,SIR,0.005859375,10,0.11438587005712461,1.3835003755957587e-06,0.006123929822641014,False
4876,SIR,0.5325000286102295,10,0.9546743745473004,0.0007803719490766525,0.4962754672793519,False
3713,SIR,0.8289180397987366,10,0.9664336918394957,0.0021945866756141186,0.8898991903304521,False
9296,SIS,0.0024999999441206455,10,0.0024999999441206455,2.4138587832567282e-05,0.011149875690890595,False
5680,SIS,0.25099998712539673,10,0.029633038490410907,0.00015383792924694717,0.1682252221920247,False
7741,SIS,0.0078125,10,0.1644197774427981,0.0003255013143643737,0.020753297803734576,False
1848,SIR,0.14499999582767487,10,0.30339838003781505,0.000339764665113762,0.24920087315988912,False
24,SIR,0.004999999888241291,10,0.06749643542999019,9.910384051181609e-07,0.005449332583945875,False
8371,SIS,0.3656845688819885,10,0.7369545342202224,0.00039806487620808184,0.29651950697018764,False
1733,SIR,0.032999999821186066,10,0.006216485601078007,0.0004696336982306093,0.5319598587428218,False
9231,SIS,0.0024999999441206455,10,0.0024999999441206455,1.6421621694462374e-05,0.01036155651372383,False
364,SIR,0.004999999888241291,10,0.06749643542999019,9.910384051181609e-07,0.005449332583945875,False
7230,SIS,0.0048828125,10,0.0048828125,1.753356627887115e-05,0.008646387788140504,False
4934,SIR,0.9679999947547913,10,0.9962347805050563,0.001861616619862616,0.7897508116001295,False
7472,SIS,0.0048828125,10,0.0048828125,1.082048584066797e-06,0.005449332583945875,False
66,SIR,0.004999999888241291,10,0.06749643542999019,9.910384051181609e-07,0.005449332583945875,False
3016,SIR,0.009408269077539444,10,0.09464862027268657,0.00021061259030830115,0.21124400266679152,False
2935,SIR,0.0419921875,10,0.8685123550798501,0.00029437532066367567,0.16645689155076324,False
8086,SIS,0.001237930147908628,10,0.001237930147908628,6.536806904477999e-05,0.1295436824591344,False
6577,SIS,0.008999999612569809,10,0.00888670892373173,0.0004163829144090414,0.16591789555665343,False
2790,SIR,0.013671875,10,0.042150116035154464,0.00014719970931764692,0.05512848247295197,False
3356,SIR,0.34315425157546997,10,0.7768641102596716,0.00037461609463207424,0.554014655884219,False
1169,SIR,0.004999999888241291,10,0.06749643542999019,9.910384051181609e-07,0.005449332583945875,False
8756,SIS,0.7858380675315857,10,0.46864188978256505,0.003469989635050297,0.87335407975068,False
3054,SIR,0.001485516200773418,10,0.0028568996546935875,1.831813619901368e-06,0.004288794890004382,False
9559,SIS,0.0024999999441206455,10,0.0024999999441206455,1.623845128051471e-05,0.012443091722696094,False
7977,SIS,0.751953125,10,0.05973955590777926,0.0003665752010419965,0.637559338891027,False
9263,SIS,0.0024999999441206455,10,0.0024999999441206455,1.739799927236163e-06,0.0074391935048658065,False
5452,SIS,0.006000000052154064,10,0.004999999888241291,0.0001304053294006735,0.06398197759002876,False
5757,SIS,0.5400000214576721,10,0.0834233464715894,0.00027676255558617413,0.3002545263554143,False
1544,SIR,0.00800000037997961,10,0.11239514407871742,3.709587190314778e-06,0.03837782599757846,False
3079,SIR,0.002475860295817256,10,0.04400200137951334,2.1850975826964714e-05,0.05180288003064321,False
895,SIR,0.878000020980835,10,0.9918684369946359,0.0005265548825263977,0.7331662319058718,False
7525,SIS,0.005859375,10,0.018492470825573315,0.0002953172952402383,0.11604639158510352,False
8899,SIS,0.8328794240951538,10,0.6344071075397575,0.0017973737558349967,0.8357691274757321,False
3700,SIR,0.8952711224555969,10,0.9549221542507231,0.002831818535923958,0.8765815313064483,False
7733,SIS,0.0087890625,10,0.11619933241084623,0.0001617347588762641,0.06229497424927731,False
7284,SIS,0.0048828125,10,0.0048828125,4.2368330468889326e-05,0.02000794925004075,False
2616,SIR,0.015625,10,0.15916794321742386,0.00012031922960886732,0.047105963892897146,False
9416,SIS,0.0024999999441206455,10,0.0024999999441206455,3.034569999726955e-05,0.024297160195935072,False
127,SIR,0.004999999888241291,10,0.044590221205772246,1.0612787946229219e-06,0.005449332583945875,False
4960,SIR,0.7839999794960022,10,0.9996903464608342,0.0016120248474180698,0.7559612144959631,False
8159,SIS,0.10398613661527634,10,0.13122713614577378,9.349476749775931e-05,0.12040236202855187,False
6161,SIS,0.004999999888241291,10,0.004999999888241291,3.5825818486046046e-05,0.029005559866747153,False
1523,SIR,0.014999999664723873,10,0.1607782167440758,7.280259887920693e-05,0.05854566363298409,False
1776,SIR,0.006000000052154064,10,0.06056314130678932,1.1131476185255451e-06,0.005449332583945875,False
7657,SIS,0.0068359375,10,0.0048828125,7.644258585060015e-05,0.027179836122510993,False
4713,SIR,0.5379999876022339,10,0.8794167569008466,0.001704757334664464,0.6466676087722775,False
9659,SIS,0.3334999978542328,10,0.21197020542063055,0.0015156932640820742,0.6992376936842448,False
7950,SIS,0.751953125,10,0.1028034314926579,0.0005306397215463221,0.7584193011108025,False
8663,SIS,0.7145333290100098,10,0.3728532677399717,0.0034728466998785734,0.8548053476706663,False
8440,SIS,0.4362466037273407,10,0.18595456590386955,0.0003234996984247118,0.5537579767858507,False
7547,SIS,0.0068359375,10,0.005805924171257193,4.2552488594083115e-05,-0.025396412833330714,False
5935,SIS,0.7580000162124634,10,0.9767253249510589,0.0009969656821340322,0.8075892605365645,False
1574,SIR,0.009999999776482582,10,0.11166126466634353,0.00012272910680621862,0.11335245178910903,False
6951,SIS,0.7739999890327454,10,0.08468145403581766,0.0002493955835234374,0.5585367836826834,False
7764,SIS,0.0283203125,10,0.04135057066012448,0.00018050377548206598,0.10109922533591718,False
6356,SIS,0.004999999888241291,10,0.004999999888241291,1.1711762454069685e-05,0.006512746448735404,False
9155,SIS,0.0024999999441206455,10,0.0024999999441206455,1.7704462152323686e-05,0.01036155651372383,False
3468,SIR,0.19163158535957336,10,0.4194144847928347,0.0003776944358833134,0.370515590526928,False
6047,SIS,0.004999999888241291,10,0.004999999888241291,2.2754815290682018e-05,0.009770213992154818,False
3359,SIR,0.27754393219947815,10,0.03778856178411454,2.8473728889366612e-05,0.0854736006674008,False
5929,SIS,0.7699999809265137,10,0.7026425221218516,0.0004572335456032306,0.8398418100397418,False
5698,SIS,0.2529999911785126,10,0.03578201857286896,0.00036005451693199575,0.3971782167131513,False
5819,SIS,0.6330000162124634,10,0.9038525177899179,0.0013029886176809669,0.532107026196383,False
4992,SIR,0.9045000076293945,10,0.9992217845692235,0.002357716206461191,0.8426717184037712,False
3632,SIR,0.7947511672973633,10,0.9012961815601449,0.0017748295795172453,0.8267593090086831,False
8609,SIS,0.6736816167831421,10,0.17224939455691188,0.0005822572857141495,0.7024714103486283,False
5946,SIS,0.7739999890327454,10,0.9756059245310635,0.0006254966137930751,0.8499756438599628,False
3598,SIR,0.7435008883476257,10,0.6945216914294958,0.0004364564665593207,0.7791943863177317,False
5268,SIS,0.004999999888241291,10,0.004999999888241291,1.2145453638368053e-06,0.005825704918158242,False
4061,SIR,0.0024999999441206455,10,0.033608142771814904,1.3830161833539023e-06,0.004267563556982959,False
7640,SIS,0.0048828125,10,0.0048828125,9.679625509306788e-05,0.024544970683737555,False
6049,SIS,0.004999999888241291,10,0.004999999888241291,1.3103118362778332e-05,0.01486809742130883,False
4919,SIR,0.7110000252723694,10,0.99741122820227,0.0018865768797695637,0.7090391894063576,False
7381,SIS,0.0048828125,10,0.0048828125,1.344644374512427e-06,0.005825704918158242,False
7580,SIS,0.0048828125,10,0.0048828125,1.3665446203958709e-05,0.006136374114523035,False
1492,SIR,0.008999999612569809,10,0.12925930364489605,3.3633955354162026e-06,0.01879521821298914,False
4531,SIR,0.0024999999441206455,10,0.031015031799885216,1.5785457208039588e-06,0.005881274147158341,False
8534,SIS,0.5597920417785645,10,0.9799372854492765,0.0005153261008672416,0.7061257730850937,False
7897,SIS,0.5498046875,10,0.9020070538990985,0.0006896838312968612,0.23047599465643606,False
6751,SIS,0.38499999046325684,10,0.06366257512741456,0.0006182235665619373,0.6316530543557874,False
3401,SIR,0.3857390582561493,10,0.5031186062827835,0.00025029960670508444,0.4432230572995897,False
2116,SIR,0.0048828125,10,0.006231858723196455,1.2262303243915085e-06,0.005825704918158242,False
4426,SIR,0.11299999803304672,10,0.39716680118299297,0.00013525613758247346,0.2702545648421604,False
6357,SIS,0.004999999888241291,10,0.004999999888241291,2.747192957031075e-05,0.020485606273416834,False
4134,SIR,0.003000000026077032,10,0.046837460109166916,2.348709358557244e-06,0.014103807814338265,False
9307,SIS,0.0024999999441206455,10,0.0024999999441206455,2.7111464078188874e-05,0.02824936650759577,False
8617,SIS,0.6751671433448792,10,0.32792995667765373,0.0019848986994475126,0.8690832050731663,False
6632,SIS,0.004999999888241291,10,0.004999999888241291,1.7378913980792277e-05,0.006471549722590695,False
4706,SIR,0.4165000021457672,10,0.8739064084784923,0.0010165272979065776,0.6264725305932071,False
9623,SIS,0.2759999930858612,10,0.0024999999441206455,1.8575825379230082e-05,0.024972590359177125,False
3611,SIR,0.7095815539360046,10,0.894589269585303,0.001614159788005054,0.7716763974550305,False
6264,SIS,0.004999999888241291,10,0.004999999888241291,1.4099699001235422e-05,0.015512235164282077,False
4007,SIR,0.0024999999441206455,10,0.033608142771814904,1.3830161833539023e-06,0.004267563556982959,False
6158,SIS,0.004999999888241291,10,0.004999999888241291,1.7478756490163505e-05,0.008646387788140504,False
2703,SIR,0.017578125,10,0.17433808074074814,0.00011881120008183643,0.040456792163491684,False
3383,SIR,0.3503342270851135,10,0.9942634492522339,0.0003412016958463937,0.4232093912921907,False
1981,SIR,0.36899998784065247,10,0.455428685744787,0.0006422321312129498,0.5950759940697494,False
5904,SIS,0.7680000066757202,10,0.9773903298790861,0.0007750283693894744,0.8671953637891273,False
6211,SIS,0.004999999888241291,10,0.004999999888241291,1.6203195627895184e-05,0.017122908581380467,False
9330,SIS,0.0024999999441206455,10,0.0024999999441206455,2.1717912659369176e-06,0.012976076773011755,False
7712,SIS,0.005859375,10,0.0048828125,4.373324554762803e-05,0.0056078000285650475,False
2198,SIR,0.0048828125,10,0.006231858723196455,1.2262303243915085e-06,0.005825704918158242,False
2969,SIR,0.45703125,10,0.14210021169736312,0.00018614658620208502,0.09301881588243317,False
1217,SIR,0.007000000216066837,10,0.06326339291040814,1.1985046057816362e-06,0.008749269690112018,False
1319,SIR,0.008999999612569809,10,0.052769645125121944,3.64302504749503e-05,0.05304577547060857,False
6640,SIS,0.027000000700354576,10,0.05658695611789821,0.0002225548669230193,0.3710151727571672,False
9720,SIS,0.3840000033378601,10,0.24048206268415684,0.0031603453680872917,0.8107934080692107,False
4586,SIR,0.10499999672174454,10,0.4294094675833134,0.00039281431236304343,0.2347148951608009,False
7466,SIS,0.0048828125,10,0.0048828125,2.839414264599327e-05,0.009523561294114875,False
8332,SIS,0.001237930147908628,10,0.001237930147908628,5.2729054004885256e-05,0.07404861784241454,False
467,SIR,0.006000000052154064,10,0.09382124735838607,1.4087303270571283e-06,0.008749269690112018,False
1603,SIR,0.014000000432133675,10,0.11691456262154604,6.852910883026198e-05,0.06841918899250028,False
3004,SIR,0.001237930147908628,10,0.0018176754343077943,1.6750043414504034e-06,0.004101350349922262,False
5391,SIS,0.004999999888241291,10,0.004999999888241291,2.4853727154550143e-05,0.007039436259238523,False
4744,SIR,0.34549999237060547,10,0.9916534977623263,0.0013589684385806322,0.6303408423750624,False
7170,SIS,0.0048828125,10,0.0048828125,3.812611612374894e-05,0.019381715460502734,False
2641,SIR,0.0048828125,10,0.03296438035767405,1.252013248631556e-06,0.005825704918158242,False
1622,SIR,0.02800000086426735,10,0.22702463603335307,0.00033001016709022224,0.38090843638184113,False
2296,SIR,0.0048828125,10,0.06594576169529638,9.994143965741387e-07,0.005449332583945875,False
3715,SIR,0.89626145362854,10,0.977718403478442,0.002089765388518572,0.8658838644552342,False
2930,SIR,0.521484375,10,0.5150205805564982,0.0007973682950250804,0.4794757719277519,False
7549,SIS,0.0048828125,10,0.0048828125,1.920553586387541e-06,0.0014464204821237313,False
3561,SIR,0.7477098107337952,10,0.8926231231135755,0.0009277893113903701,0.7907186538468092,False
6511,SIS,0.004999999888241291,10,0.004999999888241291,1.2250416148162913e-05,0.006136374114523035,False
8158,SIS,0.001485516200773418,10,0.001237930147908628,2.119594137184322e-05,0.025406000726274157,False
5731,SIS,0.004999999888241291,10,0.004999999888241291,0.00011268052185187116,0.05834287832112155,False
9621,SIS,0.27300000190734863,10,0.39117445421119384,0.00047716154949739575,0.43855448544097414,False
8195,SIS,0.001237930147908628,10,0.001237930147908628,1.9825333765766118e-06,0.004101350349922262,False
6411,SIS,0.006000000052154064,10,0.004999999888241291,3.923722397303209e-05,0.0308293204281701,False
3913,SIR,0.9601386189460754,10,0.999982644668312,0.00404928857460618,0.9739223504807681,False
6902,SIS,0.7229999899864197,10,0.07709093285836204,0.00045186252100393176,0.544109734116672,False
3951,SIR,0.9804406762123108,10,0.9997168962912786,0.003945678472518921,0.9608246910877355,False
7528,SIS,0.0048828125,10,0.0048828125,1.6478332327096723e-05,0.005697161959918977,False
2563,SIR,0.0048828125,10,0.06594576169529638,9.994143965741387e-07,0.005449332583945875,False
6102,SIS,0.004999999888241291,10,0.004999999888241291,1.3103118362778332e-05,0.01486809742130883,False
3033,SIR,0.002971032401546836,10,0.0595340779534553,4.26751357736066e-05,0.07111841479007404,False
3642,SIR,0.7848477363586426,10,0.8010033241762224,0.0007040157215669751,0.746957482799432,False
3324,SIR,0.08937855809926987,10,0.16379391932662382,0.0004019976477138698,0.30289217287481895,False
6505,SIS,0.004999999888241291,10,0.004999999888241291,5.5535303545184433e-05,0.03325658635756206,False
2560,SIR,0.0078125,10,0.07845947720091637,1.6320809663739055e-06,0.006123929822641014,False
6975,SIS,0.7710000276565552,10,0.10272408653021749,0.00030256930040195584,0.6502091917409384,False
7713,SIS,0.01171875,10,0.0048828125,6.271797610679641e-05,0.027590434770803054,False
9500,SIS,0.1745000034570694,10,0.09711051448331116,0.00025934362201951444,0.2605776551988795,False
5722,SIS,0.4020000100135803,10,0.044631806536943076,0.0006291844765655696,0.7807248394548362,False
956,SIR,0.9449999928474426,10,0.9905070856426239,0.0014282491756603122,0.8677197632178341,False
5273,SIS,0.004999999888241291,10,0.004999999888241291,4.23028068325948e-05,0.02019783661508634,False
9160,SIS,0.0024999999441206455,10,0.0024999999441206455,1.989180236705579e-05,0.04848619577638201,False
3597,SIR,0.7365684509277344,10,0.8516808119660652,0.0008658684091642499,0.7579635339535787,False
6131,SIS,0.004999999888241291,10,0.004999999888241291,2.580740556368255e-06,0.011416674341990762,False
1599,SIR,0.007000000216066837,10,0.12344721741842722,3.089514848397812e-06,0.021537829438613054,False
9947,SIS,0.6334999799728394,10,0.5373353279982982,0.0016248270403593779,0.7077147078258433,False
5977,SIS,0.8119999766349792,10,0.6289221826478782,0.00505429320037365,0.9065408724169408,False
1802,SIR,0.11100000143051147,10,0.9892333165955333,0.0005827769637107849,0.5171562324266713,False
2568,SIR,0.0068359375,10,0.10047356833272486,2.5476617793174228e-06,0.0005043295908600278,False
716,SIR,0.6129999756813049,10,0.3801955397050094,0.0004948027199134231,0.5651056638994018,False
8618,SIS,0.6709581613540649,10,0.18872785582514184,0.0007905930397100747,0.7154630886230982,False
2786,SIR,0.013671875,10,0.006487194485820678,0.00016643696289975196,0.0839921223237059,False
1790,SIR,0.09700000286102295,10,0.9893146645994354,0.00042302857036702335,0.5683854593956373,False
6719,SIS,0.0989999994635582,10,0.4830216480447065,0.00043186653056181967,0.4190055462417124,False
6874,SIS,0.6539999842643738,10,0.7011924760002243,0.0005536607932299376,0.577754366346822,False
5270,SIS,0.004999999888241291,10,0.004999999888241291,4.228671241435222e-05,0.021772788259685653,False
9407,SIS,0.0024999999441206455,10,0.0024999999441206455,3.001308868988417e-05,0.02998499241854154,False
9667,SIS,0.3345000147819519,10,0.18720509078147315,0.0008047965820878744,0.35166028291881385,False
717,SIR,0.47999998927116394,10,0.23346611425508318,0.0002473915519658476,0.2889363535249563,False
8178,SIS,0.10472889244556427,10,0.10620399563992718,0.00041413999861106277,0.2921242586668861,False
2621,SIR,0.0087890625,10,0.005188203368584402,3.175666643073782e-05,0.013850434683046689,False
7432,SIS,0.0048828125,10,0.0048828125,1.0783055586216506e-05,0.0067065850686666645,False
6722,SIS,0.0860000029206276,10,0.10321341712483614,0.0003587997052818537,0.4414677236911196,False
8367,SIS,0.3547907769680023,10,0.9716497577833897,0.00044030920253135264,0.48833646957334137,False
3706,SIR,0.8398118615150452,10,0.8314364951406378,0.0005910342442803085,0.7540258058655724,False
7296,SIS,0.0048828125,10,0.0048828125,4.978166543878615e-05,0.023359085265668055,False
1975,SIR,0.6579999923706055,10,0.5491599649455605,0.00018835137598216534,0.42255005144577423,False
9196,SIS,0.0024999999441206455,10,0.0024999999441206455,3.067044235649519e-05,0.030143186982683676,False
9437,SIS,0.0989999994635582,10,0.9425003038987472,0.00023335691366810352,0.31162142563151635,False
2976,SIR,0.8212890625,10,0.24003714649801078,0.0008585376781411469,0.08826273392055467,False
1700,SIR,0.04899999871850014,10,0.05513286244794879,0.0002774621534626931,0.26106014617335943,False
4953,SIR,0.9980000257492065,10,0.9997767699541642,0.0021991701796650887,0.8273330698036266,False
4427,SIR,0.006000000052154064,10,0.12893779943172382,7.321475277421996e-05,0.25606116749021457,False
7925,SIS,0.68359375,10,0.04768533428774364,0.0005068931495770812,0.3853948615017764,False
6686,SIS,0.010999999940395355,10,0.05504166800926628,0.0002371782757109031,0.24136113578054766,False
8982,SIS,0.8596187233924866,10,0.7835916902375087,0.002386100124567747,0.8820798851746137,False
3149,SIR,0.001237930147908628,10,0.002390108239833409,1.6264623354800278e-06,0.004288794890004382,False
9030,SIS,0.0024999999441206455,10,0.0024999999441206455,1.6508753105881624e-05,0.013760525776498358,False
4908,SIR,0.7170000076293945,10,0.996777595034252,0.0017962834099307656,0.7370261216421224,False
4379,SIR,0.003000000026077032,10,0.03992993804719779,1.7223304666913464e-06,0.005041995384017208,False
3701,SIR,0.8816538453102112,10,0.9268717990934542,0.0035586990416049957,0.8683077690963494,False
6375,SIS,0.004999999888241291,10,0.004999999888241291,1.3956208931631409e-05,0.006136374114523035,False
2151,SIR,0.005859375,10,0.0963861705487926,1.5584359971398953e-06,0.006123929822641014,False
4852,SIR,0.7850000262260437,10,0.9937220045472657,0.0016737680416554213,0.7281579136871887,False
2800,SIR,0.0234375,10,0.17285635819119866,0.0002632586401887238,0.2917612848271703,False
3042,SIR,0.003466204507276416,10,0.005025463902000991,3.157273749820888e-05,0.056114924494679086,False
7606,SIS,0.0048828125,10,0.0048828125,1.079622597899288e-05,0.006512746448735404,False
2017,SIR,0.0048828125,10,0.0492363939880594,1.1152504839628818e-06,0.005449332583945875,False
3640,SIR,0.7959890961647034,10,0.9002660450451955,0.0012800181284546852,0.7186355298544537,False
1868,SIR,0.16899999976158142,10,0.22158792089185714,0.0001847775129135698,0.42898018551590805,False
6539,SIS,0.004999999888241291,10,0.004999999888241291,3.968685268773697e-05,0.021381179930560133,False
6478,SIS,0.004999999888241291,10,0.004999999888241291,1.3309497717273189e-06,0.005825704918158242,False
119,SIR,0.004999999888241291,10,0.044590221205772246,1.0612787946229219e-06,0.005449332583945875,False
9279,SIS,0.0024999999441206455,10,0.0024999999441206455,2.1540292891586432e-06,0.0067729043615487325,False
5918,SIS,0.7599999904632568,10,0.9731213238033238,0.000645054504275322,0.822231980602289,False
6876,SIS,0.6480000019073486,10,0.06917360350592293,0.00016259092080872506,0.2859838523722722,False
8138,SIS,0.001237930147908628,10,0.001237930147908628,1.6282956494251266e-05,0.01560874829336794,False
1939,SIR,0.2770000100135803,10,0.5431183476739445,0.0004005320370197296,0.5378237810233761,False
2608,SIR,0.0048828125,10,0.04354736874975224,1.0709509297157638e-06,0.005449332583945875,False
9866,SIS,0.5715000033378601,10,0.4250532408828382,0.0008560466230846941,0.6363477354831709,False
3489,SIR,0.6655112504959106,10,0.004841975229298716,8.071678166743368e-05,0.1585210999359468,False
2538,SIR,0.0126953125,10,0.17032013756852246,2.0137642422923818e-05,0.022439351229865085,False
7845,SIS,0.3271484375,10,0.0048828125,0.0001139454689109698,0.04064104873883792,False
5548,SIS,0.010999999940395355,10,0.007792115068740544,0.0003688427386805415,0.20554668940486384,False
215,SIR,0.004999999888241291,10,0.0627050950641575,1.1594513580348575e-06,0.005449332583945875,False
7186,SIS,0.0048828125,10,0.0048828125,1.722419256111607e-06,0.005449332583945875,False
9159,SIS,0.0024999999441206455,10,0.0024999999441206455,6.451273657148704e-05,0.18005267311864995,False
1463,SIR,0.006000000052154064,10,0.06991828556941143,1.2415226819939562e-06,0.015155823602760967,False
1384,SIR,0.008999999612569809,10,0.008541862106106652,8.33584854262881e-05,0.07907883733193824,False
4168,SIR,0.0024999999441206455,10,0.02478117339848555,1.4933575585018843e-06,0.005041995384017208,False
6077,SIS,0.004999999888241291,10,0.004999999888241291,2.9069713036733447e-06,0.03501807129517936,False
8197,SIS,0.003713790560141206,10,0.3765073039400345,0.0005080472910776734,0.3679669416891881,False
9298,SIS,0.0024999999441206455,10,0.0024999999441206455,5.097108441987075e-05,0.050439786123303465,False
3246,SIR,0.0901213139295578,10,0.16466064535734382,0.0004239467962179333,0.33486950093408646,False
8957,SIS,0.8568952679634094,10,0.7467575625730404,0.005009428597986698,0.8607266922843061,False
6754,SIS,0.36399999260902405,10,0.004999999888241291,4.768333019455895e-05,0.048121163187577594,False
9665,SIS,0.328000009059906,10,0.2184078783301309,0.0009012229857034981,0.5626893454197074,False
3637,SIR,0.7947511672973633,10,0.8128795646320821,0.0005774755263701081,0.7223110035602104,False
2419,SIR,0.0068359375,10,0.08357956119134881,1.4828175380898756e-06,0.006123929822641014,False
6436,SIS,0.004999999888241291,10,0.004999999888241291,1.4456114513450302e-05,0.006512746448735404,False
1810,SIR,0.07000000029802322,10,0.4198167625130711,0.000815894512925297,0.6699406587066223,False
4982,SIR,0.9815000295639038,10,0.9995194685164193,0.0028642944525927305,0.8426717184037712,False
6184,SIS,0.004999999888241291,10,0.004999999888241291,1.2806841368728783e-05,0.006136374114523035,False
4481,SIR,0.10999999940395355,10,0.056799627478595495,0.000511025486048311,0.37784774164456386,False
94,SIR,0.004999999888241291,10,0.06749643542999019,9.910384051181609e-07,0.005449332583945875,False
9877,SIS,0.5669999718666077,10,0.42410266183907797,0.0008400916703976691,0.6175693367622235,False
4305,SIR,0.003000000026077032,10,0.03033647517390219,1.4811696473771008e-06,0.00569138678211275,False
2291,SIR,0.0068359375,10,0.025735851792917222,1.6009594219212886e-06,0.0038411215577003528,False
3171,SIR,0.050259966403245926,10,0.16210190541827327,0.0003931353858206421,0.2981737011195121,False
3327,SIR,0.12602129578590393,10,0.37590759763750675,0.0004105627303943038,0.46474505847679104,False
7662,SIS,0.009765625,10,0.0048828125,5.296965173329227e-05,0.021946642233575564,False
9506,SIS,0.18000000715255737,10,0.08177162403117985,0.0003564785292837769,0.46787900740513855,False
6821,SIS,0.5350000262260437,10,0.057921028055118055,0.0006922836764715612,0.6239095006212898,False
4642,SIR,0.14800000190734863,10,0.39935132331159745,0.00036832320620305836,0.3210876511244627,False
4795,SIR,0.5295000076293945,10,0.9710758162836877,0.0024626944214105606,0.7776947015511425,False
4039,SIR,0.0024999999441206455,10,0.02478117339848555,1.4933575585018843e-06,0.005041995384017208,False
8966,SIS,0.8588759303092957,10,0.6493411965848329,0.0074018933810293674,0.89252667382755,False
7710,SIS,0.0048828125,10,0.0048828125,2.485159166099038e-05,0.008081952396358635,False
984,SIR,0.9710000157356262,10,0.999988165048417,0.0009755149367265403,0.8612682664382885,False
3390,SIR,0.3151770234107971,10,0.41344454262488284,0.00033684648224152625,0.3952415005499996,False
5684,SIS,0.20499999821186066,10,0.004999999888241291,0.0005475951475091279,0.3067728318729741,False
4341,SIR,0.010999999940395355,10,0.9859995032933854,0.00031968994881026447,0.14277814392403024,False
9753,SIS,0.445499986410141,10,0.29658152765584167,0.005727389361709356,0.8858334581483613,False
8624,SIS,0.670462965965271,10,0.16443578515916174,0.0005057488451711833,0.7001004620136961,False
5383,SIS,0.004999999888241291,10,0.004999999888241291,1.1136998182337265e-05,0.006136374114523035,False
1303,SIR,0.004999999888241291,10,0.05690381545353378,1.131779640672903e-06,0.005449332583945875,False
4122,SIR,0.0024999999441206455,10,0.033608142771814904,1.3830161833539023e-06,0.004267563556982959,False
9803,SIS,0.5090000033378601,10,0.34628768015774447,0.001189013826660812,0.7485854213138365,False
6378,SIS,0.004999999888241291,10,0.004999999888241291,1.971496021724306e-05,0.008646387788140504,False
3302,SIR,0.003713790560141206,10,0.006295189437757604,6.776158988941461e-05,0.1820625479520511,False
2599,SIR,0.005859375,10,0.09269782975353891,1.4073432339500869e-06,0.006123929822641014,False
3472,SIR,0.6523892283439636,10,0.6292522177464626,0.00035775318974629045,0.5170865438787832,False
5926,SIS,0.7699999809265137,10,0.4023658977197128,0.0014695982681587338,0.8875713393853268,False
1199,SIR,0.006000000052154064,10,0.08102545149473073,1.1950851330766454e-06,0.005449332583945875,False
3989,SIR,0.9742510318756104,10,0.9999541263727272,0.0038337616715580225,0.9439737287365322,False
2914,SIR,0.017578125,10,0.7830981706631652,0.0005758184124715626,0.08077405571596351,False
2261,SIR,0.0078125,10,0.07048926056584351,2.0546078303596005e-05,0.005257494313799956,False
1065,SIR,0.004999999888241291,10,0.044590221205772246,1.0612787946229219e-06,0.005449332583945875,False
6273,SIS,0.004999999888241291,10,0.004999999888241291,2.0193336240481585e-05,0.006665388342521956,False
1318,SIR,0.00800000037997961,10,0.12928945075908377,1.7433657149013015e-06,0.005449332583945875,False
645,SIR,0.020999999716877937,10,0.12682929438580656,4.464031371753663e-05,0.03536854594329489,False
1250,SIR,0.004999999888241291,10,0.06749643542999019,9.910384051181609e-07,0.005449332583945875,False
2141,SIR,0.0048828125,10,0.04354736874975224,1.0709509297157638e-06,0.005449332583945875,False
9016,SIS,0.0024999999441206455,10,0.0024999999441206455,2.7637213861453347e-05,0.02995574244260155,False
1147,SIR,0.004999999888241291,10,0.050430052259810954,1.1053596153942635e-06,0.005449332583945875,False
6098,SIS,0.004999999888241291,10,0.004999999888241291,1.4410182302526664e-05,0.006136374114523035,False
4516,SIR,0.3959999978542328,10,0.9910889675764534,0.0005217175930738449,0.5609686462821363,False
3,SIR,0.004999999888241291,10,0.044590221205772246,1.0612787946229219e-06,0.005449332583945875,False
8823,SIS,0.8101015090942383,10,0.5969747459213613,0.003353918669745326,0.8370810477340169,False
2590,SIR,0.0048828125,10,0.06594576169529638,9.994143965741387e-07,0.005449332583945875,False
3874,SIR,0.9059172868728638,10,0.9960764127144872,0.0028964350931346416,0.857565527338539,False
6887,SIS,0.6510000228881836,10,0.9487985576356018,0.0008845026604831219,0.7724622940548864,False
8183,SIS,0.001485516200773418,10,0.001237930147908628,1.8986538634635508e-05,0.03227912460867355,False
8867,SIS,0.8271849751472473,10,0.716766867882698,0.0016984755638986826,0.855983569401874,False
936,SIR,0.9309999942779541,10,0.9921593420459555,0.00042502963333390653,0.8398418100397418,False
709,SIR,0.5249999761581421,10,0.198389335998349,7.443156209774315e-05,0.15277038726662973,False
7052,SIS,0.0048828125,10,0.0048828125,1.451702610211214e-05,0.004489370225443154,False
5851,SIS,0.6930000185966492,10,0.959000488977025,0.0008518804097548127,0.7769061191616229,False
909,SIR,0.9300000071525574,10,0.9766703808979943,0.00044211771455593407,0.8398418100397418,False
6912,SIS,0.7080000042915344,10,0.08696497213145378,0.00038997174124233425,0.7084554975690971,False
3465,SIR,0.6303540468215942,10,0.5691685524917918,0.00027588632656261325,0.4362391554941,False
2708,SIR,0.01953125,10,0.9852803894346361,0.00034165411489084363,0.15040386424755864,False
5607,SIS,0.006000000052154064,10,0.004999999888241291,0.00019756067194975913,0.17944148708435273,False
5227,SIS,0.004999999888241291,10,0.004999999888241291,1.4174929674481973e-05,0.006512746448735404,False
6935,SIS,0.7149999737739563,10,0.4036005276518672,0.0007196615333668888,0.7154375482522108,False
7331,SIS,0.0048828125,10,0.0048828125,1.2451709153538104e-05,0.0067065850686666645,False
9710,SIS,0.3889999985694885,10,0.9778122991996289,0.0023756995797157288,0.4961606222204466,False
9131,SIS,0.0024999999441206455,10,0.0024999999441206455,2.550672616052907e-05,0.02809910372355751,False
1201,SIR,0.004999999888241291,10,0.050430052259810954,1.1053596153942635e-06,0.005449332583945875,False
7668,SIS,0.0048828125,10,0.0048828125,1.801596226869151e-05,0.007187902398887402,False
200,SIR,0.006000000052154064,10,0.09740860942906754,1.3432218111120164e-06,0.011293992471447677,False
8186,SIS,0.001237930147908628,10,0.001237930147908628,1.7515498257125728e-05,0.01627503743668501,False
7860,SIS,0.5390625,10,0.08002896054457449,0.0004986142739653587,0.2299446943299876,False
6128,SIS,0.004999999888241291,10,0.004999999888241291,2.1400248442660086e-05,0.008207175633536444,False
9763,SIS,0.44999998807907104,10,0.3316841491844802,0.005440941546112299,0.900367438674694,False
3072,SIR,0.025748947635293007,10,0.9108681154132923,0.0002629468508530408,0.3758840944521756,False
2808,SIR,0.0419921875,10,0.18585146906972078,0.00032406923128291965,0.07706049540349118,False
2866,SIR,0.068359375,10,0.25923396560331113,0.00018658960470929742,0.17292006567487803,False
107,SIR,0.006000000052154064,10,0.08572625958871832,1.2239648867762298e-06,0.005449332583945875,False
3847,SIR,0.9361227750778198,10,0.9944178315575363,0.0033473914954811335,0.911798623755134,False
5536,SIS,0.004999999888241291,10,0.004999999888241291,5.700008478015661e-05,0.034090724604362896,False
4156,SIR,0.0024999999441206455,10,0.033608142771814904,1.3830161833539023e-06,0.004267563556982959,False
747,SIR,0.5649999976158142,10,0.22748454345796715,0.0005100925918668509,0.22792166909011313,False
8575,SIS,0.6221836805343628,10,0.34677384984353665,0.0003292355395387858,0.5359383019491699,False
8190,SIS,0.09730131179094315,10,0.001237930147908628,5.458448868012056e-05,0.07821862054143885,False
3444,SIR,0.5063134431838989,10,0.9919853548088827,0.00028658838709816337,0.5653281932167061,False
7371,SIS,0.0048828125,10,0.0048828125,1.3665446203958709e-05,0.006136374114523035,False
8220,SIS,0.001237930147908628,10,0.001237930147908628,1.722981505736243e-05,0.01560874829336794,False
7836,SIS,0.0048828125,10,0.0048828125,1.0792890861921478e-05,0.005582758864652351,False
6634,SIS,0.004999999888241291,10,0.004999999888241291,2.4395567379542626e-06,0.03645477591386098,False
5,SIR,0.007000000216066837,10,0.005182638712468947,1.9197477740817703e-06,0.013329250244320514,False
7747,SIS,0.0087890625,10,0.13441776890513984,0.0002153093955712393,0.063069244500745,False
7099,SIS,0.0048828125,10,0.0048828125,1.22485116662574e-05,0.0067065850686666645,False
6882,SIS,0.6520000100135803,10,0.045966163778805774,0.0005842605605721474,0.5624303178539535,False
6814,SIS,0.5370000004768372,10,0.09882441568012994,0.0003217894409317523,0.2578873974418945,False
3236,SIR,0.002971032401546836,10,0.06667388966987518,3.261204619775526e-05,0.03915673172142914,False
9130,SIS,0.0024999999441206455,10,0.0024999999441206455,1.7804493836592883e-05,0.02891106821686603,False
2300,SIR,0.0048828125,10,0.0492363939880594,1.1152504839628818e-06,0.005449332583945875,False
5797,SIS,0.5519999861717224,10,0.10917811215899226,0.0007294716779142618,0.3263167992897741,False
6301,SIS,0.004999999888241291,10,0.004999999888241291,1.2845261153415777e-05,0.006136374114523035,False
892,SIR,0.8809999823570251,10,0.9431917204980789,0.0003618604096118361,0.7327680554377922,False
8996,SIS,0.8596187233924866,10,0.6605708977570631,0.0034994822926819324,0.8728198581137117,False
2030,SIR,0.0048828125,10,0.06594576169529638,9.994143965741387e-07,0.005449332583945875,False
5783,SIS,0.546999990940094,10,0.041844404413885206,0.0005055078654550016,0.4944904784138228,False
1594,SIR,0.017000000923871994,10,0.17009348174551256,0.0004896782920695841,0.1671785907758894,False
1062,SIR,0.004999999888241291,10,0.06749643542999019,9.910384051181609e-07,0.005449332583945875,False
6894,SIS,0.6539999842643738,10,0.03697165059156012,0.0007117100758478045,0.5937556888817592,False
7693,SIS,0.0048828125,10,0.0048828125,1.615245309949387e-05,0.006136374114523035,False
3987,SIR,0.9767268896102905,10,0.9999206549818618,0.004161514807492495,0.933823980039573,False
6916,SIS,0.7099999785423279,10,0.06994904465677644,0.000605897861532867,0.5593473133416224,False
7332,SIS,0.0048828125,10,0.0048828125,9.836564458964858e-06,0.006512746448735404,False
6243,SIS,0.004999999888241291,10,0.004999999888241291,1.8124355847248808e-05,0.008646387788140504,False
6097,SIS,0.004999999888241291,10,0.004999999888241291,1.3867491361452267e-05,0.015061936041240091,False
2679,SIR,0.015625,10,0.15953298759846962,0.00011928024468943477,0.03527878830315928,False
2062,SIR,0.005859375,10,0.04755833014034048,1.4495196865027538e-06,-0.00016864804236451535,False
6645,SIS,0.004999999888241291,10,0.004999999888241291,4.934874959872104e-05,0.023975640995670625,False
2632,SIR,0.009765625,10,0.005572497385351158,0.00011114648077636957,0.01051656873361469,False
7647,SIS,0.005859375,10,0.0048828125,6.849932105978951e-05,0.027295104821498394,False
6174,SIS,0.004999999888241291,10,0.004999999888241291,1.984010395972291e-06,0.005449332583945875,False
8401,SIS,0.43674176931381226,10,0.1702325882686824,0.00028665861464105546,0.5245164346315507,False
3850,SIR,0.9475117325782776,10,0.9987505948518762,0.0031376711558550596,0.924171129919826,False
7665,SIS,0.0068359375,10,0.12533905870821863,0.0002870770695153624,0.057699044265683196,False
284,SIR,0.00800000037997961,10,0.12955068610555465,2.5246190489269793e-05,0.02746058780987025,False
3345,SIR,0.40183213353157043,10,0.2744754490128301,0.00038412160938605666,0.3409546638637509,False
2263,SIR,0.005859375,10,0.06247067488726568,1.2032413678753073e-06,0.006123929822641014,False
3310,SIR,0.1406288743019104,10,0.9911544005613373,0.0003977107990067452,0.40222914393427983,False
6625,SIS,0.008999999612569809,10,0.0823026261998903,0.0003341804549563676,0.43310132272915414,False
9884,SIS,0.5720000267028809,10,0.48754313642086594,0.0014532157219946384,0.6704245938463007,False
9677,SIS,0.3294999897480011,10,0.9783993784573402,0.0005256281583569944,0.537945136599174,False
5861,SIS,0.7129999995231628,10,0.9665027319959638,0.0004081979568582028,0.8299872805480977,False
5521,SIS,0.004999999888241291,10,0.004999999888241291,1.1574148629733827e-05,0.006512746448735404,False
7038,SIS,0.0048828125,10,0.0048828125,1.4665679373138119e-05,0.004050158070839096,False
9642,SIS,0.2680000066757202,10,0.0024999999441206455,0.00028330396162346005,0.2761264364671692,False
7258,SIS,0.0048828125,10,0.0048828125,4.2330328142270446e-05,0.021381179930560133,False
4569,SIR,0.26750001311302185,10,0.9921562288844497,0.0003780022670980543,0.6048143780758012,False
995,SIR,0.9660000205039978,10,0.9896633039995606,0.0014396262122318149,0.9103475638125863,False
3060,SIR,0.03812824934720993,10,0.9052915643619104,0.0003008830244652927,0.4500122198241072,False
4018,SIR,0.0024999999441206455,10,0.033608142771814904,1.3830161833539023e-06,0.004267563556982959,False
4363,SIR,0.02449999935925007,10,0.30898929215380494,0.00014542012650053948,0.1774191397222264,False
3982,SIR,0.9720227718353271,10,0.9999549553401588,0.006698175333440304,0.9731002762141949,False
7992,SIS,0.76171875,10,0.0426441453157204,0.0006172856665216386,0.38745068585487624,False
1843,SIR,0.0689999982714653,10,0.3613725419768633,0.0008075216901488602,0.6804966301826448,False
1156,SIR,0.007000000216066837,10,0.10804141511695585,2.082062337649404e-06,0.01710462066268545,False
2243,SIR,0.0048828125,10,0.04354736874975224,1.0709509297157638e-06,0.005449332583945875,False
8589,SIS,0.6216885447502136,10,0.2710731631902776,0.0012395668309181929,0.7617285510129084,False
1363,SIR,0.007000000216066837,10,0.1322525256993449,2.2153717509354465e-06,0.006123929822641014,False
9701,SIS,0.3959999978542328,10,0.21979419291382093,0.0024049801286309958,0.6001320059762765,False
3195,SIR,0.057192374020814896,10,0.662494570581573,0.0003331758489366621,0.33686896588525594,False
7921,SIS,0.693359375,10,0.9206475731032097,0.0002981423167511821,0.37321898439770895,False
6771,SIS,0.3630000054836273,10,0.04235819428207269,0.00045658828457817435,0.5721844264225285,False
6581,SIS,0.006000000052154064,10,0.004999999888241291,0.00010238397953798994,0.07356430695105913,False
4882,SIR,0.4740000069141388,10,0.919902508700176,0.001394115504808724,0.5494895688221744,False
4101,SIR,0.0024999999441206455,10,0.0037695720497672013,1.4402503438759595e-06,0.004077676191937367,False
3417,SIR,0.4184204041957855,10,0.9916287106243971,0.0004057920887134969,0.5786367362155397,False
3562,SIR,0.7363208532333374,10,0.9911940432211247,0.00037083475035615265,0.5155473200789384,False
6580,SIS,0.008999999612569809,10,0.08858406443575623,0.00026905324193648994,0.27551297709014194,False
1827,SIR,0.04500000178813934,10,0.28087729214916785,0.0003748015151359141,0.5278159507990662,False
2000,SIR,0.0048828125,10,0.06121249366756551,1.1672362916215206e-06,0.005449332583945875,False
4536,SIR,0.2004999965429306,10,0.6637876364356992,0.00022387162607628852,0.3899537094910378,False
4503,SIR,0.05400000140070915,10,0.33054218922488404,0.00023285039060283452,0.17090607419598547,False
5191,SIS,0.004999999888241291,10,0.004999999888241291,0.00010783824109239504,0.06063529526020708,False
3735,SIR,0.8913097381591797,10,0.9658834287375963,0.0028836026322096586,0.8767860368955717,False
5919,SIS,0.7620000243186951,10,0.5524697969026828,0.0011879174271598458,0.916178045239748,False
4235,SIR,0.003000000026077032,10,0.03702155470907815,1.552397407067474e-06,0.006013343042370054,False
1486,SIR,0.006000000052154064,10,0.055775598568063814,1.3576251376434811e-06,0.011855886496594822,False
2779,SIR,0.052734375,10,0.28303965542517967,0.00014592935622204095,0.13435534374432048,False
8498,SIS,0.5018569231033325,10,0.24908268090005511,0.0006119669997133315,0.7057499947488377,False
2075,SIR,0.0048828125,10,0.03296438035767405,1.252013248631556e-06,0.005825704918158242,False
4488,SIR,0.16200000047683716,10,0.2332692218645426,0.0002560970024205744,0.42658830911285633,False
2756,SIR,0.013671875,10,0.1746984892615091,9.02586107258685e-05,0.01030676714698382,False
688,SIR,0.24899999797344208,10,0.1951172293864556,0.000387396925361827,0.2855039142712648,False
2558,SIR,0.0068359375,10,0.11438587005712461,1.3835003755957587e-06,0.006123929822641014,False
5920,SIS,0.7609999775886536,10,0.9702498456092111,0.000631410104688257,0.8533968914313318,False
1500,SIR,0.004999999888241291,10,0.044590221205772246,1.0612787946229219e-06,0.005449332583945875,False
4645,SIR,0.226500004529953,10,0.6666756317018722,0.00021501007722690701,0.35767695528523435,False
9348,SIS,0.041999999433755875,10,0.9569615299481228,0.00039035893860273063,0.447170796611646,False
7568,SIS,0.0048828125,10,0.0048828125,0.00013749707431998104,0.022147190490825194,False
8755,SIS,0.7863332629203796,10,0.5172427551627203,0.004642041865736246,0.8817429185156215,False
6232,SIS,0.006000000052154064,10,0.004999999888241291,4.655206430470571e-05,0.023284845987185332,False
1680,SIR,0.014000000432133675,10,0.005619720653449442,0.00014466472202911973,0.17809988639715327,False
5640,SIS,0.004999999888241291,10,0.004999999888241291,1.2860358538091532e-06,0.005449332583945875,False
9516,SIS,0.17299999296665192,10,0.09806095862319582,0.0002384143735980615,0.282265500450241,False
692,SIR,0.24699999392032623,10,0.2880332190039442,0.0004998065414838493,0.4968323463231552,False
5256,SIS,0.004999999888241291,10,0.004999999888241291,1.738479681989702e-06,0.0138046835565193,False
7756,SIS,0.0341796875,10,0.032895893733033234,0.0007367373327724636,0.3916487010232633,False
395,SIR,0.006000000052154064,10,0.09382124735838607,1.4087303270571283e-06,0.008749269690112018,False
3092,SIR,0.001237930147908628,10,0.002390108239833409,1.6264623354800278e-06,0.004288794890004382,False
9765,SIS,0.44600000977516174,10,0.9791515861624113,0.0024652844294905663,0.6494513982309694,False
8956,SIS,0.8623421788215637,10,0.7055313760836713,0.0016631181351840496,0.8718799989544141,False
9178,SIS,0.0024999999441206455,10,0.0024999999441206455,1.5185131815087516e-05,0.04012313279954481,False
9260,SIS,0.0215000007301569,10,0.0024999999441206455,2.0352254068711773e-05,0.02561182835467933,False
4511,SIR,0.2070000022649765,10,0.9920257292766529,0.0003615035384427756,0.38689695713876754,False
2454,SIR,0.0048828125,10,0.0492363939880594,1.1152504839628818e-06,0.005449332583945875,False
9670,SIS,0.0024999999441206455,10,0.0024999999441206455,1.8672391888685524e-05,0.030785344843570116,False
9538,SIS,0.17399999499320984,10,0.13342985700284068,0.00036074029048904777,0.3685477752303961,False
4867,SIR,0.6110000014305115,10,0.9630650976864403,0.0011852674651890993,0.6624711103302445,False
8141,SIS,0.058182720094919205,10,0.001237930147908628,0.00012565475481096655,0.16436946832586993,False
2027,SIR,0.0048828125,10,0.0492363939880594,1.1152504839628818e-06,0.005449332583945875,False
4270,SIR,0.0024999999441206455,10,0.033608142771814904,1.3830161833539023e-06,0.004267563556982959,False
4338,SIR,0.0024999999441206455,10,0.033608142771814904,1.3830161833539023e-06,0.004267563556982959,False
872,SIR,0.871999979019165,10,0.24143020964847303,0.0008442086400464177,0.3540822702626069,False
6207,SIS,0.004999999888241291,10,0.004999999888241291,2.1735339032602496e-05,0.007401537306673748,False
2862,SIR,0.1005859375,10,0.22223305116813688,0.00018811605696100742,0.05615545291517318,False
8008,SIS,0.001237930147908628,10,0.001237930147908628,1.8682349036680534e-05,0.01560874829336794,False
1481,SIR,0.004999999888241291,10,0.06749643542999019,9.910384051181609e-07,0.005449332583945875,False
6028,SIS,0.004999999888241291,10,0.004999999888241291,1.4303389434644487e-05,0.006136374114523035,False
5325,SIS,0.004999999888241291,10,0.004999999888241291,1.8004369849222712e-05,0.004529422585621026,False
8552,SIS,0.6209457516670227,10,0.14908809973149292,0.0005959742702543736,0.7022760432617707,False
6469,SIS,0.006000000052154064,10,0.004999999888241291,3.5310997191118076e-05,0.05140155804547674,False
4891,SIR,0.42399999499320984,10,0.8820503033274983,0.000793531711678952,0.42839701174706746,False
822,SIR,0.8339999914169312,10,0.6158312895808905,0.0006838691770099103,0.7494213471972153,False
7984,SIS,0.7490234375,10,0.059670952648523366,0.00060523726278916,0.4509913716034169,False
7024,SIS,0.0048828125,10,0.0048828125,1.3420808500086423e-06,0.005449332583945875,False
334,SIR,0.006000000052154064,10,0.04588105170289682,1.0309936442354228e-06,0.005449332583945875,False
9199,SIS,0.023000000044703484,10,0.04294772459214931,0.0003201993531547487,0.36479937406604385,False
9732,SIS,0.390500009059906,10,0.9803543295573942,0.001144652720540762,0.6214803164439259,False
6350,SIS,0.004999999888241291,10,0.004999999888241291,1.0798727998917457e-05,0.006512746448735404,False
9852,SIS,0.5715000033378601,10,0.4528421299400699,0.0013131840387359262,0.7115062269404832,False
4543,SIR,0.11699999868869781,10,0.9917961567548464,0.000181768205948174,0.28476315164322985,False
6724,SIS,0.0689999982714653,10,0.8911658807528431,0.0006550910184159875,0.5425177258759478,False
161,SIR,0.006000000052154064,10,0.0712477978871433,1.0072087661683327e-06,0.005449332583945875,False
726,SIR,0.017999999225139618,10,0.18290738346531832,0.00012560216418933123,0.072259561571913,False
3572,SIR,0.7781628966331482,10,0.7133054056739228,0.0004005772643722594,0.7259819745659876,False
9741,SIS,0.38199999928474426,10,0.0024999999441206455,4.210543193039484e-05,0.05744348094811414,False
7378,SIS,0.0048828125,10,0.0048828125,2.7786472855950706e-05,0.006040790770545831,False
329,SIR,0.007000000216066837,10,0.09876019257299586,1.2402683751133736e-06,0.005449332583945875,False
2961,SIR,0.5556640625,10,0.3678270783113042,0.0008443293627351522,0.5773588624733818,False
2737,SIR,0.015625,10,0.2117355296924774,0.00010994499461958185,0.02773236255222002,False
4665,SIR,0.45500001311302185,10,0.8198065039058078,0.0005569563945755363,0.4875512507790034,False
3031,SIR,0.001485516200773418,10,0.0028568996546935875,1.831813619901368e-06,0.004288794890004382,False
8806,SIS,0.8133201003074646,10,0.5885208823209529,0.003770525800064206,0.8255052618948384,False
7040,SIS,0.0048828125,10,0.0048828125,2.119358669006033e-06,0.0034259563606536246,False
451,SIR,0.007000000216066837,10,0.09039248504352233,1.829343318604515e-06,0.008749269690112018,False
6091,SIS,0.004999999888241291,10,0.004999999888241291,9.981848052120768e-06,0.006512746448735404,False
7081,SIS,0.0048828125,10,0.0048828125,1.580616481078323e-05,0.0028824186965411454,False
182,SIR,0.008999999612569809,10,0.13580529917587086,3.6474918942985823e-06,0.03897351504936979,False
7618,SIS,0.009765625,10,0.11884508963873773,0.0004650694318115711,0.05370434317352232,False
5156,SIS,0.006000000052154064,10,0.004999999888241291,2.3569267796119675e-05,0.0414386807855596,False
9204,SIS,0.0024999999441206455,10,0.0024999999441206455,3.0628325475845486e-05,0.03231802504823349,False
379,SIR,0.004999999888241291,10,0.0396840896291303,1.2694636097876355e-06,0.005449332583945875,False
7999,SIS,0.74609375,10,0.6443297937617941,0.0008215036359615624,0.7263115140198162,False
7653,SIS,0.0048828125,10,0.0048828125,1.7848713468993083e-05,0.0033237733871747644,False
2349,SIR,0.0048828125,10,0.055546461031396425,1.1424864396758494e-06,0.005449332583945875,False
7738,SIS,0.0068359375,10,0.026419315968819794,0.000269656244199723,0.14011165075832058,False
6910,SIS,0.7099999785423279,10,0.06446731883126441,0.00033612598781473935,0.37049413744100396,False
6802,SIS,0.5590000152587891,10,0.03301659530266446,0.0006008140626363456,0.42608946703664213,False
1445,SIR,0.007000000216066837,10,0.08223750770280573,1.8195162283518584e-06,0.006123929822641014,False
7809,SIS,0.005859375,10,0.0048828125,2.8534372177091427e-05,0.010275255486347296,False
8981,SIS,0.8625897765159607,10,0.7899739452656079,0.0028711010236293077,0.8954538747243752,False
7518,SIS,0.0048828125,10,0.0048828125,1.2230710808580625e-06,0.005449332583945875,False
5240,SIS,0.004999999888241291,10,0.004999999888241291,4.934874959872104e-05,0.023975640995670625,False
4903,SIR,0.9164999723434448,10,0.9978710962691568,0.001953463302925229,0.7529974247107529,False
7463,SIS,0.0048828125,10,0.0048828125,1.0627043593558483e-05,0.006512746448735404,False
9391,SIS,0.0024999999441206455,10,0.0024999999441206455,0.00010675209341570735,0.24322765812355665,False
8536,SIS,0.5637534260749817,10,0.14066868221054837,0.00043359759729355574,0.6452196096828513,False
5808,SIS,0.625,10,0.040760235950080714,0.0008954036165960133,0.8110877189882152,False
1458,SIR,0.004999999888241291,10,0.044590221205772246,1.0612787946229219e-06,0.005449332583945875,False
9175,SIS,0.0024999999441206455,10,0.0024999999441206455,3.168645343976095e-05,0.03231802504823349,False
974,SIR,0.9539999961853027,10,0.9980085306867467,0.0018970149103552103,0.8606320898364397,False
7659,SIS,0.0048828125,10,0.0048828125,2.1955896954750642e-05,0.009470591535555302,False
2079,SIR,0.005859375,10,0.06247067488726568,1.2032413678753073e-06,0.006123929822641014,False
2864,SIR,0.0888671875,10,0.990433434133601,0.0006693568429909647,0.5230485130198675,False
2001,SIR,0.0048828125,10,0.06121249366756551,1.1672362916215206e-06,0.005449332583945875,False
2322,SIR,0.0048828125,10,0.03296438035767405,1.252013248631556e-06,0.005825704918158242,False
5051,SIS,0.004999999888241291,10,0.004999999888241291,1.0309936442354228e-06,0.005449332583945875,False
806,SIR,0.8460000157356262,10,0.9902377458038092,0.0006635351455770433,0.7742503853050258,False
9387,SIS,0.08150000125169754,10,0.07489030010015299,0.0003816635871771723,0.48123019348590307,False
9054,SIS,0.0024999999441206455,10,0.0024999999441206455,4.882066059508361e-05,0.06030406675877145,False
9433,SIS,0.10350000113248825,10,0.06041394578778061,0.000309321767417714,0.4465345003763774,False
1418,SIR,0.004999999888241291,10,0.050430052259810954,1.1053596153942635e-06,0.005449332583945875,False
8217,SIS,0.001237930147908628,10,0.001237930147908628,3.698056752909906e-05,0.05409150358344115,False
5470,SIS,0.004999999888241291,10,0.004999999888241291,1.112836707761744e-05,0.006136374114523035,False
2396,SIR,0.0048828125,10,0.0492363939880594,1.1152504839628818e-06,0.005449332583945875,False
2551,SIR,0.0078125,10,0.09435342185268172,1.7869446082841023e-06,0.006123929822641014,False
4555,SIR,0.24799999594688416,10,0.4242859190210062,0.00019188268925063312,0.2166398851476618,False
3068,SIR,0.001237930147908628,10,0.002390108239833409,1.6264623354800278e-06,0.004288794890004382,False
2854,SIR,0.09765625,10,0.34487335724629514,0.0005705967778339982,0.44596091707829993,False
3208,SIR,0.09952958673238754,10,0.6073981371761429,0.0007952262531034648,0.34752326945657824,False
5419,SIS,0.004999999888241291,10,0.004999999888241291,1.2694636097876355e-06,0.005449332583945875,False
8254,SIS,0.002228274242952466,10,0.17611405194869045,7.817936420906335e-05,0.17437898276746105,False
5829,SIS,0.6399999856948853,10,0.07123279021094711,0.0006090602255426347,0.6723457185063898,False
4003,SIR,0.0024999999441206455,10,0.028140753759548536,1.5510491948589333e-06,0.004267563556982959,False
9141,SIS,0.003000000026077032,10,0.0024999999441206455,8.469700696878135e-05,0.19985211924635302,False
2074,SIR,0.0048828125,10,0.06594576169529638,9.994143965741387e-07,0.005449332583945875,False
1750,SIR,0.11699999868869781,10,0.343610349342219,0.0005117220571264625,0.39879898942877223,False
987,SIR,0.9580000042915344,10,0.992293007686612,0.0006560513866133988,0.7596369233132209,False
4851,SIR,0.737500011920929,10,0.9928385353843985,0.0013854970457032323,0.7225507208484268,False
5915,SIS,0.7649999856948853,10,0.9753081452722755,0.0006740944227203727,0.8678112160016952,False
950,SIR,0.9549999833106995,10,0.9489136514745764,0.001885180245153606,0.8911133804825452,False
814,SIR,0.8489999771118164,10,0.8783650948971613,0.000463530799606815,0.7565201998603529,False
7669,SIS,0.0068359375,10,0.0048828125,9.518009755993262e-05,0.06258660328415562,False
1560,SIR,0.032999999821186066,10,0.987106695650178,0.00036682779318653047,0.17996886395994025,False
8362,SIS,0.3659321665763855,10,0.08756586771628687,0.000284771405858919,0.2459960715934725,False
6855,SIS,0.6489999890327454,10,0.13655831914107688,0.0010019929613918066,0.717713026570119,False
7521,SIS,0.0048828125,10,0.0048828125,2.098455843224656e-05,0.01067515794258684,False
223,SIR,0.006000000052154064,10,0.06877378843713172,1.3745953992838622e-06,0.012530483735289961,False
5219,SIS,0.004999999888241291,10,0.004999999888241291,1.0723596460593399e-05,0.006512746448735404,False
5842,SIS,0.628000020980835,10,0.15041256110350795,0.0009696568013168871,0.7920904834853488,False
6553,SIS,0.006000000052154064,10,0.004999999888241291,5.33970924152527e-05,0.028435226525369783,False
7106,SIS,0.0048828125,10,0.0048828125,1.3566554116550833e-05,0.0016942498580968341,False
4779,SIR,0.4860000014305115,10,0.9133008405210902,0.0015571840340271592,0.6145918714484796,False
1917,SIR,0.20900000631809235,10,0.501917546562359,0.0005170634249225259,0.6610236681188766,False
8176,SIS,0.10720475018024445,10,0.04494931633072961,9.712337487144396e-05,0.12726145441798906,False
1478,SIR,0.014999999664723873,10,0.1685494691516131,0.00029582789284177125,0.24908870704361138,False
117,SIR,0.004999999888241291,10,0.06749643542999019,9.910384051181609e-07,0.005449332583945875,False
3177,SIR,0.0802178755402565,10,0.0087130055312043,0.00024366063007619232,0.12728011980836845,False
8166,SIS,0.001237930147908628,10,0.001237930147908628,1.8353497580392286e-05,0.014218352854154827,False
7572,SIS,0.005859375,10,0.0048828125,0.00016449416580144316,0.03382654758917106,False
7658,SIS,0.0068359375,10,0.0048828125,4.0105740481521934e-05,0.0005107149619165353,False
8674,SIS,0.7142857313156128,10,0.39069131867701873,0.005331800784915686,0.8574365244486156,False
8354,SIS,0.3669224977493286,10,0.04566657633629267,0.0003974841383751482,0.3709589475337023,False
1668,SIR,0.02500000037252903,10,0.17340664130179678,0.00016988276911433786,0.1414143557337263,False
5857,SIS,0.7089999914169312,10,0.12817048402420383,0.0002526731404941529,0.75603233112,False
3216,SIR,0.06734339892864227,10,0.9992218785071159,0.0003295062342658639,0.31896378840348955,False
1086,SIR,0.004999999888241291,10,0.050430052259810954,1.1053596153942635e-06,0.005449332583945875,False
9021,SIS,0.0024999999441206455,10,0.0024999999441206455,7.3861243436113e-05,0.16228126350788655,False
74,SIR,0.004999999888241291,10,0.06749643542999019,9.910384051181609e-07,0.005449332583945875,False
4864,SIR,0.5059999823570251,10,0.9230368360529742,0.0010077912593260407,0.5054002888583169,False
4618,SIR,0.26249998807907104,10,0.7478942145436015,0.0005091773928143084,0.3993967807190745,False
9085,SIS,0.0024999999441206455,10,0.0024999999441206455,3.173114964738488e-05,0.06250973321229973,False
6030,SIS,0.004999999888241291,10,0.004999999888241291,1.3709344784729183e-05,0.006136374114523035,False
9066,SIS,0.0024999999441206455,10,0.0024999999441206455,2.0066941942786798e-05,0.03720739422596086,False
9999,SIS,0.6784999966621399,10,0.6585341731213935,0.0014033473562449217,0.7233500530075616,False
1141,SIR,0.004999999888241291,10,0.06749643542999019,9.910384051181609e-07,0.005449332583945875,False
7597,SIS,0.005859375,10,0.0048828125,2.9003203962929547e-05,0.014490992664848512,False
7671,SIS,0.0048828125,10,0.0048828125,0.00015368001186288893,0.035351649022633644,False
7660,SIS,0.0087890625,10,0.17672997036351612,0.0007831712136976421,0.129018469772785,False
8324,SIS,0.2879425585269928,10,0.001237930147908628,0.00015103085024747998,0.1030113571333621,False
750,SIR,0.7350000143051147,10,0.41285407801972257,0.0006995031144469976,0.7658797236949764,False
9628,SIS,0.0024999999441206455,10,0.0024999999441206455,1.6795598867247463e-06,0.0067729043615487325,False
3983,SIR,0.9881158471107483,10,0.9999770874081543,0.004041492473334074,0.9698371858182352,False
3419,SIR,0.49492448568344116,10,0.62209417441523,0.00034379883436486125,0.4993764787484235,False
4803,SIR,0.5120000243186951,10,0.945449641425663,0.0009273452451452613,0.47462213017336513,False
4814,SIR,0.4494999945163727,10,0.9017486885548138,0.0007155327475629747,0.39361451009922804,False
6761,SIS,0.3179999887943268,10,0.03790871260719328,0.0005112335202284157,0.5187165141986237,False
2385,SIR,0.0048828125,10,0.06594576169529638,9.994143965741387e-07,0.005449332583945875,False
310,SIR,0.007000000216066837,10,0.008600645009015516,1.9902870462829014e-06,0.013329250244320514,False
4372,SIR,0.0024999999441206455,10,0.028140753759548536,1.5510491948589333e-06,0.004267563556982959,False
4283,SIR,0.0024999999441206455,10,0.033608142771814904,1.3830161833539023e-06,0.004267563556982959,False
4199,SIR,0.0024999999441206455,10,0.02478117339848555,1.4933575585018843e-06,0.005041995384017208,False
8553,SIS,0.6219361424446106,10,0.17172709641636472,0.0007169029559008777,0.7212537124239453,False
2660,SIR,0.0126953125,10,0.054899380511789046,8.620772860012949e-05,0.005188570124500077,False
9750,SIS,0.45350000262260437,10,0.33145847397086503,0.0038616093806922436,0.837313818731198,False
6029,SIS,0.006000000052154064,10,0.004999999888241291,2.7460457204142585e-05,0.02028517123167488,False
8884,SIS,0.8321366906166077,10,0.6999638180618366,0.0014944060239940882,0.8570880940253941,False
7971,SIS,0.7431640625,10,0.07216793776321645,0.00042076228419318795,0.6228344157094532,False
8144,SIS,0.002475860295817256,10,0.001237930147908628,6.130681140348315e-05,0.08292347716854455,False
2777,SIR,0.01171875,10,0.005195530679839112,5.107355900690891e-05,0.017613950176387172,False
8658,SIS,0.7179995179176331,10,0.4298984928402212,0.003410488134250045,0.8548053476706663,False
6312,SIS,0.004999999888241291,10,0.004999999888241291,1.7787493789001019e-06,0.005449332583945875,False
6398,SIS,0.004999999888241291,10,0.004999999888241291,3.81124482373707e-05,0.017763018659620756,False
7317,SIS,0.0048828125,10,0.0048828125,2.8943328288733028e-05,0.013779983592219701,False
9319,SIS,0.0024999999441206455,10,0.0024999999441206455,1.8602931959321722e-05,0.013494878891828939,False
7601,SIS,0.0048828125,10,0.0048828125,5.1269478717586026e-05,0.012721377707213476,False
5028,SIS,0.004999999888241291,10,0.004999999888241291,1.5007205547590274e-05,0.006136374114523035,False
5171,SIS,0.004999999888241291,10,0.004999999888241291,2.2401189198717475e-05,0.009137163217619497,False
4125,SIR,0.0024999999441206455,10,0.0037695720497672013,1.4402503438759595e-06,0.004077676191937367,False
3474,SIR,0.6335726380348206,10,0.00682709242245687,0.00012644588423427194,0.1788487935124643,False
8637,SIS,0.6662540435791016,10,0.26101944932735005,0.0015059405704960227,0.7864321597039989,False
6587,SIS,0.007000000216066837,10,0.011554956408539659,0.0001964840485015884,0.3372244338974578,False
2051,SIR,0.0048828125,10,0.06594576169529638,9.994143965741387e-07,0.005449332583945875,False
2593,SIR,0.0087890625,10,0.10641587814713792,3.5404667869443074e-05,0.004421308341670757,False
9031,SIS,0.0024999999441206455,10,0.0024999999441206455,1.7725207726471126e-05,0.02891106821686603,False
5913,SIS,0.7570000290870667,10,0.5187995445049561,0.0020890256855636835,0.8975136947223492,False
9835,SIS,0.0024999999441206455,10,0.0024999999441206455,2.7219705316383624e-06,0.010763646984702993,False
1596,SIR,0.00800000037997961,10,0.11267013275160365,3.5988516629004152e-06,0.03817241140822738,False
1039,SIR,0.006000000052154064,10,0.08604269155548826,1.257475787497242e-06,0.015155823602760967,False
3925,SIR,0.9603862166404724,10,0.9998404697742199,0.006235719192773104,0.9696314568986544,False
9828,SIS,0.5105000138282776,10,0.3740540218260746,0.0012561967596411705,0.8715819886995905,False
260,SIR,0.004999999888241291,10,0.06749643542999019,9.910384051181609e-07,0.005449332583945875,False
9738,SIS,0.3889999985694885,10,0.24936651418385658,0.003048163838684559,0.7355971321966525,False
899,SIR,0.8970000147819519,10,0.6857202592243773,0.0006867785705253482,0.8073975390481123,False
265,SIR,0.006000000052154064,10,0.06991828556941143,1.2415226819939562e-06,0.015155823602760967,False
3019,SIR,0.005446892697364092,10,0.003768410072714642,0.0002603266329970211,0.10599272438281906,False
1137,SIR,0.004999999888241291,10,0.0337586224218333,1.2411521765898215e-06,0.005825704918158242,False
1493,SIR,0.00800000037997961,10,0.1044353760829229,2.1192129224800738e-06,0.015155823602760967,False
7229,SIS,0.0048828125,10,0.0048828125,1.804290513973683e-05,0.004905794919833395,False
1794,SIR,0.06700000166893005,10,0.29175085626773095,0.000644210958853364,0.4254011176628228,False
9690,SIS,0.3199999928474426,10,0.341509366677134,0.0006797158857807517,0.530778140431874,False
4355,SIR,0.0024999999441206455,10,0.028140753759548536,1.5510491948589333e-06,0.004267563556982959,False
823,SIR,0.8460000157356262,10,0.9914784745860997,0.0004901065258309245,0.7079717728295661,False
130,SIR,0.004999999888241291,10,0.044590221205772246,1.0612787946229219e-06,0.005449332583945875,False
9234,SIS,0.0024999999441206455,10,0.0024999999441206455,2.550672616052907e-05,0.02809910372355751,False
8626,SIS,0.6719484925270081,10,0.26309852606891815,0.0015887159388512373,0.779292321656994,False
2597,SIR,0.005859375,10,0.12094936111695974,1.6911418470044737e-06,0.01074032221078317,False
4495,SIR,0.07450000196695328,10,0.3775530947010847,0.00019501107453834265,0.3254943591647122,False
6517,SIS,0.006000000052154064,10,0.004999999888241291,2.0847763153142296e-05,0.021260172411152422,False
8505,SIS,0.5617727041244507,10,0.17807043792746488,0.000679314078297466,0.6843220475317464,False
884,SIR,0.8859999775886536,10,0.7824629695815352,0.0006071392563171685,0.7141495177848419,False
732,SIR,0.41499999165534973,10,0.19361852132274662,0.00017818428750615567,0.27451834016780235,False
4843,SIR,0.4964999854564667,10,0.9303067344848597,0.0011770434211939573,0.7002497294026918,False
8758,SIS,0.7821242809295654,10,0.5292320440996942,0.006293760146945715,0.8432491840640365,False
4490,SIR,0.08550000190734863,10,0.9828746219994433,0.0007443338981829584,0.44116397513890543,False
4029,SIR,0.013000000268220901,10,0.21983497578666433,0.0003846501640509814,0.41813136647992427,False
5044,SIS,0.004999999888241291,10,0.004999999888241291,1.5599274547639652e-06,0.006019543538089503,False
580,SIR,0.028999999165534973,10,0.07375932850030155,5.251758193480782e-05,0.02896263746466401,False
8511,SIS,0.5637534260749817,10,0.12687150294728983,0.0003844238235615194,0.6342617965466204,False
8182,SIS,0.012874473817646503,10,0.3953567513649699,0.00042683136416599154,0.33931568138217977,False
1308,SIR,0.006000000052154064,10,0.0908730622155033,1.3980048834127956e-06,0.015155823602760967,False
525,SIR,0.010999999940395355,10,0.1268511858301872,5.9871312259929255e-05,0.05279006286618012,False
3832,SIR,0.9413220882415771,10,0.9851683229075354,0.002958172932267189,0.8899955751562908,False
3432,SIR,0.47288933396339417,10,0.5923523928855638,0.00032208164338953793,0.5164168966624897,False
2235,SIR,0.0048828125,10,0.06121249366756551,1.1672362916215206e-06,0.005449332583945875,False
9419,SIS,0.0024999999441206455,10,0.0024999999441206455,3.461021697148681e-05,0.04632240378731522,False
7795,SIS,0.0322265625,10,0.05423267821308041,0.00033632954000495374,0.055907206178648014,False
7449,SIS,0.0048828125,10,0.0048828125,3.357959212735295e-05,0.007311131505806114,False
4107,SIR,0.003000000026077032,10,0.03702155470907815,1.552397407067474e-06,0.006013343042370054,False
6412,SIS,0.006000000052154064,10,0.004999999888241291,3.6333934986032546e-05,0.03819819575306451,False
1389,SIR,0.007000000216066837,10,0.10745882213121391,1.8699496422414086e-06,0.008749269690112018,False
7842,SIS,0.265625,10,0.03454198821483335,0.000806521566119045,0.2282944548754717,False
6089,SIS,0.004999999888241291,10,0.004999999888241291,2.1043863398517715e-06,0.03532927082406201,False
7779,SIS,0.0087890625,10,0.09518591893206876,0.00021416691015474498,0.09126671509945206,False
9077,SIS,0.0024999999441206455,10,0.0024999999441206455,1.8199397118223715e-06,0.0179849689442275,False
2421,SIR,0.0048828125,10,0.06594576169529638,9.994143965741387e-07,0.005449332583945875,False
2733,SIR,0.013671875,10,0.1587678931829534,5.4491338232764974e-05,0.018134835512642195,False
1761,SIR,0.024000000208616257,10,0.2283478652236404,0.0007108668214641511,0.40907285773559143,False
646,SIR,0.020999999716877937,10,0.9197941326886657,0.0002798556233756244,0.5464198883685356,False
2611,SIR,0.0078125,10,0.10148326769132573,1.3389449122769292e-06,0.006123929822641014,False
7391,SIS,0.0048828125,10,0.0048828125,1.124114305639523e-06,0.005449332583945875,False
3766,SIR,0.9326565861701965,10,0.9403717058922785,0.0046743229031562805,0.8824492722088871,False
3045,SIR,0.001980688190087676,10,0.051111708764450495,2.1775942514068447e-05,0.0581933524592176,False
8218,SIS,0.06981926411390305,10,0.17571387923242773,0.00019141689699608833,0.3888018737817309,False
7705,SIS,0.005859375,10,0.0048828125,9.553145355312154e-05,0.02448896975536083,False
8261,SIS,0.001237930147908628,10,0.001237930147908628,3.902381286025047e-05,0.08129759166263845,False
2831,SIR,0.025390625,10,0.22533331072882307,0.00023489672457799315,0.06518731634669654,False
9668,SIS,0.3240000009536743,10,0.9725826779895304,0.0007667434983886778,0.5508858734825902,False
8655,SIS,0.7137905359268188,10,0.30083327177844077,0.002599895466119051,0.8595045439301178,False
6819,SIS,0.5350000262260437,10,0.038592931961437725,0.0006627751281484962,0.5750268280807671,False
3297,SIR,0.15325576066970825,10,0.06055755965079219,0.00010145070700673386,0.12547616693131952,False
8266,SIS,0.21688537299633026,10,0.6166279245063693,0.00033498203265480697,0.38457119984032745,False
4703,SIR,0.35249999165534973,10,0.7979496991669227,0.0005190054653212428,0.3995582051956695,False
5423,SIS,0.004999999888241291,10,0.004999999888241291,1.6312160369125195e-05,0.006810971353218174,False
6445,SIS,0.004999999888241291,10,0.004999999888241291,1.8541277313488536e-05,0.006471549722590695,False
8740,SIS,0.7546422481536865,10,0.3925241856236205,0.003593131434172392,0.8764804991639705,False
9496,SIS,0.13850000500679016,10,0.1055601490374041,0.0002762529766187072,0.35955365104987635,False
1604,SIR,0.014999999664723873,10,0.20646919345709341,0.00032164837466552854,0.37263486486976327,False
6940,SIS,0.718999981880188,10,0.06438590656229078,0.00032565431320108473,0.6471370961475383,False
6033,SIS,0.004999999888241291,10,0.004999999888241291,5.5455919209634885e-05,0.028030910371422486,False
4551,SIR,0.19850000739097595,10,0.9920637411816449,0.00039811269380152225,0.2597988416881486,False
536,SIR,0.027000000700354576,10,0.9340772852420306,0.0003712858015205711,0.5940172930643448,False
341,SIR,0.004999999888241291,10,0.06749643542999019,9.910384051181609e-07,0.005449332583945875,False
1931,SIR,0.23999999463558197,10,0.4590148463132582,0.0008450734312646091,0.7548178448729642,False
7988,SIS,0.7470703125,10,0.06517600449670817,0.0008359062485396862,0.6193036046612314,False
3564,SIR,0.7358257174491882,10,0.7553629110356406,0.0005723746726289392,0.6703127370723335,False
849,SIR,0.8240000009536743,10,0.4708209938887639,0.000659070152323693,0.7035781828613757,False
7941,SIS,0.68359375,10,0.07879873745978266,0.0005131199723109603,0.6321866077569808,False
9428,SIS,0.0024999999441206455,10,0.0024999999441206455,5.3391846449812874e-05,0.06097035590208852,False
2523,SIR,0.0068359375,10,0.10550137797282619,1.8079705341733643e-06,0.000632455598777902,False
3241,SIR,0.002228274242952466,10,0.0036941433292839534,2.988105052281753e-06,0.0392330823482795,False
5478,SIS,0.004999999888241291,10,0.004999999888241291,3.093994746450335e-05,0.01743093527874542,False
6490,SIS,0.004999999888241291,10,0.004999999888241291,1.568235529703088e-05,0.006136374114523035,False
6551,SIS,0.004999999888241291,10,0.004999999888241291,4.011189957964234e-05,0.03601603508123037,False
5178,SIS,0.004999999888241291,10,0.004999999888241291,1.0950770956696942e-06,0.005449332583945875,False
3578,SIR,0.7536519169807434,10,0.8391295866788444,0.0007842014310881495,0.7570102758834818,False
875,SIR,0.8870000243186951,10,0.7757311068754612,0.0005337065667845309,0.8029973562473232,False
9329,SIS,0.03799999877810478,10,0.9516886479618829,0.0005593213718384504,0.576101968555412,False
7853,SIS,0.544921875,10,0.9104375471601461,0.0008387223351746798,0.4158809209755125,False
8010,SIS,0.001237930147908628,10,0.001237930147908628,3.38797653967049e-05,0.06356350275628213,False
7476,SIS,0.0048828125,10,0.0048828125,1.3289079106471036e-05,0.006136374114523035,False
6212,SIS,0.004999999888241291,10,0.004999999888241291,1.087954115064349e-05,0.006512746448735404,False
1838,SIR,0.07199999690055847,10,0.9891356203514169,0.00047140507376752794,0.5315986176778791,False
6292,SIS,0.006000000052154064,10,0.008556708696254588,0.0001321055751759559,0.0730501727479753,False
4602,SIR,0.1875,10,0.5481145457147848,0.0001907620462588966,0.2167228324350276,False
4526,SIR,0.16850000619888306,10,0.5806585115327003,0.00015183455252554268,0.27302890970303295,False
7314,SIS,0.0048828125,10,0.0048828125,1.7287899026996456e-05,0.0060098677120757555,False
5616,SIS,0.012000000104308128,10,0.06101901692300428,0.00016039999900385737,0.24838098707528203,False
3104,SIR,0.002971032401546836,10,0.004639030939647383,3.380804628250189e-05,0.07153487854984306,False
6351,SIS,0.004999999888241291,10,0.004999999888241291,2.7009734822058817e-06,0.005010120429341815,False
9457,SIS,0.0024999999441206455,10,0.0024999999441206455,1.8715338228503242e-05,0.012906521899296919,False
8256,SIS,0.2186184674501419,10,0.001237930147908628,6.442586163757369e-05,0.08389097668558139,False
3569,SIR,0.7387967109680176,10,0.8183314906898945,0.0007278263219632208,0.7338220499392671,False
4784,SIR,0.6915000081062317,10,0.937954942137628,0.0026344475336372852,0.8157534069806693,False
1275,SIR,0.004999999888241291,10,0.0337586224218333,1.2411521765898215e-06,0.005825704918158242,False
4521,SIR,0.14550000429153442,10,0.9905378658242477,0.0004566037387121469,0.40382042352738423,False
6296,SIS,0.006000000052154064,10,0.004999999888241291,1.4664029549749102e-05,0.015359161602394917,False
3650,SIR,0.8727408051490784,10,0.9575280271858688,0.00293878186494112,0.9091823547899286,False
7014,SIS,0.0048828125,10,0.0048828125,1.0733469935075846e-05,0.006512746448735404,False
5264,SIS,0.004999999888241291,10,0.004999999888241291,4.4238942791707814e-05,0.019772032775674468,False
5840,SIS,0.6290000081062317,10,0.09393677869656714,0.00036695809103548527,0.6934642261006639,False
4985,SIR,0.843999981880188,10,0.9997928111898562,0.0025381878949701786,0.8610661977530781,False
8878,SIS,0.8308987617492676,10,0.5670832461690436,0.005494590383023024,0.8278063811462119,False
6873,SIS,0.6539999842643738,10,0.04754961852296725,0.0007669751066714525,0.4616100272154826,False
1386,SIR,0.006000000052154064,10,0.06749643542999019,9.910384051181609e-07,0.005449332583945875,False
5469,SIS,0.00800000037997961,10,0.004999999888241291,2.512000901333522e-05,0.0038784280427285084,False
7828,SIS,0.3759765625,10,0.1045029367907051,0.0002504953881725669,0.05220550583206873,False
4300,SIR,0.0024999999441206455,10,0.033608142771814904,1.3830161833539023e-06,0.004267563556982959,False
7966,SIS,0.7412109375,10,0.07405593595357615,0.000509729259647429,0.6943164056816062,False
4191,SIR,0.0024999999441206455,10,0.033608142771814904,1.3830161833539023e-06,0.004267563556982959,False
9103,SIS,0.0024999999441206455,10,0.0024999999441206455,1.5031282600830309e-05,0.011065297606886994,False
5953,SIS,0.8029999732971191,10,0.9817890543972966,0.002611963078379631,0.9125269743112965,False
1908,SIR,0.1509999930858612,10,0.47166850284419404,0.0005669916281476617,0.6779203201134678,False
9143,SIS,0.0024999999441206455,10,0.0024999999441206455,5.426715870271437e-05,0.07579610542429378,False
7598,SIS,0.009765625,10,0.18265302900071567,0.00020986967138014734,0.09551027896850776,False
4600,SIR,0.0024999999441206455,10,0.02478117339848555,1.4933575585018843e-06,0.005041995384017208,False
5989,SIS,0.8029999732971191,10,0.7370588119757876,0.0018809887114912271,0.9044735410766152,False
9041,SIS,0.0024999999441206455,10,0.0024999999441206455,2.1120033125043847e-05,0.012014891684906529,False
7443,SIS,0.0048828125,10,0.0048828125,2.4602034045528853e-06,-0.016909016538364005,False
2832,SIR,0.0224609375,10,0.2253316624310722,0.00036321801599115133,0.1501769314155042,False
5016,SIS,0.004999999888241291,10,0.004999999888241291,1.2355225180726848e-06,0.005449332583945875,False
6390,SIS,0.004999999888241291,10,0.004999999888241291,3.180585554218851e-05,0.02652028982738224,False
9418,SIS,0.1054999977350235,10,0.0024999999441206455,0.0001050443243002519,0.058614054797874966,False
4828,SIR,0.7149999737739563,10,0.9506828003995241,0.003108025761321187,0.786371224552412,False
4063,SIR,0.005499999970197678,10,0.07666870921575004,4.660536797018722e-05,0.049199654933343724,False
4132,SIR,0.0024999999441206455,10,0.028140753759548536,1.5510491948589333e-06,0.004267563556982959,False
827,SIR,0.8140000104904175,10,0.682908608698137,0.0003075700078625232,0.7211792782246604,False
5339,SIS,0.006000000052154064,10,0.004999999888241291,3.575741720851511e-05,0.03724676967151368,False
696,SIR,0.05400000140070915,10,0.1910354961994295,0.00014358767657540739,0.19495989783143874,False
1012,SIR,0.004999999888241291,10,0.06749643542999019,9.910384051181609e-07,0.005449332583945875,False
9471,SIS,0.0024999999441206455,10,0.0024999999441206455,1.6599069567746483e-05,0.013760525776498358,False
1304,SIR,0.006000000052154064,10,0.07590796860884423,1.417930889147101e-06,0.015155823602760967,False
9567,SIS,0.2280000001192093,10,0.964936039923008,0.0002616920683067292,0.2781600340168562,False
704,SIR,0.5180000066757202,10,0.9996931238570753,0.00048495957162231207,0.4956591344649751,False
5272,SIS,0.004999999888241291,10,0.004999999888241291,4.30688050983008e-05,0.02417535466915995,False
5359,SIS,0.004999999888241291,10,0.004999999888241291,4.05402242904529e-05,0.021806983769972005,False
7361,SIS,0.0048828125,10,0.0048828125,1.2110247553209774e-05,0.006136374114523035,False
9005,SIS,0.0024999999441206455,10,0.0024999999441206455,3.19705463880382e-06,0.04996117038756652,False
1913,SIR,0.3970000147819519,10,0.43459292358563917,0.0002024363202508539,0.34880535099033305,False
2143,SIR,0.0048828125,10,0.006231858723196455,1.2262303243915085e-06,0.005825704918158242,False
4547,SIR,0.22499999403953552,10,0.6358358091791728,0.0002286819217260927,0.4014707918754501,False
7062,SIS,0.0048828125,10,0.0048828125,2.1393738279584795e-05,0.008207175633536444,False
7035,SIS,0.0048828125,10,0.0048828125,1.322733805864118e-05,0.006136374114523035,False
9101,SIS,0.003000000026077032,10,0.0024999999441206455,5.993569357087836e-05,0.2686436707776387,False
8560,SIS,0.6211933493614197,10,0.13528888876791487,0.0004121683887206018,0.6412491776384455,False
6370,SIS,0.004999999888241291,10,0.004999999888241291,1.3797589417663403e-05,0.006136374114523035,False
3805,SIR,0.8858628273010254,10,0.9730746781294198,0.0035697813145816326,0.8780782939699552,False
2070,SIR,0.0048828125,10,0.06594576169529638,9.994143965741387e-07,0.005449332583945875,False
9353,SIS,0.0024999999441206455,10,0.0024999999441206455,1.6091562429210171e-06,0.004077676191937367,False
2904,SIR,0.068359375,10,0.9773911717043778,0.0002854730118997395,0.16502950873268468,False
1648,SIR,0.035999998450279236,10,0.20256183457587681,0.0006630076095461845,0.3503851528894837,False
5978,SIS,0.8009999990463257,10,0.7020825280341256,0.0020954441279172897,0.9160281718326835,False
6269,SIS,0.004999999888241291,10,0.004999999888241291,2.747192957031075e-05,0.020485606273416834,False
3457,SIR,0.19311711192131042,10,0.9917442249977984,0.0003717525687534362,0.4550539162550371,False
723,SIR,0.5370000004768372,10,0.9900514806130601,0.0006571878329850733,0.633659204631928,False
3420,SIR,0.5461748242378235,10,0.9922986129783311,0.000286449067061767,0.5363835245481463,False
6041,SIS,0.004999999888241291,10,0.004999999888241291,3.2840995118021965e-05,0.02070250836408088,False
2455,SIR,0.0078125,10,0.1385516557742564,3.29964746015321e-06,0.0034151446189309904,False
3030,SIR,0.003466204507276416,10,0.059648043742755126,3.086132710450329e-05,0.08326251851175206,False
6352,SIS,0.004999999888241291,10,0.004999999888241291,4.4137766963103786e-05,0.02417535466915995,False
4859,SIR,0.4620000123977661,10,0.9143809412162648,0.0006713267648592591,0.42578274255568993,False
6564,SIS,0.004999999888241291,10,0.004999999888241291,6.840629794169217e-05,0.05241567055991347,False
4249,SIR,0.0024999999441206455,10,0.0037695720497672013,1.4402503438759595e-06,0.004077676191937367,False
1301,SIR,0.004999999888241291,10,0.03966924589688349,1.4041177109902492e-06,0.005449332583945875,False
8243,SIS,0.15746471285820007,10,0.07255419685792054,0.00039710220880806446,0.34294169102571015,False
3125,SIR,0.001485516200773418,10,0.002002324472696255,1.7628312889428344e-06,0.004288794890004382,False
3962,SIR,0.9811834692955017,10,0.9999166214976458,0.0036474631633609533,0.9724116371105882,False
7256,SIS,0.0048828125,10,0.0048828125,1.4854906112304889e-05,0.007381182307361802,False
1682,SIR,0.019999999552965164,10,0.9520087063115699,0.00036989894579164684,0.4000096303994735,False
7929,SIS,0.6591796875,10,0.051255137514927135,0.00045588373905047774,0.6858841671251005,False
3645,SIR,0.8269373774528503,10,0.8885687236708933,0.0011378516210243106,0.7531978491746573,False
4140,SIR,0.0024999999441206455,10,0.02478117339848555,1.4933575585018843e-06,0.005041995384017208,False
388,SIR,0.008999999612569809,10,0.10848275943932013,6.537031003972515e-05,0.06354227645690776,False
8199,SIS,0.005199306644499302,10,0.1787708580479442,0.00029311227262951434,0.3476471617618584,False
1792,SIR,0.02500000037252903,10,0.9840889243704628,0.00017266142822336406,0.21499041213074677,False
1664,SIR,0.012000000104308128,10,0.12817880499249035,2.832717655110173e-05,0.10657161876113608,False
8731,SIS,0.7524139881134033,10,0.30252603236288134,0.0027799729723483324,0.8838880330296786,False
2956,SIR,0.826171875,10,0.4145832580153355,0.0006786847952753305,0.673129847711453,False
2371,SIR,0.005859375,10,0.04755833014034048,1.4495196865027538e-06,-0.00016864804236451535,False
38,SIR,0.004999999888241291,10,0.06749643542999019,9.910384051181609e-07,0.005449332583945875,False
9250,SIS,0.0024999999441206455,10,0.0024999999441206455,1.5098376024980098e-05,0.011065297606886994,False
2852,SIR,0.087890625,10,0.35251520195831587,0.0005810883594676852,0.5660003898778266,False
4096,SIR,0.003000000026077032,10,0.03591193918366402,1.6698016906957491e-06,0.005881274147158341,False
4704,SIR,0.22750000655651093,10,0.5777220277288363,0.000483606563648209,0.38030453202469316,False
3056,SIR,0.002723446348682046,10,0.005803231470459128,9.950081584975123e-05,0.06768672305441004,False
3490,SIR,0.5835602879524231,10,0.6708786769594416,0.0004031534190289676,0.6424629763504859,False
2262,SIR,0.0048828125,10,0.06594576169529638,9.994143965741387e-07,0.005449332583945875,False
1771,SIR,0.0729999989271164,10,0.23763748182805194,0.0007580842939205468,0.5056780853136046,False
7395,SIS,0.0048828125,10,0.0048828125,1.400933524564607e-05,0.0007642622740137827,False
8964,SIS,0.8670462965965271,10,0.7459467119456725,0.003201644867658615,0.8536948497267669,False
1202,SIR,0.006000000052154064,10,0.08604269155548826,1.257475787497242e-06,0.015155823602760967,False
3904,SIR,0.9603862166404724,10,0.9991602337974334,0.004819933790713549,0.9588773685973673,False
7402,SIS,0.0048828125,10,0.0048828125,6.70536101097241e-05,0.034928403927571815,False
6485,SIS,0.004999999888241291,10,0.004999999888241291,1.6090172721305862e-05,0.025447984217141346,False
1256,SIR,0.007000000216066837,10,0.12710466849617047,2.1279090560710756e-06,0.011293992471447677,False
9489,SIS,0.0024999999441206455,10,0.0024999999441206455,1.9197057099518133e-06,0.0067729043615487325,False
1781,SIR,0.15800000727176666,10,0.4392529843921372,0.0003957083390560001,0.5221643685059756,False
7206,SIS,0.0048828125,10,0.0048828125,1.5659503333154134e-05,0.0028824186965411454,False
5390,SIS,0.004999999888241291,10,0.004999999888241291,1.2018287634418812e-05,0.01486809742130883,False
7028,SIS,0.0048828125,10,0.0048828125,1.1920074030058458e-06,0.005449332583945875,False
975,SIR,0.9670000076293945,10,0.9993446271594352,0.0011804304085671902,0.8690975386531575,False
3284,SIR,0.008170339278876781,10,0.26788973592638493,0.0003722240508068353,0.25826668205166387,False
7355,SIS,0.0048828125,10,0.0048828125,1.110266111936653e-05,0.006512746448735404,False
8406,SIS,0.43352314829826355,10,0.25698220381264253,0.00047048970009200275,0.7001004620136961,False
3020,SIR,0.002723446348682046,10,0.05284484144638589,3.146411108900793e-05,0.17764270929358603,False
3069,SIR,0.04109928384423256,10,0.4375836845370497,0.00034403387689962983,0.32374202290447635,False
3160,SIR,0.1594454050064087,10,0.18069629977112636,0.0003751915355678648,0.28534297191575275,False
7810,SIS,0.341796875,10,0.04168359838267808,0.0007053991430439055,0.5645907042925423,False
499,SIR,0.008999999612569809,10,0.01466795660669409,3.5207300243200734e-05,0.022452485142537528,False
4441,SIR,0.0024999999441206455,10,0.028140753759548536,1.5510491948589333e-06,0.004267563556982959,False
3677,SIR,0.879673182964325,10,0.9565578639779267,0.0026306903455406427,0.8706295631297164,False
9501,SIS,0.0024999999441206455,10,0.0024999999441206455,1.5098376024980098e-05,0.011065297606886994,False
6641,SIS,0.006000000052154064,10,0.004999999888241291,2.33247374126222e-05,0.028831977992394165,False
193,SIR,0.004999999888241291,10,0.06749643542999019,9.910384051181609e-07,0.005449332583945875,False
4938,SIR,0.8420000076293945,10,0.9988899686687954,0.0018345392309129238,0.7572876312519613,False
6987,SIS,0.7670000195503235,10,0.09001442339302061,0.0002527357719372958,0.5342870258459947,False
1223,SIR,0.004999999888241291,10,0.06749643542999019,9.910384051181609e-07,0.005449332583945875,False
5089,SIS,0.004999999888241291,10,0.004999999888241291,8.075982623267919e-05,0.058871562380844525,False
1639,SIR,0.014000000432133675,10,0.1243776476350379,6.501340976683423e-05,0.09391413892536554,False
4486,SIR,0.004999999888241291,10,0.10516265177648453,3.490655217319727e-05,0.2870489088558965,False
1243,SIR,0.006000000052154064,10,0.09081551004396435,1.0650312560755992e-06,0.005449332583945875,False
1715,SIR,0.012000000104308128,10,0.006008564090385355,7.702576840529218e-05,0.0464749612020252,False
699,SIR,0.00800000037997961,10,0.010110544584763266,4.1576026887923945e-06,0.03541084853300296,False
3546,SIR,0.6754146814346313,10,0.7170623930002544,0.0004692063375841826,0.6970089153887052,False
160,SIR,0.004999999888241291,10,0.050430052259810954,1.1053596153942635e-06,0.005449332583945875,False
3067,SIR,0.050259966403245926,10,0.11333116453121202,0.000168631857377477,0.38351573171280273,False
6938,SIS,0.7289999723434448,10,0.062465553105344664,0.00045755706378258765,0.5735678207957251,False
5224,SIS,0.004999999888241291,10,0.004999999888241291,1.2986763977096416e-05,0.006136374114523035,False
8339,SIS,0.2815053164958954,10,0.30380623265282475,0.0003558405442163348,0.249665844135581,False
8829,SIS,0.808120846748352,10,0.7003349935072064,0.007482004351913929,0.8701845450383979,False
4508,SIR,0.0035000001080334187,10,0.05287966363497969,2.403879989287816e-06,0.014103807814338265,False
7357,SIS,0.0048828125,10,0.0048828125,2.1401283447630703e-06,0.005449332583945875,False
5981,SIS,0.800000011920929,10,0.9055923955139513,0.002365731168538332,0.9134832454688632,False
9673,SIS,0.3264999985694885,10,0.2053890340965619,0.000819479872006923,0.497389934954512,False
5691,SIS,0.25200000405311584,10,0.09359297661509053,0.000618378515355289,0.6080288408526049,False
774,SIR,0.6940000057220459,10,0.9889326798157453,0.0006691059097647667,0.672717196008191,False
6811,SIS,0.4790000021457672,10,0.24710675931119985,0.0001610132458154112,0.4296867576610545,False
6755,SIS,0.008999999612569809,10,0.08163771189997106,0.00018338162044528872,0.12617211487968538,False
3267,SIR,0.31393909454345703,10,0.692734767779367,0.0004073441668879241,0.5566236156287008,False
7048,SIS,0.0048828125,10,0.0048828125,1.6368241631425917e-05,0.005697161959918977,False
8432,SIS,0.4340183138847351,10,0.5136656307539786,0.00028688827296718955,0.38114622195088044,False
6124,SIS,0.004999999888241291,10,0.004999999888241291,1.883647018985357e-05,0.008646387788140504,False
4971,SIR,0.9984999895095825,10,0.9995598261924487,0.001953492173925042,0.7632057849573592,False
7051,SIS,0.0048828125,10,0.0048828125,1.6359113942598924e-05,0.004112997891230786,False
2041,SIR,0.0048828125,10,0.055546461031396425,1.1424864396758494e-06,0.005449332583945875,False
8418,SIS,0.4387224614620209,10,0.9772136900550478,0.00030871134367771447,0.5390588870619945,False
7056,SIS,0.0048828125,10,0.0048828125,1.5081822084539453e-06,0.005449332583945875,False
9252,SIS,0.0024999999441206455,10,0.0024999999441206455,2.0279949239920825e-05,0.02561182835467933,False
1824,SIR,0.06700000166893005,10,0.2551296067148217,0.0011879530502483249,0.5485029838964951,False
9010,SIS,0.0024999999441206455,10,0.0024999999441206455,2.0213190055073937e-06,0.00569138678211275,False
2511,SIR,0.005859375,10,0.08873983597462973,1.0717008080973756e-06,0.005449332583945875,False
9051,SIS,0.0024999999441206455,10,0.0024999999441206455,1.8071386875817552e-05,0.02891106821686603,False
8673,SIS,0.7128002047538757,10,0.45654842077407704,0.002891208278015256,0.8574365244486156,False
524,SIR,0.014000000432133675,10,0.005911407148182866,8.256421278929338e-05,0.06473656149150075,False
167,SIR,0.004999999888241291,10,0.06749643542999019,9.910384051181609e-07,0.005449332583945875,False
8629,SIS,0.6764050722122192,10,0.2781466003939047,0.0010187969310209155,0.7612434399774008,False
2670,SIR,0.013671875,10,0.005177393164626676,1.536944546387531e-05,0.0018402291582515669,False
3325,SIR,0.3911859393119812,10,0.5488438815082805,0.0004728749336209148,0.5120216636429923,False
901,SIR,0.9449999928474426,10,0.9921042996792411,0.0003899658040609211,0.8366462002583148,False
5506,SIS,0.004999999888241291,10,0.004999999888241291,3.81124482373707e-05,0.017763018659620756,False
6311,SIS,0.004999999888241291,10,0.004999999888241291,4.306970731704496e-05,0.021575018550491393,False
934,SIR,0.9419999718666077,10,0.9761512494684942,0.0009551101829856634,0.8631043408774275,False
9042,SIS,0.0024999999441206455,10,0.0024999999441206455,2.9702299798373133e-05,0.03027394178910732,False
5340,SIS,0.004999999888241291,10,0.004999999888241291,1.8914881366072223e-05,0.008646387788140504,False
3430,SIR,0.5184451341629028,10,0.9921276382490313,0.0003145051305182278,0.5425097654892634,False
7253,SIS,0.0048828125,10,0.0048828125,1.3670595762960147e-05,0.005583317576109211,False
1959,SIR,0.6639999747276306,10,0.5814029976459734,0.00031374834361486137,0.69557149352033,False
3780,SIR,0.9398366212844849,10,0.956577592115523,0.0018439446575939655,0.7700993986832644,False
6012,SIS,0.004999999888241291,10,0.004999999888241291,1.0761077646748163e-06,0.005449332583945875,False
1365,SIR,0.007000000216066837,10,0.09531993440639833,1.102050305235025e-06,0.005449332583945875,False
8331,SIS,0.29091358184814453,10,0.9491581177602779,0.00035591586492955685,0.37862130503572583,False
2332,SIR,0.005859375,10,0.09269782975353891,1.4073432339500869e-06,0.006123929822641014,False
6164,SIS,0.004999999888241291,10,0.004999999888241291,1.5134979548747651e-05,0.009347154930044418,False
9404,SIS,0.10450000315904617,10,0.0024999999441206455,3.122146881651133e-05,0.02998499241854154,False
4517,SIR,0.11999999731779099,10,0.24747103479653904,0.00012100484309485182,0.17607169294933672,False
9813,SIS,0.5339999794960022,10,0.3876897198800305,0.0015899764839559793,0.6730673284672933,False
2362,SIR,0.0068359375,10,0.07675097729596948,2.0273423615435604e-06,0.005322826181498596,False
9266,SIS,0.0024999999441206455,10,0.0024999999441206455,1.767448520695325e-05,0.012906521899296919,False
8446,SIS,0.43228521943092346,10,0.2211552319047521,0.0005215584533289075,0.7000394716641531,False
7514,SIS,0.0048828125,10,0.0048828125,0.0001400644105160609,0.06459069511310779,False
5950,SIS,0.8090000152587891,10,0.9734676841891866,0.0008131887298077345,0.8264770591540652,False
9446,SIS,0.10899999737739563,10,0.21777384761343205,0.0002515628293622285,0.16215693668962802,False
7220,SIS,0.0048828125,10,0.0048828125,1.139390587923117e-05,0.006136374114523035,False
7639,SIS,0.0068359375,10,0.14998121732515748,0.00019820404122583568,0.05407074533632971,False
3879,SIR,0.9378558993339539,10,0.9987429055550042,0.003238055622205138,0.9043545189157884,False
6859,SIS,0.6510000228881836,10,0.06658460938322329,0.0003083583724219352,0.3802767751802007,False
8729,SIS,0.7506808638572693,10,0.42042827263490434,0.002816085470840335,0.8549073676064026,False
2675,SIR,0.005859375,10,0.05322499608624131,1.0872071243284154e-06,0.005449332583945875,False
4138,SIR,0.0024999999441206455,10,0.033608142771814904,1.3830161833539023e-06,0.004267563556982959,False
9841,SIS,0.5145000219345093,10,0.9788691635040969,0.002670428017154336,0.6651462558751964,False
3452,SIR,0.5261203050613403,10,0.5180841905885727,0.0002486744779162109,0.4472466948444526,False
5657,SIS,0.24300000071525574,10,0.004999999888241291,4.219346374156885e-05,0.05787339225229163,False
391,SIR,0.004999999888241291,10,0.06749643542999019,9.910384051181609e-07,0.005449332583945875,False
2060,SIR,0.0048828125,10,0.0492363939880594,1.1152504839628818e-06,0.005449332583945875,False
7261,SIS,0.0048828125,10,0.0048828125,4.5356544433161616e-05,0.021575018550491393,False
5729,SIS,0.414000004529953,10,0.10668669179925962,0.00035314238630235195,0.3228842364670191,False
4527,SIR,0.37549999356269836,10,0.9918743468387111,0.00026141927810385823,0.27730288682754495,False
5955,SIS,0.8040000200271606,10,0.9795031478744829,0.0015109062660485506,0.9343113389342927,False
2711,SIR,0.013671875,10,0.005443257897104726,6.072907126508653e-05,0.02615411783862322,False
147,SIR,0.004999999888241291,10,0.0627050950641575,1.1594513580348575e-06,0.005449332583945875,False
8715,SIS,0.7571181058883667,10,0.4303655185731103,0.005387814249843359,0.8599694663720183,False
7266,SIS,0.0048828125,10,0.0048828125,1.5252924640662968e-05,0.004489370225443154,False
4400,SIR,0.0024999999441206455,10,0.033608142771814904,1.3830161833539023e-06,0.004267563556982959,False
9578,SIS,0.2224999964237213,10,0.9610939665313286,0.0006107340450398624,0.4124571494085851,False
6827,SIS,0.4959999918937683,10,0.08421835160971834,0.00044026682735420763,0.5181825710137937,False
4085,SIR,0.0024999999441206455,10,0.033608142771814904,1.3830161833539023e-06,0.004267563556982959,False
1828,SIR,0.04399999976158142,10,0.31640564472877747,0.0006675313925370574,0.4799400385154807,False
6032,SIS,0.004999999888241291,10,0.004999999888241291,2.7680813218466938e-05,0.020485606273416834,False
3205,SIR,0.001733102253638208,10,0.002776548629204462,2.248330019938294e-06,0.0027109549107091433,False
2993,SIR,0.755859375,10,0.4172251711670207,0.0005246393266133964,0.5697572409385676,False
1901,SIR,0.2930000126361847,10,0.4507761491066956,0.0005061611882410944,0.5625815999492023,False
4748,SIR,0.45100000500679016,10,0.910768969906587,0.0007038560579530895,0.48186918919168925,False
6801,SIS,0.531000018119812,10,0.1811906598088868,0.00035130829201079905,0.36069714141120807,False
2050,SIR,0.0048828125,10,0.06594576169529638,9.994143965741387e-07,0.005449332583945875,False
2762,SIR,0.017578125,10,0.08140059990070916,0.0003824619634542614,0.146285334769572,False
3736,SIR,0.8861104249954224,10,0.9602685223591609,0.004042798187583685,0.8628866005366879,False
675,SIR,0.009999999776482582,10,0.005406849426657435,2.1786638171761297e-05,0.024937813394729978,False
126,SIR,0.004999999888241291,10,0.06749643542999019,9.910384051181609e-07,0.005449332583945875,False
9785,SIS,0.4555000066757202,10,0.3248174421440734,0.004654679447412491,0.8196373794303354,False
474,SIR,0.007000000216066837,10,0.0805689883212433,2.6206487291347003e-06,0.01723561946222502,False
4220,SIR,0.0024999999441206455,10,0.02478117339848555,1.4933575585018843e-06,0.005041995384017208,False
2724,SIR,0.021484375,10,0.9627366735697584,0.0003032580716535449,0.12653168767452172,False
7936,SIS,0.6591796875,10,0.04726125447792135,0.00026287490618415177,0.2819951783053924,False
5126,SIS,0.004999999888241291,10,0.004999999888241291,1.241525183104386e-06,0.005449332583945875,False
1817,SIR,0.09200000017881393,10,0.3915482153122033,0.0003860661818180233,0.47398632421972237,False
3385,SIR,0.4877444803714752,10,0.5151570652480149,0.000256130937486887,0.3959984355018706,False
5458,SIS,0.004999999888241291,10,0.004999999888241291,1.3827438124280889e-05,0.01396996821615521,False
1581,SIR,0.01899999938905239,10,0.20489420646617468,0.00017047357687260956,0.3230226589742337,False
2058,SIR,0.0048828125,10,0.06594576169529638,9.994143965741387e-07,0.005449332583945875,False
1524,SIR,0.014000000432133675,10,0.11627328339614612,0.00031584466341882944,0.17730647813217906,False
7552,SIS,0.005859375,10,0.0048828125,3.429716161917895e-05,0.010614300652899023,False
1854,SIR,0.19699999690055847,10,0.3863614583868097,0.0004411500704009086,0.4401488686276747,False
7799,SIS,0.0087890625,10,0.011953320549232845,0.00029653075034730136,0.04902998652240202,False
2188,SIR,0.0048828125,10,0.0492363939880594,1.1152504839628818e-06,0.005449332583945875,False
97,SIR,0.004999999888241291,10,0.044590221205772246,1.0612787946229219e-06,0.005449332583945875,False
9957,SIS,0.6894999742507935,10,0.6020008943507427,0.002200116403400898,0.7910405619820536,False
7068,SIS,0.0048828125,10,0.0048828125,1.4742149687663186e-06,0.005449332583945875,False
2108,SIR,0.0048828125,10,0.006231858723196455,1.2262303243915085e-06,0.005825704918158242,False
6326,SIS,0.004999999888241291,10,0.004999999888241291,2.7920241336687468e-05,0.026055073424359435,False
2958,SIR,0.7724609375,10,0.38663869762429565,0.0008095530210994184,0.5679721195152247,False
1016,SIR,0.004999999888241291,10,0.05690381545353378,1.131779640672903e-06,0.005449332583945875,False
6611,SIS,0.004999999888241291,10,0.004999999888241291,1.078671289178601e-06,0.005449332583945875,False
9218,SIS,0.0024999999441206455,10,0.0024999999441206455,2.8394792025210336e-05,0.03027394178910732,False
1312,SIR,0.004999999888241291,10,0.044590221205772246,1.0612787946229219e-06,0.005449332583945875,False
9675,SIS,0.0024999999441206455,10,0.0024999999441206455,1.603374221303966e-05,0.013760525776498358,False
9801,SIS,0.5099999904632568,10,0.3965430503864717,0.0017262691399082541,0.7166993998079998,False
2048,SIR,0.0048828125,10,0.04354736874975224,1.0709509297157638e-06,0.005449332583945875,False
4571,SIR,0.0024999999441206455,10,0.033608142771814904,1.3830161833539023e-06,0.004267563556982959,False
795,SIR,0.7409999966621399,10,0.33068309043065314,0.0005614528199657798,0.3644362565388545,False
1341,SIR,0.006000000052154064,10,0.06326339291040814,1.1985046057816362e-06,0.008749269690112018,False
2923,SIR,0.33984375,10,0.1654180928499128,0.00022393140534404665,0.11309731100948794,False
2885,SIR,0.103515625,10,0.9885171508922556,0.0009993421845138073,0.10490361981633192,False
7841,SIS,0.3291015625,10,0.03580274694426393,0.0003259326331317425,0.11665730272429602,False
6500,SIS,0.008999999612569809,10,0.4949716490095353,0.0004557062638923526,0.36153885344952047,False
6449,SIS,0.00800000037997961,10,0.12003088327616329,0.00035436017788015306,0.3636012447280186,False
249,SIR,0.006000000052154064,10,0.06326339291040814,1.1985046057816362e-06,0.008749269690112018,False
4081,SIR,0.0024999999441206455,10,0.033608142771814904,1.3830161833539023e-06,0.004267563556982959,False
5397,SIS,0.004999999888241291,10,0.004999999888241291,1.591157888469752e-05,0.012542928027171983,False
5894,SIS,0.7110000252723694,10,0.9593949149940796,0.0006903072353452444,0.7655458951382327,False
1529,SIR,0.007000000216066837,10,0.009040412582026171,1.3713442967855372e-06,0.008749269690112018,False
8140,SIS,0.001237930147908628,10,0.001237930147908628,6.258450594032183e-05,0.08664937336026968,False
769,SIR,0.023000000044703484,10,0.2197348639386388,0.0002548887860029936,0.35941597412405385,False
5847,SIS,0.6380000114440918,10,0.12934543304924156,0.0003297975636087358,0.7268189239387055,False
6073,SIS,0.004999999888241291,10,0.004999999888241291,2.7263786250841804e-05,0.006849153191843356,False
3590,SIR,0.7932656407356262,10,0.992262698058258,0.00045161833986639977,0.7070947549373028,False
1203,SIR,0.006000000052154064,10,0.044590221205772246,1.0612787946229219e-06,0.005449332583945875,False
3818,SIR,0.9267145395278931,10,0.996219327359584,0.0028516214806586504,0.9132326171395642,False
1570,SIR,0.006000000052154064,10,0.12353297167194452,1.671334416641912e-06,0.012093103763089216,False
6773,SIS,0.38100001215934753,10,0.180610607971939,0.00023274628620129079,0.3411912772722611,False
6119,SIS,0.004999999888241291,10,0.004999999888241291,2.4768192815827206e-05,0.007039436259238523,False
169,SIR,0.004999999888241291,10,0.050430052259810954,1.1053596153942635e-06,0.005449332583945875,False
1573,SIR,0.007000000216066837,10,0.1037784706684998,1.3277145853862748e-06,0.006123929822641014,False
793,SIR,0.6890000104904175,10,0.9910523386462592,0.0005970106576569378,0.8222232817877665,False
1984,SIR,0.5370000004768372,10,0.4438950676754413,0.0003003227466251701,0.5434471284025613,False
980,SIR,0.953000009059906,10,0.9942335606778279,0.0014313202118501067,0.8912177353428867,False
8733,SIS,0.7558801770210266,10,0.48914111371865365,0.003254357958212495,0.8554270186580554,False
603,SIR,0.008999999612569809,10,0.005570501981076028,2.4585528080933727e-05,0.03641888251329058,False
9529,SIS,0.17599999904632568,10,0.8569259506839164,0.0005507483729161322,0.42885211536751017,False
1466,SIR,0.009999999776482582,10,0.005922308963837027,0.00010505554382689297,0.10166336262886953,False
6635,SIS,0.004999999888241291,10,0.004999999888241291,1.1152588967888732e-06,0.005449332583945875,False
5807,SIS,0.6330000162124634,10,0.11983959589478546,0.0004500971408560872,0.6818670134006843,False
8692,SIS,0.7207229733467102,10,0.2652394817090868,0.0010422311024740338,0.7533074182024048,False
7537,SIS,0.0048828125,10,0.0048828125,2.7931613658438437e-05,-0.004427977482568446,False
2485,SIR,0.0078125,10,0.13212324121286892,2.138074705726467e-05,0.006373308991583487,False
1625,SIR,0.014000000432133675,10,0.10696600149687631,9.542483894620091e-05,0.07758027743572625,False
9003,SIS,0.0024999999441206455,10,0.0024999999441206455,5.431769386632368e-05,0.08570738184076786,False
8590,SIS,0.6197078227996826,10,0.16766927031582476,0.0006857033586129546,0.7561250666192157,False
5844,SIS,0.6340000033378601,10,0.9335758561456337,0.0006313911871984601,0.7671861877367812,False
7900,SIS,0.68359375,10,0.05178132968159372,0.0007157472427934408,0.41489635253965107,False
1998,SIR,0.6389999985694885,10,0.6050920005315703,0.00028582080267369747,0.6188665576260072,False
1816,SIR,0.09300000220537186,10,0.34400851568224994,0.0007112353923730552,0.4759943204197921,False
1996,SIR,0.5680000185966492,10,0.6237639424456063,0.00036385812563821673,0.7155410744449553,False
4276,SIR,0.008999999612569809,10,0.17016585470786497,4.86019671370741e-05,0.07782038777650112,False
431,SIR,0.008999999612569809,10,0.04458374586753539,2.902965434259386e-06,0.015840074435514682,False
5843,SIS,0.6299999952316284,10,0.9531858647415811,0.0007366306963376701,0.8173742930626045,False
8098,SIS,0.001237930147908628,10,0.001237930147908628,1.6588846847298555e-05,0.01560874829336794,False
7353,SIS,0.0048828125,10,0.0048828125,1.079622597899288e-05,0.006512746448735404,False
1865,SIR,0.32600000500679016,10,0.40812237493732967,0.0007286934996955097,0.5696222398490784,False
9136,SIS,0.0024999999441206455,10,0.0024999999441206455,1.715919097478036e-05,0.01036155651372383,False
1369,SIR,0.006000000052154064,10,0.09700684140996987,1.5128308632483822e-06,0.008749269690112018,False
971,SIR,0.953000009059906,10,0.9981318343979301,0.0015582690248265862,0.9006396531502726,False
9050,SIS,0.0024999999441206455,10,0.0024999999441206455,1.5098376024980098e-05,0.011065297606886994,False
9232,SIS,0.0024999999441206455,10,0.0024999999441206455,2.1280511646182276e-06,0.0067729043615487325,False
8814,SIS,0.8101015090942383,10,0.42982133345452356,0.004686121828854084,0.8599694663720183,False
8096,SIS,0.001485516200773418,10,0.001237930147908628,4.3368600017856807e-05,0.04323019543409007,False
2286,SIR,0.0048828125,10,0.0492363939880594,1.1152504839628818e-06,0.005449332583945875,False
3124,SIR,0.002723446348682046,10,0.0023542725931076204,9.113836858887225e-05,0.06255054145485084,False
3090,SIR,0.001485516200773418,10,0.0032610902156903613,1.7282785620409413e-06,0.004288794890004382,False
8212,SIS,0.15647438168525696,10,0.001237930147908628,9.666148980613798e-05,0.1315459653499057,False
6907,SIS,0.7039999961853027,10,0.06039774796646239,0.0006668567075394094,0.5716856915468735,False
3023,SIR,0.001485516200773418,10,0.025717300543195206,2.290788188474835e-06,0.013898602782828411,False
3863,SIR,0.9485021233558655,10,0.9992598710620963,0.003638013731688261,0.9235333792183823,False
4728,SIR,0.40400001406669617,10,0.9423499527189059,0.0007384616183117032,0.5726757089753307,False
114,SIR,0.004999999888241291,10,0.050430052259810954,1.1053596153942635e-06,0.005449332583945875,False
966,SIR,0.9660000205039978,10,0.9940358534334083,0.0027610298711806536,0.9047461441069208,False
4655,SIR,0.34450000524520874,10,0.7334892956664169,0.0003892745589837432,0.34308710597934833,False
232,SIR,0.004999999888241291,10,0.0396840896291303,1.2694636097876355e-06,0.005449332583945875,False
4364,SIR,0.0024999999441206455,10,0.033608142771814904,1.3830161833539023e-06,0.004267563556982959,False
9247,SIS,0.0024999999441206455,10,0.0024999999441206455,2.1665618987753987e-05,0.017957875702675315,False
5600,SIS,0.06199999898672104,10,0.26777413963856994,0.0002665126812644303,0.37093071655326143,False
3186,SIR,0.14805644750595093,10,0.1139015666437687,0.00030258804326877,0.43683230467256057,False
8870,SIS,0.835107684135437,10,0.5139718666996813,0.0056222002021968365,0.8779859046061415,False
6181,SIS,0.004999999888241291,10,0.004999999888241291,2.2499438273371197e-05,0.009576375372223557,False
959,SIR,0.9670000076293945,10,0.9988588202981817,0.0014669430674985051,0.9006396531502726,False
2806,SIR,0.1123046875,10,0.24635910605362388,0.000352504983311519,0.13688148820026091,False
2868,SIR,0.134765625,10,0.9899614049488689,0.0005467145820148289,0.6318675063270693,False
5183,SIS,0.004999999888241291,10,0.004999999888241291,1.2124843124183826e-05,0.006512746448735404,False
799,SIR,0.6890000104904175,10,0.39767593943854657,0.0009307616273872554,0.7082711545376076,False
563,SIR,0.023000000044703484,10,0.20493757569507426,0.00021888264745939523,0.15363770616424025,False
3476,SIR,0.5397375822067261,10,0.5831713005679823,0.0002829443837981671,0.4510465282556832,False
2205,SIR,0.0048828125,10,0.06594576169529638,9.994143965741387e-07,0.005449332583945875,False
2089,SIR,0.0048828125,10,0.04354736874975224,1.0709509297157638e-06,0.005449332583945875,False
1555,SIR,0.01600000075995922,10,0.19041846577614727,5.801957377116196e-05,0.06349395991630093,False
5976,SIS,0.796999990940094,10,0.6164212395527294,0.0027757936622947454,0.9047461441069208,False
4186,SIR,0.0024999999441206455,10,0.0033938828713119006,1.6091562429210171e-06,0.004077676191937367,False
7173,SIS,0.0048828125,10,0.0048828125,2.7377855076338165e-05,0.0053774105791809124,False
3726,SIR,0.8982421159744263,10,0.926391382649207,0.002860769396647811,0.8516149658777198,False
7899,SIS,0.5712890625,10,0.04360458087832752,0.00043755938531830907,0.3756443532863009,False
8681,SIS,0.7194850444793701,10,0.35770779825718313,0.0015602650819346309,0.8751955827961956,False
477,SIR,0.00800000037997961,10,0.0740055381837177,2.710929265958839e-06,0.013906419785056348,False
2849,SIR,0.021484375,10,0.17417959358978424,0.0002517067769076675,0.029190938838969765,False
4295,SIR,0.0024999999441206455,10,0.033608142771814904,1.3830161833539023e-06,0.004267563556982959,False
1342,SIR,0.007000000216066837,10,0.10169114505343806,2.561883093221695e-06,0.013238964999467962,False
1734,SIR,0.01899999938905239,10,0.14766496458286726,0.00018691759032662958,0.17485813156826074,False
8369,SIS,0.36741766333580017,10,0.24841265995876222,0.0001630963379284367,0.44139540943829103,False
7091,SIS,0.0048828125,10,0.0048828125,2.709213185880799e-05,0.0053774105791809124,False
9524,SIS,0.18150000274181366,10,0.11134915240069972,0.0003445314650889486,0.518535857595386,False
5985,SIS,0.8100000023841858,10,0.6803309634051874,0.002774529391899705,0.9065408724169408,False
6319,SIS,0.004999999888241291,10,0.004999999888241291,1.3435700566333253e-05,0.014428885266704768,False
4175,SIR,0.0024999999441206455,10,0.0031379245069443084,1.5448873682544217e-06,0.0067729043615487325,False
5535,SIS,0.004999999888241291,10,0.004999999888241291,1.2250416148162913e-05,0.006136374114523035,False
3146,SIR,0.07056201994419098,10,0.5525328311223378,0.00022615237685386091,0.2247102488522244,False
5115,SIS,0.004999999888241291,10,0.004999999888241291,1.2156880075053778e-05,0.0067065850686666645,False
7333,SIS,0.0048828125,10,0.0048828125,3.1832045351620764e-05,0.011348943909233222,False
2491,SIR,0.0048828125,10,0.0492363939880594,1.1152504839628818e-06,0.005449332583945875,False
6881,SIS,0.6570000052452087,10,0.03486696194069822,0.00038605937152169645,0.5534430962133524,False
6601,SIS,0.01600000075995922,10,0.058652675532085946,0.0003632121079135686,0.27180845581567786,False
1311,SIR,0.004999999888241291,20,0.044593063901457536,1.561211888656544e-06,0.006014292893229967,False
4806,SIR,0.45100000500679016,20,0.907349167061822,4.2671636037994176e-05,0.4591146547140606,False
8735,SIS,0.7543946504592896,20,0.6319176485632462,0.0011968178441748023,0.757440713338106,False
7410,SIS,0.0048828125,20,0.0048828125,7.223178727144841e-06,0.004785942813724882,False
6340,SIS,0.004999999888241291,20,0.004999999888241291,1.9602680367825087e-06,0.0049172526364750085,False
5441,SIS,0.004999999888241291,20,0.004999999888241291,1.2452755072445143e-05,0.019030566505427733,False
8980,SIS,0.8566476702690125,20,0.815956422142274,0.0013484160881489515,0.8778119739007163,False
1287,SIR,0.004999999888241291,20,0.06743625596160359,1.5743856920380495e-06,0.006014292893229967,False
9357,SIS,0.0024999999441206455,20,0.0024999999441206455,2.0439581476239255e-06,0.005042833484122343,False
6567,SIS,0.006000000052154064,20,0.004999999888241291,2.4755245249252766e-06,0.011923441715999005,False
3059,SIR,0.001237930147908628,20,0.0021657290348142274,2.1138037027412793e-06,0.0032635252855821102,False
4202,SIR,0.0024999999441206455,20,0.033497230603247795,1.950712203324656e-06,0.00348329621777399,False
8402,SIS,0.4364941716194153,20,0.16264989734267096,0.00016744314052630216,0.4605555059600521,False
2190,SIR,0.0048828125,20,0.06584973555696107,1.5902544419077458e-06,0.006014292893229967,False
6869,SIS,0.6539999842643738,20,0.07635916466532151,0.0001541686215205118,0.660449346915411,False
6475,SIS,0.004999999888241291,20,0.004999999888241291,1.7813651993492385e-06,0.005174143306872469,False
4922,SIR,0.6575000286102295,20,0.9916037372451859,5.197060090722516e-05,0.7237392263246545,False
8514,SIS,0.5664768218994141,20,0.3349214461001352,0.00021694766473956406,0.670712828476731,False
9954,SIS,0.6779999732971191,20,0.618070370821731,0.0018127320799976587,0.7124218658022429,False
2424,SIR,0.005859375,20,0.0772723888209627,1.5914120012894273e-06,0.0049172526364750085,False
3890,SIR,0.9546917676925659,20,0.999698416565685,9.218066406901926e-05,0.9512400555071597,False
4045,SIR,0.0024999999441206455,20,0.003789322856406986,1.8846968714569812e-06,0.00348329621777399,False
7262,SIS,0.0048828125,20,0.0048828125,1.7877422351375571e-06,0.005174143306872469,False
1372,SIR,0.007000000216066837,20,0.11078776826500049,1.6735785948185367e-06,0.009565684918208582,False
9704,SIS,0.39100000262260437,20,0.32540149544635866,0.0006322474800981581,0.512741748573287,False
9760,SIS,0.4490000009536743,20,0.3892044962994271,0.0010593628976494074,0.8216687324923154,False
4097,SIR,0.0024999999441206455,20,0.003789322856406986,1.8846968714569812e-06,0.00348329621777399,False
1069,SIR,0.004999999888241291,20,0.044593063901457536,1.561211888656544e-06,0.006014292893229967,False
2657,SIR,0.01953125,20,0.19630725621647624,1.5106052160263062e-05,0.04622467814199961,False
2156,SIR,0.0048828125,20,0.04354854497398366,1.5730200857433374e-06,0.006014292893229967,False
2735,SIR,0.021484375,20,0.01446787975494538,2.5923834982677363e-05,0.06263607555921068,False
4465,SIR,0.1185000017285347,20,0.5131869008743304,8.196222188416868e-05,0.13987104800711112,False
2106,SIR,0.0048828125,20,0.06584973555696107,1.5902544419077458e-06,0.006014292893229967,False
5492,SIS,0.00800000037997961,20,0.004999999888241291,2.183743617933942e-06,0.013767833532582952,False
3753,SIR,0.9160683155059814,20,0.99212145510899,0.00013600001693703234,0.8712294449025688,False
2896,SIR,0.115234375,20,0.33535379176925256,5.786955443909392e-05,0.21325253018258672,False
5816,SIS,0.6179999709129333,20,0.9506228103856055,0.00022634436027146876,0.8088961058441818,False
6554,SIS,0.014999999664723873,20,0.004999999888241291,2.0208208297844976e-05,0.11454899726677224,False
1711,SIR,0.017000000923871994,20,0.005797561759197704,2.8619219847314525e-06,0.01554574435705204,False
9743,SIS,0.3855000138282776,20,0.30662637215948135,0.0005863751866854727,0.3596666233707099,False
3696,SIR,0.8110918402671814,20,0.9751045921466643,7.454691512975842e-05,0.8418298876652458,False
4964,SIR,0.625,20,0.9977630290335163,5.20218673045747e-05,0.6149264095338342,False
2214,SIR,0.0048828125,20,0.06584973555696107,1.5902544419077458e-06,0.006014292893229967,False
4178,SIR,0.0024999999441206455,20,0.033497230603247795,1.950712203324656e-06,0.00348329621777399,False
1990,SIR,0.2849999964237213,20,0.5637580854717392,2.4970873710117303e-05,0.29334152748644066,False
9836,SIS,0.5015000104904175,20,0.44574236369309966,0.0011029845336452127,0.6446317966959515,False
9322,SIS,0.0024999999441206455,20,0.0024999999441206455,2.667551825652481e-06,0.047662290455737895,False
9264,SIS,0.0024999999441206455,20,0.0024999999441206455,2.071770722977817e-06,0.0029352259593526386,False
6515,SIS,0.007000000216066837,20,0.004999999888241291,2.6735674509836826e-06,0.012899968500342581,False
7295,SIS,0.0048828125,20,0.0048828125,1.1622284546319861e-05,0.01020440473450065,False
3451,SIR,0.5845506191253662,20,0.8355750748330993,9.448271157452837e-05,0.7965887403138137,False
5949,SIS,0.7590000033378601,20,0.7158763364817994,0.0007204486173577607,0.8682548372274378,False
4127,SIR,0.003000000026077032,20,0.0039721003252674945,1.915070242830552e-06,0.002678335288955178,False
9216,SIS,0.005499999970197678,20,0.0032372279626138555,1.5196374079096131e-05,0.09012368289216702,False
951,SIR,0.9399999976158142,20,0.9867310108261655,0.00010035315790446475,0.9652869380890914,False
6231,SIS,0.004999999888241291,20,0.004999999888241291,7.69656526244944e-06,0.005471840366704661,False
4659,SIR,0.0024999999441206455,20,0.033497230603247795,1.950712203324656e-06,0.00348329621777399,False
8283,SIS,0.23025500774383545,20,0.9510770596317819,0.00016233114001806825,0.4068181923892676,False
3037,SIR,0.001485516200773418,20,0.0020867895819111568,2.0534027953544864e-06,0.0037402794396112953,False
8170,SIS,0.10076751559972763,20,0.1987718981126031,0.00016291091742459685,0.18361319598221143,False
8280,SIS,0.224065363407135,20,0.18701482973198785,0.00016437812882941216,0.26538817201778736,False
4389,SIR,0.0024999999441206455,20,0.033497230603247795,1.950712203324656e-06,0.00348329621777399,False
6380,SIS,0.004999999888241291,20,0.004999999888241291,2.335671297259978e-06,0.007657074555810656,False
4727,SIR,0.5419999957084656,20,0.9361488202386671,5.0564220146043226e-05,0.5363661505310674,False
6191,SIS,0.004999999888241291,20,0.004999999888241291,7.526626177423168e-06,0.005174143306872469,False
6307,SIS,0.004999999888241291,20,0.004999999888241291,1.7518389086035313e-06,0.005174143306872469,False
7959,SIS,0.7431640625,20,0.1600425000675145,0.00019779644208028913,0.809296534038531,False
928,SIR,0.9309999942779541,20,0.9827420397034855,0.00016159926599357277,0.904039049529815,False
7313,SIS,0.0048828125,20,0.0048828125,1.9940184756706003e-06,0.0049172526364750085,False
4911,SIR,0.8174999952316284,20,0.9979079020451274,6.589008262380958e-05,0.8733708418554599,False
4042,SIR,0.0024999999441206455,20,0.004380618866920136,1.8937394088425208e-06,0.0049172526364750085,False
2674,SIR,0.009765625,20,0.059914988246453985,1.806369368750893e-06,0.00707130969085128,False
6008,SIS,0.004999999888241291,20,0.004999999888241291,1.5811206139915157e-06,0.004537443414645014,False
8567,SIS,0.6169844269752502,20,0.4337744926439627,0.0002978854754474014,0.72751682703341,False
190,SIR,0.004999999888241291,20,0.06743625596160359,1.5743856920380495e-06,0.006014292893229967,False
8426,SIS,0.4342659115791321,20,0.9247838870888985,0.00011862508836202323,0.26532834626130297,False
9290,SIS,0.0024999999441206455,20,0.0024999999441206455,1.9815522591670742e-06,0.0052149496963072,False
1804,SIR,0.07500000298023224,20,0.36217616557496385,3.575707523850724e-05,0.10432592899534934,False
6092,SIS,0.004999999888241291,20,0.004999999888241291,2.2941767383599654e-06,0.005174143306872469,False
8788,SIS,0.7828670740127563,20,0.6765825583995152,0.0013135987101122737,0.8001541664554864,False
1252,SIR,0.004999999888241291,20,0.06743625596160359,1.5743856920380495e-06,0.006014292893229967,False
7952,SIS,0.75390625,20,0.15450071505704507,0.00016251837951131165,0.7647541688220545,False
972,SIR,0.9649999737739563,20,0.9945321978495744,0.00011668911611195654,0.9401680822371304,False
9994,SIS,0.6865000128746033,20,0.6379089578923538,0.0011652468238025904,0.6786966472856896,False
3141,SIR,0.001733102253638208,20,0.036770975178521216,2.2783781332691433e-06,0.001635131427125126,False
8229,SIS,0.001733102253638208,20,0.001237930147908628,7.70801580074476e-06,0.027074560865400235,False
4837,SIR,0.0024999999441206455,20,0.033497230603247795,1.950712203324656e-06,0.00348329621777399,False
8907,SIS,0.8494676947593689,20,0.795936558638904,0.0011318178148940206,0.8763378633394603,False
1297,SIR,0.004999999888241291,20,0.044593063901457536,1.561211888656544e-06,0.006014292893229967,False
4160,SIR,0.0024999999441206455,20,0.003789322856406986,1.8846968714569812e-06,0.00348329621777399,False
8169,SIS,0.1000247597694397,20,0.8966906422179204,0.00010726186883402988,0.3697711622971893,False
3510,SIR,0.5739044547080994,20,0.7579212322012002,0.00010784091136883944,0.5623208156123352,False
7181,SIS,0.0048828125,20,0.0048828125,1.911632580231526e-06,0.005174143306872469,False
2723,SIR,0.017578125,20,0.16547604894890983,2.9245784389786422e-06,0.01876906383382893,False
7037,SIS,0.0048828125,20,0.0048828125,7.982486749824602e-06,0.005174143306872469,False
9456,SIS,0.004000000189989805,20,0.004586020655253861,2.055199547612574e-05,0.4979640036775475,False
2449,SIR,0.0068359375,20,0.1276927860209321,1.7326088936897577e-06,0.005174143306872469,False
9377,SIS,0.0024999999441206455,20,0.0024999999441206455,1.7974388129005092e-06,0.006340050704029228,False
9981,SIS,0.6809999942779541,20,0.6416918028412187,0.0012752368347719312,0.6850160916753281,False
5529,SIS,0.004999999888241291,20,0.004999999888241291,2.1478945200215094e-05,0.04201304463716546,False
5307,SIS,0.004999999888241291,20,0.004999999888241291,8.59876672620885e-06,0.00906077146809901,False
1112,SIR,0.004999999888241291,20,0.06743625596160359,1.5743856920380495e-06,0.006014292893229967,False
4807,SIR,0.0024999999441206455,20,0.004496691107731911,1.9016936221305514e-06,0.004785942813724882,False
9097,SIS,0.0024999999441206455,20,0.0024999999441206455,8.395389158977196e-06,0.008394494269563131,False
9243,SIS,0.0024999999441206455,20,0.0024999999441206455,7.29841849533841e-06,0.008137603599165672,False
9584,SIS,0.0024999999441206455,20,0.0024999999441206455,1.999678033826058e-06,0.004785942813724882,False
9056,SIS,0.0024999999441206455,20,0.0024999999441206455,2.0823165414185496e-06,0.0029352259593526386,False
1066,SIR,0.004999999888241291,20,0.05048692401966441,1.55245948008087e-06,0.0049172526364750085,False
8213,SIS,0.1668729931116104,20,0.9104997155759808,0.00011117086978629231,0.15823910387050197,False
3629,SIR,0.760831892490387,20,0.9739040839648648,6.136097363196313e-05,0.8636540763250906,False
1081,SIR,0.004999999888241291,20,0.03965480506462582,1.5915181847958593e-06,0.004785942813724882,False
2546,SIR,0.0068359375,20,0.10793449216937225,1.7056854630936868e-06,0.005471840366704661,False
6782,SIS,0.19900000095367432,20,0.1542850056633494,0.00013533754099626094,0.4790568988176132,False
5194,SIS,0.004999999888241291,20,0.004999999888241291,8.167280611814931e-06,0.005174143306872469,False
5231,SIS,0.004999999888241291,20,0.004999999888241291,2.2715134946338367e-06,0.0062158617796509545,False
2891,SIR,0.060546875,20,0.25720197342913803,0.0001181172629003413,-0.01647331883714288,False
6960,SIS,0.7670000195503235,20,0.1410475018947466,0.0001943728420883417,0.8333477522979296,False
9936,SIS,0.6299999952316284,20,0.5581221211997686,0.0015782522968947887,0.7000447133883962,False
8484,SIS,0.5033423900604248,20,0.2654084776964046,0.00016720269923098385,0.6524311234774269,False
5507,SIS,0.009999999776482582,20,0.008867088683775294,2.235076499346178e-05,0.0903516434525212,False
9532,SIS,0.1835000067949295,20,0.123791558646186,0.0002090119814965874,0.4642269693847601,False
8895,SIS,0.8294132351875305,20,0.7439813516816928,0.0015290887095034122,0.8331082610077889,False
3762,SIR,0.9445407390594482,20,0.9954584590823384,8.819065988063812e-05,0.8991531503945968,False
8277,SIS,0.22059915959835052,20,0.921198217328027,0.00013762078015133739,0.21762457786755043,False
513,SIR,0.013000000268220901,20,0.1314861727785676,2.8361941986077e-06,0.02379782003456929,False
991,SIR,0.9679999947547913,20,0.9911815419130999,0.00010505003592697904,0.9455449988072101,False
1155,SIR,0.006000000052154064,20,0.05810730231329315,1.6412759578088298e-06,0.010008891052696556,False
1085,SIR,0.006000000052154064,20,0.06986265216190403,1.6584369859629078e-06,0.005457947554101986,False
250,SIR,0.004999999888241291,20,0.03376791504528864,1.5629548215656541e-06,0.0044882457538926905,False
3330,SIR,0.2703639566898346,20,0.4925195883944128,0.00012350358883850276,0.4239678916955839,False
3389,SIR,0.32235702872276306,20,0.2485897712853187,0.0001525440311525017,0.4444657797740992,False
1856,SIR,0.21199999749660492,20,0.5067087561432234,7.860261393943802e-05,0.4483163173294296,False
1262,SIR,0.006000000052154064,20,0.056885211300588864,1.5537466424575541e-06,0.0049172526364750085,False
3943,SIR,0.9772220849990845,20,0.9999700371843926,8.335467282449827e-05,0.9536843713167569,False
4499,SIR,0.0044999998062849045,20,0.04931635616147964,2.0409352146089077e-06,0.005471840366704661,False
5170,SIS,0.004999999888241291,20,0.004999999888241291,2.1255666524666594e-06,0.005174143306872469,False
5018,SIS,0.004999999888241291,20,0.004999999888241291,2.130185293935938e-06,0.01068764987553835,False
2693,SIR,0.005859375,20,0.0702737523816776,1.695700916570786e-06,0.005174143306872469,False
8479,SIS,0.5001237988471985,20,0.1235748211115393,0.00014712645497638732,0.5260095214652927,False
2953,SIR,0.841796875,20,0.49220868333536427,0.00013788479554932564,0.7022807707683144,False
2026,SIR,0.005859375,20,0.0702737523816776,1.695700916570786e-06,0.005174143306872469,False
5571,SIS,0.009999999776482582,20,0.013823494989545562,1.8993130652233958e-05,0.04638683913345342,False
404,SIR,0.007000000216066837,20,0.15577642170580727,1.7295216139245895e-06,0.00982257558860604,False
1167,SIR,0.004999999888241291,20,0.044593063901457536,1.561211888656544e-06,0.006014292893229967,False
7123,SIS,0.0048828125,20,0.0048828125,1.1339131560816895e-05,0.01677192526076169,False
6367,SIS,0.004999999888241291,20,0.004999999888241291,1.561211888656544e-06,0.006014292893229967,False
3763,SIR,0.9262193441390991,20,0.9991810441915645,8.590213110437617e-05,0.9518923825821681,False
3057,SIR,0.001733102253638208,20,0.03606682209183379,2.1515902517421637e-06,0.0036994730501765643,False
9371,SIS,0.005499999970197678,20,0.07823772779568294,3.3083761081798e-05,0.23937869011594654,False
9635,SIS,0.27300000190734863,20,0.19838835253184695,0.00015597209858242422,0.3118222274953674,False
5072,SIS,0.004999999888241291,20,0.004999999888241291,1.840126969909761e-06,0.005174143306872469,False
5687,SIS,0.2549999952316284,20,0.9076419876649428,0.00016417496954090893,0.7993682250013432,False
2433,SIR,0.0048828125,20,0.05552884451426028,1.5675794884373317e-06,0.0049172526364750085,False
1895,SIR,0.14900000393390656,20,0.327963091075339,3.6540233850246295e-05,0.27817300529081496,False
7160,SIS,0.0048828125,20,0.0048828125,2.1052153442724375e-06,0.005174143306872469,False
4366,SIR,0.0024999999441206455,20,0.003135371624040099,1.8482736550140544e-06,0.0036246192646307903,False
983,SIR,0.9559999704360962,20,0.9945905824162732,9.716134809423238e-05,0.9734777727061318,False
9490,SIS,0.0024999999441206455,20,0.0024999999441206455,7.600567187182605e-06,0.008137603599165672,False
6371,SIS,0.004999999888241291,20,0.004999999888241291,7.4513923209451605e-06,0.004785942813724882,False
1136,SIR,0.004999999888241291,20,0.05048692401966441,1.55245948008087e-06,0.0049172526364750085,False
7208,SIS,0.0048828125,20,0.0048828125,1.9954488834628137e-06,0.0052149496963072,False
5034,SIS,0.004999999888241291,20,0.004999999888241291,1.6474373296659905e-06,0.004785942813724882,False
933,SIR,0.9390000104904175,20,0.9734894458244134,0.00013544301327783614,0.9070444294840817,False
6466,SIS,0.008999999612569809,20,0.08558254008705171,2.4983664843603037e-05,0.05827081183401341,False
3234,SIR,0.001980688190087676,20,0.002708508001989711,2.096212028845912e-06,0.004323018297855274,False
4661,SIR,0.351500004529953,20,0.8521332453782384,2.815986044879537e-05,0.4243698384715285,False
9388,SIS,0.08150000125169754,20,0.03168068747610026,3.2059433578979224e-05,0.22956686732860568,False
5271,SIS,0.004999999888241291,20,0.004999999888241291,1.935756927196053e-06,0.005174143306872469,False
7774,SIS,0.0087890625,20,0.0048828125,7.3443538894935045e-06,0.014693891423203214,False
1279,SIR,0.006000000052154064,20,0.025573086052964114,1.695306423243892e-06,0.010008891052696556,False
9331,SIS,0.0024999999441206455,20,0.0024999999441206455,1.9799297206191113e-06,0.0049172526364750085,False
242,SIR,0.006000000052154064,20,0.10468083702030695,1.6771031141615822e-06,0.009565684918208582,False
4069,SIR,0.003000000026077032,20,0.033497230603247795,1.950712203324656e-06,0.00348329621777399,False
5988,SIS,0.796999990940094,20,0.77803638089467,0.0005194164696149528,0.8402630300884841,False
9725,SIS,0.38350000977516174,20,0.31971723407334346,0.00040295819053426385,0.47756975946519936,False
5609,SIS,0.007000000216066837,20,0.004999999888241291,8.907901246857364e-06,0.02172055753334279,False
735,SIR,0.5519999861717224,20,0.8743701504104587,7.029763219179586e-05,0.3239063764794574,False
125,SIR,0.004999999888241291,20,0.06743625596160359,1.5743856920380495e-06,0.006014292893229967,False
1205,SIR,0.006000000052154064,20,0.09893015986020957,1.6971182503766613e-06,0.009808682776003367,False
6808,SIS,0.5080000162124634,20,0.07918836839888244,0.0001578868250362575,0.6681654330638838,False
7334,SIS,0.0048828125,20,0.0048828125,8.48048603074858e-06,0.005174143306872469,False
3584,SIR,0.6917554140090942,20,0.9539137351971706,5.3980755183147267e-05,0.6437283927007218,False
8836,SIS,0.8162911534309387,20,0.7255257147399502,0.001623154035769403,0.8361087292841376,False
7182,SIS,0.0048828125,20,0.0048828125,2.49977529165335e-06,0.015136605871910815,False
9177,SIS,0.0024999999441206455,20,0.0024999999441206455,2.0111453977733618e-06,0.0029352259593526386,False
4233,SIR,0.0024999999441206455,20,0.004380618866920136,1.8937394088425208e-06,0.0049172526364750085,False
3744,SIR,0.8549146056175232,20,0.9845151045582353,0.0001428326650056988,0.8389863198874653,False
8664,SIS,0.716018795967102,20,0.569523368810784,0.0014193477109074593,0.7031415938968812,False
129,SIR,0.004999999888241291,20,0.05048692401966441,1.55245948008087e-06,0.0049172526364750085,False
3486,SIR,0.7036395072937012,20,0.827906459159786,0.00013673548528458923,0.6040963365764423,False
7949,SIS,0.65234375,20,0.900069996191748,0.0001611209154361859,0.6242318998961873,False
7059,SIS,0.0048828125,20,0.0048828125,1.8996398694071104e-06,0.0052149496963072,False
9722,SIS,0.38449999690055847,20,0.34098181001589006,0.0005882719997316599,0.5630976280034734,False
5526,SIS,0.007000000216066837,20,0.004999999888241291,1.4267192455008626e-05,0.04368129988339281,False
8049,SIS,0.001237930147908628,20,0.001237930147908628,2.11773613045807e-06,0.004454370682311617,False
1597,SIR,0.017000000923871994,20,0.08457648493600582,3.846534127660561e-06,0.027991099099568813,False
9282,SIS,0.0024999999441206455,20,0.0024999999441206455,2.4988219138322165e-06,0.00825487595503705,False
236,SIR,0.004999999888241291,20,0.044593063901457536,1.561211888656544e-06,0.006014292893229967,False
7803,SIS,0.341796875,20,0.824292107955819,0.00019725873426068574,0.22669449243269985,False
7368,SIS,0.0048828125,20,0.0048828125,8.676527613715734e-06,0.005174143306872469,False
9338,SIS,0.0024999999441206455,20,0.0024999999441206455,2.151627313651261e-06,0.0049172526364750085,False
481,SIR,0.009999999776482582,20,0.017309183390934887,1.8482294308341807e-06,0.010308169456492525,False
9946,SIS,0.6274999976158142,20,0.539286402210009,0.0019913341384381056,0.6423597561443153,False
5215,SIS,0.004999999888241291,20,0.004999999888241291,8.177989911928307e-06,0.005746048507633907,False
3723,SIR,0.89626145362854,20,0.9803724770908896,0.00015660276403650641,0.900818315471738,False
1521,SIR,0.012000000104308128,20,0.10490720006661114,2.3284831058845157e-06,0.013353479443569025,False
5770,SIS,0.5450000166893005,20,0.09559107016264731,0.00025926376110874116,0.9145025558781974,False
6487,SIS,0.006000000052154064,20,0.004999999888241291,2.4182024844776606e-06,0.012580403683174372,False
2502,SIR,0.01171875,20,0.1268117545340721,2.142445964636863e-06,0.005178381780746991,False
2635,SIR,0.0068359375,20,0.06588799565030003,1.7569252577231964e-06,0.00707130969085128,False
1520,SIR,0.00800000037997961,20,0.11343567770638956,1.6812859939818736e-06,0.005417141164667255,False
5681,SIS,0.2409999966621399,20,0.026491540039192223,8.446616266155615e-05,0.29527167613473637,False
8866,SIS,0.8308987617492676,20,0.7537170741168479,0.0013336081756278872,0.8362132785598434,False
7159,SIS,0.0048828125,20,0.0048828125,1.8245955288875848e-06,0.0049172526364750085,False
4609,SIR,0.0024999999441206455,20,0.033497230603247795,1.950712203324656e-06,0.00348329621777399,False
6985,SIS,0.7689999938011169,20,0.11913256607616252,0.00016089982818812132,0.7773202413144543,False
7494,SIS,0.005859375,20,0.0048828125,9.102314834308345e-06,0.009339444204413825,False
623,SIR,0.04899999871850014,20,0.25563685823755355,5.940405753790401e-05,0.13181009788586687,False
3594,SIR,0.6464471220970154,20,0.7878675961757011,0.00010947099508484825,0.6782245220985563,False
8358,SIS,0.36766526103019714,20,0.0758914530591502,0.00015014017117209733,0.3968290931492001,False
5479,SIS,0.004999999888241291,20,0.004999999888241291,8.1880407378776e-06,0.006472752450048415,False
7931,SIS,0.6728515625,20,0.9090562841383121,0.00012747928849421442,0.573825661475699,False
7352,SIS,0.0048828125,20,0.0048828125,1.701927089925448e-06,0.0049172526364750085,False
9869,SIS,0.5755000114440918,20,0.5230916665332089,0.0011447813594713807,0.6112942450666394,False
7415,SIS,0.0048828125,20,0.0048828125,1.0610263416310772e-05,0.014043652799071315,False
2544,SIR,0.005859375,20,0.007000378323503306,1.6675307961122598e-06,0.0052149496963072,False
5826,SIS,0.6240000128746033,20,0.40344608290622014,0.00020587327890098095,0.8270386452537601,False
8970,SIS,0.8620945811271667,20,0.8113332699565557,0.0015268407296389341,0.8798688844063672,False
9986,SIS,0.6779999732971191,20,0.6085497660038904,0.002495607128366828,0.6922087469724062,False
412,SIR,0.004999999888241291,20,0.05048692401966441,1.55245948008087e-06,0.0049172526364750085,False
9128,SIS,0.003000000026077032,20,0.0024999999441206455,2.080907052004477e-06,0.005628860141721837,False
53,SIR,0.004999999888241291,20,0.06743625596160359,1.5743856920380495e-06,0.006014292893229967,False
5778,SIS,0.5609999895095825,20,0.9218589757285345,0.00017990324704442173,0.8386146058563477,False
6764,SIS,0.3959999978542328,20,0.0466133931467812,0.00013428575766738504,0.6500975796805082,False
2049,SIR,0.005859375,20,0.10683677784679647,1.6508564613104681e-06,0.005174143306872469,False
1914,SIR,0.5139999985694885,20,0.5688342070037876,0.00013733604282606393,0.6612863079294167,False
6447,SIS,0.007000000216066837,20,0.004999999888241291,2.1988066691847052e-06,0.009826814062480562,False
8841,SIS,0.8093587756156921,20,0.7389722529856096,0.001203538733534515,0.8347423579476966,False
2209,SIR,0.0048828125,20,0.06584973555696107,1.5902544419077458e-06,0.006014292893229967,False
8774,SIS,0.7846001386642456,20,0.6431458671385282,0.0016134881880134344,0.7945366323466477,False
4533,SIR,0.0035000001080334187,20,0.053370812715499545,2.0053710159118054e-06,0.0049172526364750085,False
2504,SIR,0.009765625,20,0.13685484062807185,1.91390722648066e-06,0.014133246257968479,False
8977,SIS,0.866055965423584,20,0.8235040936291217,0.0011135436361655593,0.8775447846532483,False
5145,SIS,0.004999999888241291,20,0.004999999888241291,1.1836545127152931e-05,0.009267272268001373,False
5925,SIS,0.7630000114440918,20,0.7517041725572785,0.0005118879489600658,0.8447695302873166,False
9062,SIS,0.0024999999441206455,20,0.0024999999441206455,2.2818574052507756e-06,0.01541911417312668,False
4448,SIR,0.0024999999441206455,20,0.003789322856406986,1.8846968714569812e-06,0.00348329621777399,False
2760,SIR,0.0087890625,20,0.05061918123404656,1.828628228395246e-06,0.009766985494914938,False
327,SIR,0.00800000037997961,20,0.06997158792463819,1.7057243439921876e-06,0.005178381780746991,False
1753,SIR,0.03799999877810478,20,0.22797768379882052,5.205497291171923e-05,0.2262277672114977,False
7577,SIS,0.005859375,20,0.0048828125,1.2254131434019655e-05,0.02654683937447394,False
7418,SIS,0.0048828125,20,0.0048828125,2.097908009091043e-06,0.005174143306872469,False
2839,SIR,0.0751953125,20,0.976616567094331,0.00011041169636882842,0.4879064492244266,False
2192,SIR,0.0048828125,20,0.006424527576446662,1.582823870194261e-06,0.006014292893229967,False
7397,SIS,0.0048828125,20,0.0048828125,2.528807499402319e-06,0.0061750553902162235,False
6591,SIS,0.009999999776482582,20,0.005948870845574386,9.033349670062307e-06,0.01653147904270419,False
3549,SIR,0.6947264075279236,20,0.7612690386710541,0.0001248711923835799,0.5418586843659835,False
3261,SIR,0.13542956113815308,20,0.20685136024865355,0.00010713930532801896,0.34471499240223247,False
3251,SIR,0.24362465739250183,20,0.61368434500181,0.00014328336692415178,0.2809364790606805,False
2055,SIR,0.0048828125,20,0.05552884451426028,1.5675794884373317e-06,0.0049172526364750085,False
2938,SIR,0.6396484375,20,0.513378008867771,8.58175553730689e-05,0.4853079797595143,False
337,SIR,0.006000000052154064,20,0.09545745087989305,1.6871854313649237e-06,0.005174143306872469,False
797,SIR,0.7369999885559082,20,0.9862762153451599,0.00025724718580022454,0.9229054934380713,False
3746,SIR,0.9059172868728638,20,0.9807745609026867,0.00025633713812567294,0.857503013923903,False
904,SIR,0.9409999847412109,20,0.982482028426235,0.00027423157007433474,0.8404699151462279,False
5813,SIS,0.6359999775886536,20,0.9518168721395369,0.00023941324616316706,0.7410006932989113,False
832,SIR,0.8579999804496765,20,0.8224621693121806,0.00020763308566529304,0.7353887458196002,False
4115,SIR,0.0035000001080334187,20,0.06463156883616351,2.2421227185986936e-06,0.004936848774772915,False
4417,SIR,0.0024999999441206455,20,0.004380618866920136,1.8937394088425208e-06,0.0049172526364750085,False
16,SIR,0.004999999888241291,20,0.06743625596160359,1.5743856920380495e-06,0.006014292893229967,False
339,SIR,0.004999999888241291,20,0.006599728892282066,1.5733050986455055e-06,0.006014292893229967,False
5277,SIS,0.004999999888241291,20,0.004999999888241291,1.8164494122174801e-06,0.0052149496963072,False
6321,SIS,0.004999999888241291,20,0.004999999888241291,7.617119081260171e-06,0.005174143306872469,False
4556,SIR,0.0024999999441206455,20,0.028107819778008237,1.9243504993937677e-06,0.002678335288955178,False
6526,SIS,0.006000000052154064,20,0.004999999888241291,2.235567990283016e-06,0.00982257558860604,False
9240,SIS,0.0024999999441206455,20,0.0024999999441206455,7.92763694335008e-06,0.008394494269563131,False
1719,SIR,0.057999998331069946,20,0.18719105644170214,4.539250221569091e-05,0.15261995713477997,False
8364,SIS,0.3637038767337799,20,0.15953198521244638,0.00018790112517308444,0.44055469940347175,False
3981,SIR,0.9725179672241211,20,0.9999644470987259,6.671722076134756e-05,0.964032046399285,False
661,SIR,0.004999999888241291,20,0.006599728892282066,1.5733050986455055e-06,0.006014292893229967,False
760,SIR,0.6899999976158142,20,0.5483566643341954,0.00017646206833887845,0.8174659508766102,False
6514,SIS,0.006000000052154064,20,0.004999999888241291,1.616126610315405e-05,0.05097501569592044,False
666,SIR,0.29100000858306885,20,0.3071870462197413,5.239587335381657e-05,0.16518619427175646,False
6187,SIS,0.004999999888241291,20,0.004999999888241291,8.16421197669115e-06,0.005174143306872469,False
5192,SIS,0.004999999888241291,20,0.004999999888241291,1.7990456626648665e-06,0.005174143306872469,False
4565,SIR,0.0024999999441206455,20,0.028107819778008237,1.9243504993937677e-06,0.002678335288955178,False
523,SIR,0.008999999612569809,20,0.13608819767607333,1.8765435925161e-06,0.00982257558860604,False
606,SIR,0.041999999433755875,20,0.20167644708006274,4.6271856263047084e-05,0.09462094554688058,False
8914,SIS,0.852191150188446,20,0.7951640677603986,0.0012757593067362905,0.8597607365248542,False
271,SIR,0.004999999888241291,20,0.06743625596160359,1.5743856920380495e-06,0.006014292893229967,False
3369,SIR,0.41619211435317993,20,0.9903125730238358,0.00016326375771313906,0.568423035745938,False
3579,SIR,0.7430056929588318,20,0.8586167223428989,0.00011075545626226813,0.7581606956325235,False
957,SIR,0.9539999961853027,20,0.9910235498194098,0.00011193900718353689,0.9390953536135328,False
1191,SIR,0.004999999888241291,20,0.056885211300588864,1.5537466424575541e-06,0.0049172526364750085,False
7940,SIS,0.662109375,20,0.18464906133140635,0.0002227605873486027,0.8787234872295747,False
1890,SIR,0.32499998807907104,20,0.4743454082489777,0.00014282176562119275,0.675436308800733,False
8496,SIS,0.5040851831436157,20,0.14647354752250508,0.00014840539370197803,0.5699577951743078,False
2931,SIR,0.2294921875,20,0.45713764595666034,6.626336835324764e-05,0.3128874544880948,False
5701,SIS,0.4180000126361847,20,0.905154206383293,0.00017190839571412653,0.6946907980712816,False
4184,SIR,0.0024999999441206455,20,0.033497230603247795,1.950712203324656e-06,0.00348329621777399,False
3170,SIR,0.002475860295817256,20,0.04677092333700155,2.1369935438997345e-06,0.009290988346707137,False
9037,SIS,0.0024999999441206455,20,0.0024999999441206455,2.0042525648023e-06,0.0049172526364750085,False
9308,SIS,0.04899999871850014,20,0.9266011456550695,0.00012658243940677494,0.7608006530872073,False
4514,SIR,0.0024999999441206455,20,0.003789322856406986,1.8846968714569812e-06,0.00348329621777399,False
7433,SIS,0.005859375,20,0.0048828125,1.310711832047673e-05,0.025148244176880732,False
2682,SIR,0.0078125,20,0.07044668233366563,1.620962166271056e-06,0.005471840366704661,False
1605,SIR,0.009999999776482582,20,0.14913927370616478,2.024629566221847e-06,0.009880139122040804,False
40,SIR,0.004999999888241291,20,0.044593063901457536,1.561211888656544e-06,0.006014292893229967,False
3709,SIR,0.852191150188446,20,0.9915442903799794,0.0001197696547023952,0.9278622112231973,False
7031,SIS,0.0048828125,20,0.0048828125,1.932390659931116e-06,0.0049172526364750085,False
5931,SIS,0.7670000195503235,20,0.7284335391883691,0.0004865096998400986,0.8304510776705857,False
419,SIR,0.010999999940395355,20,0.18927245484908686,1.7376210053043906e-06,0.009452202897505415,False
7851,SIS,0.544921875,20,0.049701268885144805,0.00013279553968459368,0.548831553836462,False
3440,SIR,0.5578113198280334,20,0.6049590917421457,4.1012717701960355e-05,0.31990013076367335,False
9888,SIS,0.0024999999441206455,20,0.0024999999441206455,1.8850419110094663e-06,0.004785942813724882,False
7570,SIS,0.0048828125,20,0.0048828125,8.09465564088896e-06,0.005174143306872469,False
11,SIR,0.006000000052154064,20,0.056885211300588864,1.5537466424575541e-06,0.0049172526364750085,False
7364,SIS,0.0048828125,20,0.0048828125,1.6786584637884516e-06,0.005042833484122343,False
2007,SIR,0.0048828125,20,0.06584973555696107,1.5902544419077458e-06,0.006014292893229967,False
8764,SIS,0.7853429317474365,20,0.6914435091957793,0.0010908845579251647,0.7817767364538855,False
5371,SIS,0.004999999888241291,20,0.004999999888241291,2.412388539596577e-06,0.006472752450048415,False
3582,SIR,0.7883139252662659,20,0.8942066777140493,0.00017730738909449428,0.6034516340226345,False
6462,SIS,0.004999999888241291,20,0.004999999888241291,2.2373765204974916e-06,0.006476990923922937,False
3099,SIR,0.001733102253638208,20,0.003156472901584804,2.087112079607323e-06,0.002899301245796735,False
3883,SIR,0.9636048674583435,20,0.9998449763027852,7.411411206703633e-05,0.9593318211760135,False
8793,SIS,0.7841050028800964,20,0.6697119121342875,0.0012104557827115059,0.7898864424793248,False
1619,SIR,0.012000000104308128,20,0.18377281212457994,1.934429974426166e-06,0.01388005363009388,False
6736,SIS,0.0949999988079071,20,0.05854231103163004,0.00011479733075248078,0.24749489121968074,False
3884,SIR,0.9782124161720276,20,0.9990554041870373,0.00011973459913861006,0.9421653936955233,False
3391,SIR,0.4359990060329437,20,0.49871553838611893,9.162889182334766e-05,0.3871087359429208,False
5011,SIS,0.004999999888241291,20,0.004999999888241291,2.464596946083475e-06,0.0061750553902162235,False
7812,SIS,0.2197265625,20,0.1014506105291212,0.0001348522782791406,0.21754017785563165,False
2612,SIR,0.0048828125,20,0.04354854497398366,1.5730200857433374e-06,0.006014292893229967,False
9019,SIS,0.0024999999441206455,20,0.0024999999441206455,2.0093050352443242e-06,0.004785942813724882,False
1165,SIR,0.004999999888241291,20,0.06743625596160359,1.5743856920380495e-06,0.006014292893229967,False
7645,SIS,0.0078125,20,0.0048828125,7.1775084506953135e-06,0.011927680189873526,False
6129,SIS,0.004999999888241291,20,0.004999999888241291,1.8093728613166604e-06,0.0049172526364750085,False
1645,SIR,0.020999999716877937,20,0.20226228939829136,2.505283191567287e-05,0.04934094891502468,False
1968,SIR,0.4309999942779541,20,0.5365742242147404,0.00011832705786218867,0.624399360228013,False
3314,SIR,0.27333498001098633,20,0.4373133330853851,5.540617712540552e-05,0.26451342619732254,False
4787,SIR,0.5945000052452087,20,0.9785261222764751,4.9971920816460624e-05,0.546706948215897,False
2814,SIR,0.0400390625,20,0.461654522952263,2.6005200197687373e-05,0.05211892577223943,False
5464,SIS,0.006000000052154064,20,0.004999999888241291,2.3535524178441847e-06,0.008018516374495906,False
2959,SIR,0.478515625,20,0.290332830779,8.429388981312513e-05,0.16382238719547063,False
1077,SIR,0.004999999888241291,20,0.06743625596160359,1.5743856920380495e-06,0.006014292893229967,False
8556,SIS,0.6169844269752502,20,0.4644973851534362,0.0009883124148473144,0.6816195150137229,False
3777,SIR,0.8771973252296448,20,0.9979348387724128,8.198809518944472e-05,0.9323670730529932,False
9323,SIS,0.0024999999441206455,20,0.0024999999441206455,1.128478288592305e-05,0.06351871902852729,False
710,SIR,0.4320000112056732,20,0.2634441032640523,2.9010365324211307e-05,0.12990827093660443,False
9146,SIS,0.0024999999441206455,20,0.0024999999441206455,1.9336646346346242e-06,0.0049172526364750085,False
8747,SIS,0.7558801770210266,20,0.6399558776218085,0.0006386211607605219,0.8219936414743761,False
745,SIR,0.5609999895095825,20,0.2068925613680334,3.182303044013679e-05,0.11490745516789407,False
9790,SIS,0.4544999897480011,20,0.380115237047957,0.0007602354744449258,0.9374678047253807,False
6984,SIS,0.7639999985694885,20,0.16600011600019085,0.00021796692453790456,0.8725050277463258,False
4102,SIR,0.007499999832361937,20,0.04629433133652389,2.655930984474253e-06,0.012840540434233343,False
4493,SIR,0.04050000011920929,20,0.29849018156317414,1.4416024896490853e-05,0.09871262615437314,False
9964,SIS,0.6784999966621399,20,0.6308910800750318,0.00090043805539608,0.689590752061607,False
7462,SIS,0.0048828125,20,0.0048828125,2.228800667580799e-06,0.005174143306872469,False
600,SIR,0.041999999433755875,20,0.2431793215303316,4.634092329069972e-05,0.0878793792895623,False
1858,SIR,0.164000004529953,20,0.3877512686580399,9.370657062390819e-05,0.5985172663763656,False
9382,SIS,0.0024999999441206455,20,0.0024999999441206455,2.3117866021493683e-06,0.0029352259593526386,False
1355,SIR,0.007000000216066837,20,0.09907076552620009,1.731728275444766e-06,0.005174143306872469,False
9982,SIS,0.6819999814033508,20,0.6105249540198313,0.002147621475160122,0.7236250687766385,False
98,SIR,0.004999999888241291,20,0.05048692401966441,1.55245948008087e-06,0.0049172526364750085,False
9361,SIS,0.0024999999441206455,20,0.0024999999441206455,1.8854340169127681e-06,0.0049172526364750085,False
1571,SIR,0.013000000268220901,20,0.12736194730697703,2.2336414531309856e-06,0.010852658022961452,False
9858,SIS,0.5745000243186951,20,0.5099163205899204,0.0016006320947781205,0.6197711388202414,False
3538,SIR,0.6157464981079102,20,0.8877666362863359,9.008569031720981e-05,0.708843510881064,False
2712,SIR,0.0107421875,20,0.14716370705066287,2.2443177840614226e-06,0.00964137973812054,False
5430,SIS,0.006000000052154064,20,0.004999999888241291,9.039365068019833e-06,0.012221138775831199,False
6083,SIS,0.004999999888241291,20,0.004999999888241291,7.3598425842646975e-06,0.008840058176935927,False
1248,SIR,0.006000000052154064,20,0.07402345502090207,1.589226485521067e-06,0.0049172526364750085,False
1540,SIR,0.007000000216066837,20,0.005837884657648914,1.701918904473132e-06,0.010935818370675567,False
5598,SIS,0.006000000052154064,20,0.004999999888241291,2.2887900286150398e-06,0.01084841954908693,False
4218,SIR,0.003000000026077032,20,0.042113237947342945,2.0031825442856643e-06,0.00348329621777399,False
9566,SIS,0.22750000655651093,20,0.9372021905680443,0.00026996416272595525,0.8546639171535653,False
8395,SIS,0.35974252223968506,20,0.13418409690909125,0.00015869384515099227,0.4492320856922718,False
5414,SIS,0.007000000216066837,20,0.004999999888241291,2.0059727830812335e-05,0.035968681058724965,False
1631,SIR,0.010999999940395355,20,0.09670148383962507,1.8623665027917014e-06,0.010367508980107541,False
8506,SIS,0.5682099461555481,20,0.8894245715217275,0.0001546210260130465,0.3074881461098997,False
2393,SIR,0.0048828125,20,0.04354854497398366,1.5730200857433374e-06,0.006014292893229967,False
9527,SIS,0.17800000309944153,20,0.10261825624075264,0.0001443666551494971,0.296391701564351,False
4351,SIR,0.028999999165534973,20,0.30155093422436713,1.1627129424596205e-05,0.16196125184449928,False
7994,SIS,0.7685546875,20,0.13156720426468774,0.00023475545458495617,0.8275562918346224,False
2375,SIR,0.0048828125,20,0.04354854497398366,1.5730200857433374e-06,0.006014292893229967,False
5903,SIS,0.7590000033378601,20,0.8183503525166997,0.0004650738264899701,0.7796137627700568,False
2556,SIR,0.015625,20,0.2022788771649,1.874812028290762e-06,0.010554960963129257,False
1139,SIR,0.004999999888241291,20,0.044593063901457536,1.561211888656544e-06,0.006014292893229967,False
7390,SIS,0.0048828125,20,0.0048828125,7.182602530519944e-06,0.004785942813724882,False
5626,SIS,0.006000000052154064,20,0.004999999888241291,2.6567188342596637e-06,0.012221138775831199,False
36,SIR,0.006000000052154064,20,0.07722154604042944,1.6958497326413635e-06,0.01127521271159619,False
4695,SIR,0.4555000066757202,20,0.91505971236542,3.1191619200399145e-05,0.48004404258416794,False
1379,SIR,0.007000000216066837,20,0.09239694026429594,1.7176473647850798e-06,0.005714838224499447,False
5071,SIS,0.004999999888241291,20,0.004999999888241291,1.8779973061100463e-06,0.00832749381846336,False
7589,SIS,0.005859375,20,0.0048828125,2.655799107742496e-06,0.012221138775831199,False
6831,SIS,0.5659999847412109,20,0.03860385362035896,0.00010635734361130744,0.5559715759454045,False
3118,SIR,0.10497648268938065,20,0.3702210643721596,9.854024392552674e-05,0.1988227197839702,False
2912,SIR,0.255859375,20,0.4074307002033377,0.0001386059884680435,0.5032742830952935,False
4146,SIR,0.0024999999441206455,20,0.033497230603247795,1.950712203324656e-06,0.00348329621777399,False
1986,SIR,0.3070000112056732,20,0.5330921761653314,0.00010165794810745865,0.4836913797909924,False
8461,SIS,0.5045803189277649,20,0.3014134644611478,0.00020953777129761875,0.6022102527871079,False
7962,SIS,0.7353515625,20,0.9329409648656328,0.0002500608388800174,0.8941492317142771,False
3272,SIR,0.19163158535957336,20,0.4041258546496659,0.0001221644488396123,0.24695395402987672,False
3293,SIR,0.11289922893047333,20,0.4693732355214585,0.0001515575568191707,0.27510788436957345,False
7815,SIS,0.322265625,20,0.03264557763661826,3.968159217038192e-05,0.04585552849810379,False
4927,SIR,0.5475000143051147,20,0.9836401383265296,4.141193858231418e-05,0.5302401820961999,False
4717,SIR,0.429500013589859,20,0.8845978739467273,3.6828005249844864e-05,0.4393306420672101,False
3507,SIR,0.6853181719779968,20,0.8009285680004492,0.00015351950423792005,0.5786321265615977,False
6140,SIS,0.004999999888241291,20,0.004999999888241291,2.412708454357926e-06,0.0061750553902162235,False
7560,SIS,0.0048828125,20,0.0048828125,1.3062918696959969e-05,0.019944951329674943,False
3009,SIR,0.015597919933497906,20,0.06385029237874704,1.3798668987874407e-05,0.2461556470260267,False
5865,SIS,0.7009999752044678,20,0.9613598807001581,0.00024858987308107316,0.8200476632603074,False
4879,SIR,0.6129999756813049,20,0.9889094155429019,4.045008972752839e-05,0.6143873391043033,False
1823,SIR,0.11100000143051147,20,0.2996384844850758,8.604634058428928e-05,0.3291116305767668,False
3421,SIR,0.5038375854492188,20,0.5041695452405287,7.265327440109104e-05,0.29196145751096797,False
5545,SIS,0.004999999888241291,20,0.004999999888241291,7.676970199099742e-06,0.00830285724255004,False
9808,SIS,0.503000020980835,20,0.4261050771443829,0.0016179911326617002,0.7314158110093817,False
7672,SIS,0.0068359375,20,0.0048828125,9.245610272046179e-06,0.009880139122040804,False
7987,SIS,0.7490234375,20,0.15028009545402413,0.00016737003170419484,0.7994265023723303,False
3156,SIR,0.001237930147908628,20,0.001553742538517252,2.0643510652007535e-06,0.008819057972478306,False
6397,SIS,0.004999999888241291,20,0.004999999888241291,1.6650709540044772e-06,0.0049172526364750085,False
5553,SIS,0.004999999888241291,20,0.004999999888241291,1.6293904536723858e-06,0.004785942813724882,False
9608,SIS,0.27149999141693115,20,0.20851131962864494,0.0002839759399648756,0.2942542523873234,False
9917,SIS,0.6299999952316284,20,0.5480215875028066,0.0018106073839589953,0.6846884373790448,False
673,SIR,0.3869999945163727,20,0.36181828343641526,0.0001983626716537401,0.34512165352083063,False
8289,SIS,0.001237930147908628,20,0.001237930147908628,1.987749101317604e-06,0.0034425823797791027,False
5386,SIS,0.004999999888241291,20,0.004999999888241291,1.8589311139294296e-06,0.0052149496963072,False
5588,SIS,0.004999999888241291,20,0.004999999888241291,1.5964313888616743e-06,0.005028940671519668,False
7881,SIS,0.5439453125,20,0.05964928530483634,0.00013884290819987655,0.6878774886000671,False
2219,SIR,0.005859375,20,0.09432285081735171,1.7037605175573844e-06,0.005174143306872469,False
854,SIR,0.9079999923706055,20,0.9514434931960999,0.0002046994777629152,0.8449880953940355,False
1043,SIR,0.004999999888241291,20,0.06743625596160359,1.5743856920380495e-06,0.006014292893229967,False
4869,SIR,0.5979999899864197,20,0.9782372968067303,5.0137652578996494e-05,0.719178374755677,False
8269,SIS,0.22332260012626648,20,0.059078523017182555,0.00013756199041381478,0.3422590019844652,False
455,SIR,0.004999999888241291,20,0.056885211300588864,1.5537466424575541e-06,0.0049172526364750085,False
4646,SIR,0.0024999999441206455,20,0.033497230603247795,1.950712203324656e-06,0.00348329621777399,False
2490,SIR,0.0048828125,20,0.006424527576446662,1.582823870194261e-06,0.006014292893229967,False
813,SIR,0.8009999990463257,20,0.7949788111539755,0.0001925657707033679,0.7454202090255618,False
2324,SIR,0.005859375,20,0.1142098312683245,1.691120928626333e-06,0.005174143306872469,False
4876,SIR,0.5325000286102295,20,0.9627458475810492,4.4616099330596626e-05,0.5339874685554131,False
3713,SIR,0.8289180397987366,20,0.9861541401875668,9.869061614153907e-05,0.8620634419208525,False
9296,SIS,0.0024999999441206455,20,0.0024999999441206455,8.131282811518759e-06,0.010502101794332844,False
5680,SIS,0.25099998712539673,20,0.12890215459875565,4.574597187456675e-05,0.04051650375739893,False
7741,SIS,0.0078125,20,0.0077423620194300696,2.608005524962209e-05,0.05152632327272933,False
1848,SIR,0.14499999582767487,20,0.32225025755008463,2.3610460630152375e-05,0.08947559917580407,False
24,SIR,0.004999999888241291,20,0.06743625596160359,1.5743856920380495e-06,0.006014292893229967,False
8371,SIS,0.3656845688819885,20,0.9246703408573622,0.00011501450353534892,0.24277716917884296,False
1733,SIR,0.032999999821186066,20,0.7067976199480449,2.1479334463947453e-05,0.08250713499868463,False
9231,SIS,0.0024999999441206455,20,0.0024999999441206455,2.327677293578745e-06,0.0029352259593526386,False
364,SIR,0.004999999888241291,20,0.06743625596160359,1.5743856920380495e-06,0.006014292893229967,False
7230,SIS,0.0048828125,20,0.0048828125,2.1965597625239752e-06,0.005174143306872469,False
4934,SIR,0.9679999947547913,20,0.9993387189376378,0.00010386550275143236,0.8754810864441576,False
7472,SIS,0.0048828125,20,0.0048828125,1.6160598761416622e-06,0.0049172526364750085,False
66,SIR,0.004999999888241291,20,0.06743625596160359,1.5743856920380495e-06,0.006014292893229967,False
3016,SIR,0.009408269077539444,20,0.08435624237102803,1.7034526536008343e-05,0.054755178371106154,False
2935,SIR,0.0419921875,20,0.2699360523342048,9.189140109810978e-05,0.27142250090242653,False
8086,SIS,0.001237930147908628,20,0.001237930147908628,9.574292562319897e-06,-0.0068694221074070885,False
6577,SIS,0.008999999612569809,20,0.008958852353910496,6.834800296928734e-05,0.09671921350628054,False
2790,SIR,0.013671875,20,0.13701278347655466,2.6832278763322392e-06,0.005701549238179852,False
3356,SIR,0.34315425157546997,20,0.719296478003683,4.968178836861625e-05,0.44234305895249837,False
1169,SIR,0.004999999888241291,20,0.06743625596160359,1.5743856920380495e-06,0.006014292893229967,False
8756,SIS,0.7858380675315857,20,0.703467687815452,0.0008941525011323392,0.8292104120962149,False
3054,SIR,0.001485516200773418,20,0.002720915660321252,2.1432408630062127e-06,0.0034425823797791027,False
9559,SIS,0.0024999999441206455,20,0.0024999999441206455,1.820950274122879e-06,0.00311735539564417,False
7977,SIS,0.751953125,20,0.11556069910835524,0.00018498483404982835,0.8490097454413987,False
9263,SIS,0.0024999999441206455,20,0.0024999999441206455,1.7684890281088883e-06,0.00311735539564417,False
5452,SIS,0.006000000052154064,20,0.004999999888241291,1.6221285477513447e-05,0.029488630120257365,False
5757,SIS,0.5400000214576721,20,0.869870089630003,0.00012159509788034484,0.7487527252510228,False
1544,SIR,0.00800000037997961,20,0.12045723050630032,1.8343484953220468e-06,0.005174143306872469,False
3079,SIR,0.002475860295817256,20,0.041154926704103555,2.2942163013794925e-06,0.005861719504579686,False
895,SIR,0.878000020980835,20,0.8431767912833734,0.00018470970098860562,0.7787352910922428,False
7525,SIS,0.005859375,20,0.0048828125,1.1604840437939856e-05,0.016064690001502607,False
8899,SIS,0.8328794240951538,20,0.7523634785053857,0.0012319601373746991,0.8431605285437423,False
3700,SIR,0.8952711224555969,20,0.9858799504432262,0.0001274216774618253,0.8476411805772384,False
7733,SIS,0.0087890625,20,0.010524718860500847,2.208085425081663e-05,0.0568280122415996,False
7284,SIS,0.0048828125,20,0.0048828125,8.179034921340644e-06,0.005174143306872469,False
2616,SIR,0.015625,20,0.15189192158761847,2.1637761165038683e-06,0.007161324063992646,False
9416,SIS,0.0024999999441206455,20,0.0024999999441206455,2.2496362817037152e-06,0.0029352259593526386,False
127,SIR,0.004999999888241291,20,0.044593063901457536,1.561211888656544e-06,0.006014292893229967,False
4960,SIR,0.7839999794960022,20,0.9999297599426632,5.8718120271805674e-05,0.7932258195675821,False
8159,SIS,0.10398613661527634,20,0.050255516195143034,2.9985025321366265e-05,0.24873722197002748,False
6161,SIS,0.004999999888241291,20,0.004999999888241291,8.439130397164263e-06,0.005042833484122343,False
1523,SIR,0.014999999664723873,20,0.16463238733253624,2.160608801204944e-06,0.009266637963269054,False
1776,SIR,0.006000000052154064,20,0.06054054474927924,1.5962364159349818e-06,0.0049172526364750085,False
7657,SIS,0.0068359375,20,0.0048828125,6.446975021390244e-05,0.03201528674312676,False
4713,SIR,0.5379999876022339,20,0.9230643082511729,5.7532914070179686e-05,0.4851579899035384,False
9659,SIS,0.3334999978542328,20,0.2442383520418812,0.00031423746258951724,0.5866603323289284,False
7950,SIS,0.751953125,20,0.17864387977933474,0.0001932924205902964,0.862092907369635,False
8663,SIS,0.7145333290100098,20,0.5468299322451758,0.0018465134780853987,0.7759798235789834,False
8440,SIS,0.4362466037273407,20,0.21616619991578717,0.0001704930909909308,0.5045370080791575,False
7547,SIS,0.0068359375,20,0.0048828125,7.4398890319571365e-06,0.009339444204413825,False
5935,SIS,0.7580000162124634,20,0.7046755120348898,0.0005735444719903171,0.8069786073173795,False
1574,SIR,0.009999999776482582,20,0.1369396133606283,2.1904054392507533e-06,0.012638705869163531,False
6951,SIS,0.7739999890327454,20,0.11176030697105803,0.00016395705461036414,0.7599165089560962,False
7764,SIS,0.0283203125,20,0.061045757193726506,2.8834287149948068e-05,0.07032330612723588,False
6356,SIS,0.004999999888241291,20,0.004999999888241291,1.8945902411360294e-06,0.0052149496963072,False
9155,SIS,0.0024999999441206455,20,0.0024999999441206455,2.1393384486145806e-06,0.0029352259593526386,False
3468,SIR,0.19163158535957336,20,0.5094123691521554,0.0001089933211915195,0.3879428938272794,False
6047,SIS,0.004999999888241291,20,0.004999999888241291,2.2464932953880634e-06,0.0062158617796509545,False
3359,SIR,0.27754393219947815,20,0.5542875128450325,0.0001698655978543684,0.31544152424745053,False
5929,SIS,0.7699999809265137,20,0.7932480173608345,0.0005036340444348752,0.8571050428806808,False
5698,SIS,0.2529999911785126,20,0.05054534059267225,2.9493627152987756e-05,0.09189993608101667,False
5819,SIS,0.6330000162124634,20,0.9381844922860347,0.00029017412452958524,0.8821899771764437,False
4992,SIR,0.9045000076293945,20,0.9998540190833405,7.12905457476154e-05,0.9200951042632178,False
3632,SIR,0.7947511672973633,20,0.9744419132841898,8.93395408638753e-05,0.8554805053597543,False
8609,SIS,0.6736816167831421,20,0.3370063401608651,0.0004904897650703788,0.7523788766750126,False
5946,SIS,0.7739999890327454,20,0.7284625519833007,0.00046961981570348144,0.8120930219110486,False
3598,SIR,0.7435008883476257,20,0.8651205090335203,9.706087439553812e-05,0.7465286315440846,False
5268,SIS,0.004999999888241291,20,0.004999999888241291,1.583992684572877e-06,0.0044882457538926905,False
4061,SIR,0.0024999999441206455,20,0.033497230603247795,1.950712203324656e-06,0.00348329621777399,False
7640,SIS,0.0048828125,20,0.0048828125,2.53248094850278e-06,0.009065009941973531,False
6049,SIS,0.004999999888241291,20,0.004999999888241291,1.8981367020387552e-06,0.005174143306872469,False
4919,SIR,0.7110000252723694,20,0.9989314313735111,4.864309448748827e-05,0.6909053114646772,False
7381,SIS,0.0048828125,20,0.0048828125,1.7067170574591728e-06,0.0049172526364750085,False
7580,SIS,0.0048828125,20,0.0048828125,1.804368707780668e-06,0.0049172526364750085,False
1492,SIR,0.008999999612569809,20,0.131250072156992,1.8367134089203319e-06,0.010065573446400826,False
4531,SIR,0.0024999999441206455,20,0.00508490977914345,1.9577680632210104e-06,0.0049172526364750085,False
8534,SIS,0.5597920417785645,20,0.30819673096659683,0.00020851794397458434,0.6308865176288858,False
7897,SIS,0.5498046875,20,0.025450824550104983,0.00014236477727536112,0.13374971405591712,False
6751,SIS,0.38499999046325684,20,0.03742460129054596,0.00012958324805367738,0.7495830850156565,False
3401,SIR,0.3857390582561493,20,0.6720795467499802,0.00016844445781316608,0.7280271579963387,False
2116,SIR,0.0048828125,20,0.006424527576446662,1.582823870194261e-06,0.006014292893229967,False
4426,SIR,0.11299999803304672,20,0.40746403005431137,4.13634734286461e-05,0.20444717706764692,False
6357,SIS,0.004999999888241291,20,0.004999999888241291,1.8582965140012675e-06,0.005174143306872469,False
4134,SIR,0.003000000026077032,20,0.04652923941078205,2.116443965860526e-06,0.0057601699644719605,False
9307,SIS,0.0024999999441206455,20,0.0024999999441206455,2.3550185233034426e-06,0.00825487595503705,False
8617,SIS,0.6751671433448792,20,0.479927531214343,0.0008087109890766442,0.657019959547748,False
6632,SIS,0.004999999888241291,20,0.004999999888241291,2.76106175078894e-06,0.014645761635109467,False
4706,SIR,0.4165000021457672,20,0.8983242827557081,2.5340623324154876e-05,0.4298544805543428,False
9623,SIS,0.2759999930858612,20,0.4373007457496114,0.00021627375099342316,0.5239928318835239,False
3611,SIR,0.7095815539360046,20,0.95285525954544,9.352954657515511e-05,0.753674022390649,False
6264,SIS,0.004999999888241291,20,0.004999999888241291,2.171494998037815e-06,0.005174143306872469,False
4007,SIR,0.0024999999441206455,20,0.033497230603247795,1.950712203324656e-06,0.00348329621777399,False
6158,SIS,0.004999999888241291,20,0.004999999888241291,7.855598596506752e-06,0.005174143306872469,False
2703,SIR,0.017578125,20,0.14731868702747136,8.145516403601505e-06,0.030078124472991723,False
3383,SIR,0.3503342270851135,20,0.5515924019129252,9.896145638776943e-05,0.33376868782278796,False
1981,SIR,0.36899998784065247,20,0.5781717715301427,0.000150925901834853,0.8607161355649892,False
5904,SIS,0.7680000066757202,20,0.7219894287929359,0.0005957453977316618,0.8281490095849086,False
6211,SIS,0.004999999888241291,20,0.004999999888241291,1.8062040680888458e-06,0.005028940671519668,False
9330,SIS,0.0024999999441206455,20,0.0024999999441206455,1.8852091443477548e-06,0.0049172526364750085,False
7712,SIS,0.005859375,20,0.0048828125,1.8437895050738007e-06,0.008083665752614157,False
2198,SIR,0.0048828125,20,0.006424527576446662,1.582823870194261e-06,0.006014292893229967,False
2969,SIR,0.45703125,20,0.9654926083475921,0.00018812555936165154,0.05574553060259913,False
1217,SIR,0.007000000216066837,20,0.06531431941670625,1.676006263551244e-06,0.0049172526364750085,False
1319,SIR,0.008999999612569809,20,0.08695691867955205,2.0060501810803544e-06,0.010367508980107541,False
6640,SIS,0.027000000700354576,20,0.004999999888241291,1.3895358279114589e-05,0.062053122750970746,False
9720,SIS,0.3840000033378601,20,0.3219987786834647,0.0007429278921335936,0.47892018218156807,False
4586,SIR,0.10499999672174454,20,0.4264902646709209,9.888871863950044e-05,0.3444901796166152,False
7466,SIS,0.0048828125,20,0.0048828125,2.5458984964643605e-06,0.0061750553902162235,False
8332,SIS,0.001237930147908628,20,0.001237930147908628,8.004669325600844e-06,0.02032588807481979,False
467,SIR,0.006000000052154064,20,0.09545745087989305,1.6871854313649237e-06,0.005174143306872469,False
1603,SIR,0.014000000432133675,20,0.1104219632021113,2.318094175279839e-06,0.006953142015864234,False
3004,SIR,0.001237930147908628,20,0.0018250071967204936,2.0795919226657134e-06,0.0032635252855821102,False
5391,SIS,0.004999999888241291,20,0.004999999888241291,2.0289110125304433e-06,0.005174143306872469,False
4744,SIR,0.34549999237060547,20,0.7814191159803957,0.00013684036093764007,0.3227438970716015,False
7170,SIS,0.0048828125,20,0.0048828125,8.472547051496804e-06,0.005174143306872469,False
2641,SIR,0.0048828125,20,0.032972300849733946,1.57272904743877e-06,0.0044882457538926905,False
1622,SIR,0.02800000086426735,20,0.22518993269521864,1.5242034351103939e-05,0.07804802751723385,False
2296,SIR,0.0048828125,20,0.06584973555696107,1.5902544419077458e-06,0.006014292893229967,False
3715,SIR,0.89626145362854,20,0.9875772664360867,8.451732719549909e-05,0.8562146314595542,False
2930,SIR,0.521484375,20,0.3784370939998773,0.0001378358865622431,0.4372511595968874,False
7549,SIS,0.0048828125,20,0.0048828125,1.75754530573613e-06,0.005174143306872469,False
3561,SIR,0.7477098107337952,20,0.9490760230289506,6.131131522124633e-05,0.7872574255164558,False
6511,SIS,0.004999999888241291,20,0.004999999888241291,1.8110956716554938e-06,0.005174143306872469,False
8158,SIS,0.001485516200773418,20,0.001237930147908628,2.6564123345451662e-06,0.010824062191898392,False
5731,SIS,0.004999999888241291,20,0.004999999888241291,2.163343015126884e-05,0.03175765816566115,False
9621,SIS,0.27300000190734863,20,0.19347784605081733,0.0002464790013618767,0.2879586235006169,False
8195,SIS,0.001237930147908628,20,0.001237930147908628,1.98306088350364e-06,0.0034425823797791027,False
6411,SIS,0.006000000052154064,20,0.004999999888241291,3.2963414469122654e-06,0.03492608429183303,False
3913,SIR,0.9601386189460754,20,0.999997157789885,7.239469414344057e-05,0.9561824746828718,False
6902,SIS,0.7229999899864197,20,0.10791595739491686,0.0001265508180949837,0.6914661900237895,False
3951,SIR,0.9804406762123108,20,0.9999786754211578,9.831526404013857e-05,0.9647695212171868,False
7528,SIS,0.0048828125,20,0.0048828125,1.825404865485325e-06,0.005174143306872469,False
2563,SIR,0.0048828125,20,0.06584973555696107,1.5902544419077458e-06,0.006014292893229967,False
6102,SIS,0.004999999888241291,20,0.004999999888241291,7.819973689038306e-06,0.005174143306872469,False
3033,SIR,0.002971032401546836,20,0.05747241947425321,3.034532710444182e-06,0.01961331239853726,False
3642,SIR,0.7848477363586426,20,0.9394599259259129,9.658189082983881e-05,0.8453901236924034,False
3324,SIR,0.08937855809926987,20,0.9882297976039359,9.245894034393132e-05,0.18988466058686848,False
6505,SIS,0.004999999888241291,20,0.004999999888241291,1.9454712401056895e-06,0.005471840366704661,False
2560,SIR,0.0078125,20,0.07837511053209617,1.69962868312723e-06,0.0052149496963072,False
6975,SIS,0.7710000276565552,20,0.15865752744656172,0.0001419941254425794,0.7180956571944489,False
7713,SIS,0.01171875,20,0.0048828125,1.3790867342322599e-05,0.045693717260112364,False
9500,SIS,0.1745000034570694,20,0.10412936505660099,0.00020750070689246058,0.46227572793577715,False
5722,SIS,0.4020000100135803,20,0.032885293026741265,5.773307566414587e-05,0.4198968994662097,False
956,SIR,0.9449999928474426,20,0.9881520051690228,0.00010000600741477683,0.9425217963498812,False
5273,SIS,0.004999999888241291,20,0.004999999888241291,8.802846423350275e-06,0.005174143306872469,False
9160,SIS,0.0024999999441206455,20,0.0024999999441206455,2.1316241145541426e-06,0.003740186888171451,False
3597,SIR,0.7365684509277344,20,0.9119217658125325,3.8841553759993985e-05,0.7668589061521558,False
6131,SIS,0.004999999888241291,20,0.004999999888241291,1.6883154785318766e-06,0.004988134282084937,False
1599,SIR,0.007000000216066837,20,0.12762638339506538,1.844848270593502e-06,0.009826814062480562,False
9947,SIS,0.6334999799728394,20,0.567339207002084,0.0017075487412512302,0.6767595531828373,False
5977,SIS,0.8119999766349792,20,0.7538420104628335,0.0009912290843203664,0.8694513355065214,False
1802,SIR,0.11100000143051147,20,0.38121012563788564,0.0001284533936996013,0.5430441836849099,False
2568,SIR,0.0068359375,20,0.10710935682484647,1.8345356238569366e-06,0.005178381780746991,False
716,SIR,0.6129999756813049,20,0.5246862736360703,0.00014205397746991366,0.7795858131955974,False
8618,SIS,0.6709581613540649,20,0.5259582937204985,0.0006948853842914104,0.7193441807581143,False
2786,SIR,0.013671875,20,0.09618307122792567,2.850821601896314e-06,0.011158666082935014,False
1790,SIR,0.09700000286102295,20,0.32055355914109185,5.613488974631764e-05,0.275485221035416,False
6719,SIS,0.0989999994635582,20,0.024379331520776384,7.62145355110988e-05,0.27766802270473917,False
6874,SIS,0.6539999842643738,20,0.22870628086747086,0.00015641665959265083,0.6957186357509723,False
5270,SIS,0.004999999888241291,20,0.004999999888241291,3.0295418582682032e-06,0.01440473187011023,False
9407,SIS,0.0024999999441206455,20,0.0024999999441206455,2.157392827939475e-06,0.0029352259593526386,False
9667,SIS,0.3345000147819519,20,0.25385140252656746,0.000326286448398605,0.3973422193835536,False
717,SIR,0.47999998927116394,20,0.26413046068916,5.29717726749368e-05,0.241661185942842,False
8178,SIS,0.10472889244556427,20,0.22424838222823545,9.391742787556723e-05,0.19329039843751436,False
2621,SIR,0.0087890625,20,0.06130567739351745,1.954054368979996e-06,0.005476078840579182,False
7432,SIS,0.0048828125,20,0.0048828125,1.8116001001544646e-06,0.0049172526364750085,False
6722,SIS,0.0860000029206276,20,0.10889523785648166,3.282709440100007e-05,0.13852363591837724,False
8367,SIS,0.3547907769680023,20,0.09486153719109078,0.00017770157137420028,0.49893045462359603,False
3706,SIR,0.8398118615150452,20,0.9178558750435661,0.000202190552954562,0.7306952591196901,False
7296,SIS,0.0048828125,20,0.0048828125,9.029378816194367e-06,0.005165834983122413,False
1975,SIR,0.6579999923706055,20,0.6033163451973836,8.289547258755192e-05,0.5441920355323585,False
9196,SIS,0.0024999999441206455,20,0.0024999999441206455,2.563442421887885e-06,0.015444170170435095,False
9437,SIS,0.0989999994635582,20,0.06252709560978142,0.00021271528385113925,0.2549147032837059,False
2976,SIR,0.8212890625,20,0.6205151698504878,0.0001454321900382638,0.43955406107643874,False
1700,SIR,0.04899999871850014,20,0.2099057794989941,2.8468488380894996e-05,0.06118679513487003,False
4953,SIR,0.9980000257492065,20,0.9999786186293285,8.00464695203118e-05,0.8996035358802482,False
4427,SIR,0.006000000052154064,20,0.13538925885025416,2.7463713649922283e-06,-1.9748651210818696e-05,False
7925,SIS,0.68359375,20,0.13181362323426649,0.00016495247837156057,0.7130223488348143,False
6686,SIS,0.010999999940395355,20,0.010363385811783022,1.298848474107217e-05,0.05872720811948141,False
8982,SIS,0.8596187233924866,20,0.8150053086495183,0.0014599228743463755,0.8752018294146793,False
3149,SIR,0.001237930147908628,20,0.0021657290348142274,2.1138037027412793e-06,0.0032635252855821102,False
9030,SIS,0.0024999999441206455,20,0.0024999999441206455,1.899645326375321e-06,0.0049172526364750085,False
4908,SIR,0.7170000076293945,20,0.9987270421014044,5.320638229022734e-05,0.729175418291635,False
4379,SIR,0.003000000026077032,20,0.03980551672303722,1.9784479263762478e-06,0.002678335288955178,False
3701,SIR,0.8816538453102112,20,0.9820830829404713,8.927745511755347e-05,0.8860317633338111,False
6375,SIS,0.004999999888241291,20,0.004999999888241291,2.1200844457780477e-06,0.0061750553902162235,False
2151,SIR,0.005859375,20,0.09727265790609127,1.695377477517468e-06,0.005174143306872469,False
4852,SIR,0.7850000262260437,20,0.9980315140277813,6.678673526039347e-05,0.8154155624076881,False
2800,SIR,0.0234375,20,0.19720943032537364,7.656322850380093e-06,0.013909320951606543,False
3042,SIR,0.003466204507276416,20,0.0320689071578379,2.650935584824765e-06,0.01907354840706851,False
7606,SIS,0.0048828125,20,0.0048828125,1.817499423850677e-06,0.005174143306872469,False
2017,SIR,0.0048828125,20,0.049289337474232024,1.5649654869775986e-06,0.0049172526364750085,False
3640,SIR,0.7959890961647034,20,0.9644000308477392,8.136694668792188e-05,0.7578401231036327,False
1868,SIR,0.16899999976158142,20,0.9847919524291251,0.00011607021588133648,0.6896245825421106,False
6539,SIS,0.004999999888241291,20,0.004999999888241291,1.393651109538041e-05,0.0383408887852855,False
6478,SIS,0.004999999888241291,20,0.004999999888241291,1.6454024489576113e-06,0.0049172526364750085,False
119,SIR,0.004999999888241291,20,0.044593063901457536,1.561211888656544e-06,0.006014292893229967,False
9279,SIS,0.0024999999441206455,20,0.0024999999441206455,1.8456754560247646e-06,0.004785942813724882,False
5918,SIS,0.7599999904632568,20,0.7588182912052595,0.00046450694208033383,0.8047104857529037,False
6876,SIS,0.6480000019073486,20,0.11506346718829226,0.00019309180788695812,0.8635532245637726,False
8138,SIS,0.001237930147908628,20,0.001237930147908628,2.267323452542769e-06,0.0034425823797791027,False
1939,SIR,0.2770000100135803,20,0.558857131281532,3.396899046492763e-05,0.27804672362023425,False
2608,SIR,0.0048828125,20,0.04354854497398366,1.5730200857433374e-06,0.006014292893229967,False
9866,SIS,0.5715000033378601,20,0.5173183845831815,0.0012649254640564322,0.614676857878365,False
3489,SIR,0.6655112504959106,20,0.9826355284967381,0.0001447323156753555,0.13883499583211872,False
2538,SIR,0.0126953125,20,0.12164047538032649,2.451911768730497e-06,0.011734541616988604,False
7845,SIS,0.3271484375,20,0.46020519330840864,1.9298331608297303e-05,0.04592961889897371,False
5548,SIS,0.010999999940395355,20,0.08896262577045996,9.253762982552871e-05,0.18993196224673597,False
215,SIR,0.004999999888241291,20,0.06269339450148977,1.5824738284209161e-06,0.0049172526364750085,False
7186,SIS,0.0048828125,20,0.0048828125,1.6079551414804882e-06,0.004785942813724882,False
9159,SIS,0.0024999999441206455,20,0.0024999999441206455,1.9507662727846764e-05,0.18786906300114303,False
1463,SIR,0.006000000052154064,20,0.06986265216190403,1.6584369859629078e-06,0.005457947554101986,False
1384,SIR,0.008999999612569809,20,0.11179692266936404,2.2048245682526613e-06,0.008022754848370428,False
4168,SIR,0.0024999999441206455,20,0.004380618866920136,1.8937394088425208e-06,0.0049172526364750085,False
6077,SIS,0.004999999888241291,20,0.004999999888241291,1.7599990087546757e-06,0.005174143306872469,False
8197,SIS,0.003713790560141206,20,0.1930396812924316,6.752897752448916e-05,0.4083931941151714,False
9298,SIS,0.0024999999441206455,20,0.0024999999441206455,8.311432793561835e-06,0.01020440473450065,False
3246,SIR,0.0901213139295578,20,0.6413501507625813,0.00010051539720734581,0.26888148366781417,False
8957,SIS,0.8568952679634094,20,0.8173734138421123,0.001284444471821189,0.8668922650180816,False
6754,SIS,0.36399999260902405,20,0.004999999888241291,7.656256457266863e-06,0.0117993715532647,False
9665,SIS,0.328000009059906,20,0.24685088613561473,0.0003191932337358594,0.31065485151550604,False
3637,SIR,0.7947511672973633,20,0.909105713144349,5.935479202889837e-05,0.6511376807380602,False
2419,SIR,0.0068359375,20,0.08638331001214931,1.7659626792010386e-06,0.0049172526364750085,False
6436,SIS,0.004999999888241291,20,0.004999999888241291,1.0582897630229127e-05,0.012340965463467224,False
1810,SIR,0.07000000029802322,20,0.39255726305676675,2.530942037992645e-05,0.13093503468985396,False
4982,SIR,0.9815000295639038,20,0.9999391851958043,9.433317609364167e-05,0.9333194789010385,False
6184,SIS,0.004999999888241291,20,0.004999999888241291,6.735957413184224e-06,0.004785942813724882,False
4481,SIR,0.10999999940395355,20,0.44040653684488024,3.531315451255068e-05,0.11687499840956816,False
94,SIR,0.004999999888241291,20,0.06743625596160359,1.5743856920380495e-06,0.006014292893229967,False
9877,SIS,0.5669999718666077,20,0.4828092643708581,0.00201874109916389,0.6137555901699118,False
4305,SIR,0.003000000026077032,20,0.0303111846182959,1.925464857777115e-06,0.0049172526364750085,False
2291,SIR,0.0068359375,20,0.033230809658166605,1.7257420950045343e-06,0.0078049368071533435,False
3171,SIR,0.050259966403245926,20,0.34215435104923114,9.327045700047165e-05,0.15949591724834064,False
3327,SIR,0.12602129578590393,20,0.44641263627227595,5.202226748224348e-05,0.3310514355948795,False
7662,SIS,0.009765625,20,0.0973370000725911,3.8391030102502555e-05,0.06536462046562738,False
9506,SIS,0.18000000715255737,20,0.12441751116547224,0.00017390989523846656,0.3354703367958117,False
6821,SIS,0.5350000262260437,20,0.05072660175723163,0.0001224737789016217,0.6145030581087839,False
4642,SIR,0.14800000190734863,20,0.4694317435029099,7.81809285399504e-05,0.26489161969917946,False
4795,SIR,0.5295000076293945,20,0.9308148839710807,5.897103255847469e-05,0.5555230774755794,False
4039,SIR,0.0024999999441206455,20,0.004380618866920136,1.8937394088425208e-06,0.0049172526364750085,False
8966,SIS,0.8588759303092957,20,0.7793126311613473,0.0024006103631109,0.8866142582515134,False
7710,SIS,0.0048828125,20,0.0048828125,1.3590754861070309e-05,0.0477062129476322,False
984,SIR,0.9710000157356262,20,0.9917615608591149,0.00010548578575253487,0.9466146747436085,False
3390,SIR,0.3151770234107971,20,0.557377874513139,0.00013194934581406415,0.4087145788883268,False
5684,SIS,0.20499999821186066,20,0.07771695504362773,4.7238878323696554e-05,0.22178807779713522,False
4341,SIR,0.010999999940395355,20,0.15983578106037,1.2549141501949634e-05,0.0032901680985782163,False
9753,SIS,0.445499986410141,20,0.376983814839408,0.001045977114699781,0.9132146547823702,False
8624,SIS,0.670462965965271,20,0.4692678284161882,0.0003912454121746123,0.7601317846528544,False
5383,SIS,0.004999999888241291,20,0.004999999888241291,2.1065368400741136e-06,0.005174143306872469,False
1303,SIR,0.004999999888241291,20,0.056885211300588864,1.5537466424575541e-06,0.0049172526364750085,False
4122,SIR,0.0024999999441206455,20,0.033497230603247795,1.950712203324656e-06,0.00348329621777399,False
9803,SIS,0.5090000033378601,20,0.4084023381736811,0.0016013354761525989,0.6438403926635321,False
6378,SIS,0.004999999888241291,20,0.004999999888241291,7.998992259672377e-06,0.005174143306872469,False
3302,SIR,0.003713790560141206,20,0.041934151730569955,3.0550154406228103e-06,0.04281324905696547,False
2599,SIR,0.005859375,20,0.09432285081735171,1.7037605175573844e-06,0.005174143306872469,False
3472,SIR,0.6523892283439636,20,0.767855189844032,0.00012529018567875028,0.4809011228792165,False
5926,SIS,0.7699999809265137,20,0.7321111350084213,0.000841616012621671,0.8580318346811461,False
1199,SIR,0.006000000052154064,20,0.08089786949586562,1.5935139572320622e-06,0.0049172526364750085,False
3989,SIR,0.9742510318756104,20,0.9999895200043749,6.65308180032298e-05,0.9549019848878343,False
2914,SIR,0.017578125,20,0.15344579616817203,2.6375553261459572e-06,0.01415552055163614,False
2261,SIR,0.0078125,20,0.09757503365463248,1.8916530279966537e-06,0.005178381780746991,False
1065,SIR,0.004999999888241291,20,0.044593063901457536,1.561211888656544e-06,0.006014292893229967,False
6273,SIS,0.004999999888241291,20,0.004999999888241291,1.869459424597153e-06,0.0049172526364750085,False
1318,SIR,0.00800000037997961,20,0.13066045627702666,1.6912129012780497e-06,0.006271183563627427,False
645,SIR,0.020999999716877937,20,0.0058272805069834455,1.541152596473694e-05,0.11696205596547735,False
1250,SIR,0.004999999888241291,20,0.06743625596160359,1.5743856920380495e-06,0.006014292893229967,False
2141,SIR,0.0048828125,20,0.04354854497398366,1.5730200857433374e-06,0.006014292893229967,False
9016,SIS,0.0024999999441206455,20,0.0024999999441206455,2.113942628056975e-06,0.00311735539564417,False
1147,SIR,0.004999999888241291,20,0.05048692401966441,1.55245948008087e-06,0.0049172526364750085,False
6098,SIS,0.004999999888241291,20,0.004999999888241291,1.918225052577327e-06,0.005174143306872469,False
4516,SIR,0.3959999978542328,20,0.7071103245629765,0.00019516862812452018,0.4391511526216994,False
3,SIR,0.004999999888241291,20,0.044593063901457536,1.561211888656544e-06,0.006014292893229967,False
8823,SIS,0.8101015090942383,20,0.6765026440022309,0.0017008058493956923,0.8421745207654762,False
2590,SIR,0.0048828125,20,0.06584973555696107,1.5902544419077458e-06,0.006014292893229967,False
3874,SIR,0.9059172868728638,20,0.9986515900439662,6.983726780163124e-05,0.920788349168031,False
6887,SIS,0.6510000228881836,20,0.09693020647524198,0.0001763761101756245,0.7299744543555936,False
8183,SIS,0.001485516200773418,20,0.001237930147908628,1.5349422028521076e-05,0.1309990891491122,False
8867,SIS,0.8271849751472473,20,0.7782609364052998,0.0011024866253137589,0.833987521633124,False
936,SIR,0.9309999942779541,20,0.9778594681787492,0.0001669105695327744,0.8907250311608288,False
709,SIR,0.5249999761581421,20,0.15431342268742856,3.157406536047347e-05,0.35429583098879824,False
7052,SIS,0.0048828125,20,0.0048828125,1.916923110911739e-06,0.0049172526364750085,False
5851,SIS,0.6930000185966492,20,0.9616057355962274,0.0002741086937021464,0.8177785636939015,False
909,SIR,0.9300000071525574,20,0.9813319503432892,0.0001406900555593893,0.9076774794095901,False
6912,SIS,0.7080000042915344,20,0.19739660492377276,0.0002003685076488182,0.7344897787479086,False
3465,SIR,0.6303540468215942,20,0.6963470707635214,0.00010813676635734737,0.5186303497876322,False
2708,SIR,0.01953125,20,0.19351969627204113,7.854803698137403e-06,0.011281064870471992,False
5607,SIS,0.006000000052154064,20,0.004999999888241291,1.756255005602725e-05,0.013593503339203223,False
5227,SIS,0.004999999888241291,20,0.004999999888241291,1.8886155430664076e-06,0.0049172526364750085,False
6935,SIS,0.7149999737739563,20,0.10351167658018302,0.00018876254034694284,0.8856192016249277,False
7331,SIS,0.0048828125,20,0.0048828125,1.97244958144438e-06,0.005471840366704661,False
9710,SIS,0.3889999985694885,20,0.3131037069841792,0.0007132955361157656,0.44590228165551143,False
9131,SIS,0.0024999999441206455,20,0.0024999999441206455,8.062789675022941e-06,0.029716336445956677,False
1201,SIR,0.004999999888241291,20,0.05048692401966441,1.55245948008087e-06,0.0049172526364750085,False
7668,SIS,0.0048828125,20,0.0048828125,7.899516276665963e-06,0.010524899720463912,False
200,SIR,0.006000000052154064,20,0.09728716555527943,1.6499971025041305e-06,0.004840207921455716,False
8186,SIS,0.001237930147908628,20,0.001237930147908628,1.962113856279757e-06,0.0037402794396112953,False
7860,SIS,0.5390625,20,0.8857557974444901,0.0001885574747575447,0.7157732952840008,False
6128,SIS,0.004999999888241291,20,0.004999999888241291,8.223592885769904e-06,0.006472752450048415,False
9763,SIS,0.44999998807907104,20,0.3677164750929329,0.0015590963885188103,0.9750355012969496,False
3072,SIR,0.025748947635293007,20,0.10104890995551521,4.0912171243689954e-05,0.27314455983341945,False
2808,SIR,0.0419921875,20,0.22910710348776422,8.896462531993166e-05,0.09222903216174835,False
2866,SIR,0.068359375,20,0.24753503199962185,1.589012026670389e-05,0.054983729426995816,False
107,SIR,0.006000000052154064,20,0.08556726214493314,1.5826865364942933e-06,0.0049172526364750085,False
3847,SIR,0.9361227750778198,20,0.9993838396624044,8.586003968957812e-05,0.93467664746734,False
5536,SIS,0.004999999888241291,20,0.004999999888241291,2.22135236072063e-06,0.005471840366704661,False
4156,SIR,0.0024999999441206455,20,0.033497230603247795,1.950712203324656e-06,0.00348329621777399,False
747,SIR,0.5649999976158142,20,0.3020784527458707,0.00015611211711075157,0.43210822245503727,False
8575,SIS,0.6221836805343628,20,0.3256605359174647,0.00021747223217971623,0.6201238755707481,False
8190,SIS,0.09730131179094315,20,0.14246650799910487,0.00013472708815243095,0.22334262942239944,False
3444,SIR,0.5063134431838989,20,0.708103709010274,6.515709537779912e-05,0.4455396442120733,False
7371,SIS,0.0048828125,20,0.0048828125,1.7895658857014496e-06,0.0049172526364750085,False
8220,SIS,0.001237930147908628,20,0.001237930147908628,2.05055744117999e-06,0.0036994730501765643,False
7836,SIS,0.0048828125,20,0.0048828125,7.446640211128397e-06,0.009026067201723458,False
6634,SIS,0.004999999888241291,20,0.004999999888241291,1.7622816130824503e-06,0.005174143306872469,False
5,SIR,0.007000000216066837,20,0.005175919662681077,1.6007533076844993e-06,0.007025948257009005,False
7747,SIS,0.0087890625,20,0.0848348867478461,4.15639478887897e-05,0.014021194760418689,False
7099,SIS,0.0048828125,20,0.0048828125,1.8935552361654118e-06,0.0052149496963072,False
6882,SIS,0.6520000100135803,20,0.1372540018077755,0.00018725439440459013,0.8932362305288708,False
6814,SIS,0.5370000004768372,20,0.9021982426818497,0.0001381340407533571,0.8104878506075287,False
3236,SIR,0.002971032401546836,20,0.06054715411657489,2.5364543034811504e-06,-0.0027331686761862535,False
9130,SIS,0.0024999999441206455,20,0.0024999999441206455,1.9476042325550225e-06,0.0049172526364750085,False
2300,SIR,0.0048828125,20,0.049289337474232024,1.5649654869775986e-06,0.0049172526364750085,False
5797,SIS,0.5519999861717224,20,0.866150835790926,0.00019718502881005406,0.9508069390351246,False
6301,SIS,0.004999999888241291,20,0.004999999888241291,7.368347269220976e-06,0.005174143306872469,False
892,SIR,0.8809999823570251,20,0.9432120606754697,0.00018415118393022567,0.8050983978591646,False
8996,SIS,0.8596187233924866,20,0.7858157140757072,0.0014711138792335987,0.8894109898805654,False
2030,SIR,0.0048828125,20,0.06584973555696107,1.5902544419077458e-06,0.006014292893229967,False
5783,SIS,0.546999990940094,20,0.40376425008731764,0.0002579424763098359,0.8807216407800713,False
1594,SIR,0.017000000923871994,20,0.18158867928735836,3.5919670153816696e-06,0.015967758601659842,False
1062,SIR,0.004999999888241291,20,0.06743625596160359,1.5743856920380495e-06,0.006014292893229967,False
6894,SIS,0.6539999842643738,20,0.033579832614730805,0.00015885887842159718,0.6335158953500782,False
7693,SIS,0.0048828125,20,0.0048828125,2.023705064857495e-06,0.005786854897068638,False
3987,SIR,0.9767268896102905,20,0.9999872059562191,8.128365880111232e-05,0.9694977173170584,False
6916,SIS,0.7099999785423279,20,0.12759281075825102,0.00020607125770766288,0.8661299738035025,False
7332,SIS,0.0048828125,20,0.0048828125,1.8005870288106962e-06,0.0049172526364750085,False
6243,SIS,0.004999999888241291,20,0.004999999888241291,1.969077857211232e-06,0.005174143306872469,False
6097,SIS,0.004999999888241291,20,0.004999999888241291,1.9470321603876073e-06,0.0049172526364750085,False
2679,SIR,0.015625,20,0.1365978185645945,1.2449228051991668e-05,0.022426881931398208,False
2062,SIR,0.005859375,20,0.0522479173812467,1.693157514637278e-06,0.0078049368071533435,False
6645,SIS,0.004999999888241291,20,0.004999999888241291,1.9039302060264163e-05,0.042120540507355926,False
2632,SIR,0.009765625,20,0.10342487624095978,1.921711373142898e-06,0.00830709571642456,False
7647,SIS,0.005859375,20,0.0048828125,2.1162957636988722e-05,0.06153748824899207,False
6174,SIS,0.004999999888241291,20,0.004999999888241291,1.6997227021420258e-06,0.005174143306872469,False
8401,SIS,0.43674176931381226,20,0.14840239607754074,0.00015943021571729332,0.38452283783406893,False
3850,SIR,0.9475117325782776,20,0.9999166227825999,9.098736336454749e-05,0.9484486997045477,False
7665,SIS,0.0068359375,20,0.0048828125,1.1437245120760053e-05,0.03080540163549415,False
284,SIR,0.00800000037997961,20,0.13663862365749183,2.029874849540647e-06,0.010311963105334472,False
3345,SIR,0.40183213353157043,20,0.366178985443187,0.0001168552553281188,0.4842708740782198,False
2263,SIR,0.005859375,20,0.06458647248936367,1.691193574515637e-06,0.0049172526364750085,False
3310,SIR,0.1406288743019104,20,0.5386629698970342,0.00010076856415253133,0.43199523443891985,False
6625,SIS,0.008999999612569809,20,0.013022751096963233,3.689359800773673e-05,0.12366122281295658,False
9884,SIS,0.5720000267028809,20,0.515592561712997,0.0013972410233691335,0.5926305185009594,False
9677,SIS,0.3294999897480011,20,0.2668643606233973,0.0003406799805816263,0.3610692817130666,False
5861,SIS,0.7129999995231628,20,0.5597617020595783,0.0002669368404895067,0.7769869700344297,False
5521,SIS,0.004999999888241291,20,0.004999999888241291,1.908053491206374e-06,0.005174143306872469,False
7038,SIS,0.0048828125,20,0.0048828125,1.8929270027001621e-06,0.006271183563627427,False
9642,SIS,0.2680000066757202,20,0.9530361484916532,0.000237716652918607,0.757413295081144,False
7258,SIS,0.0048828125,20,0.0048828125,1.1980774615949485e-05,0.01020440473450065,False
4569,SIR,0.26750001311302185,20,0.757032074925619,3.494778502499685e-05,0.2909418214893345,False
995,SIR,0.9660000205039978,20,0.992524111342897,9.503381443209946e-05,0.9403030343796754,False
3060,SIR,0.03812824934720993,20,0.986230593705715,0.0001026187528623268,0.19736513571343056,False
4018,SIR,0.0024999999441206455,20,0.033497230603247795,1.950712203324656e-06,0.00348329621777399,False
4363,SIR,0.02449999935925007,20,0.2777746990608132,1.2594184227054939e-05,0.10141382802221345,False
3982,SIR,0.9720227718353271,20,0.9999842741104237,6.701423262711614e-05,0.958165836975702,False
7992,SIS,0.76171875,20,0.03817202646853488,0.0001248317857971415,0.5804809666247339,False
1843,SIR,0.0689999982714653,20,0.36571143500000924,3.0428725949604996e-05,0.12842056590569245,False
1156,SIR,0.007000000216066837,20,0.11133865922338418,1.8157927570428e-06,0.005178381780746991,False
2243,SIR,0.0048828125,20,0.04354854497398366,1.5730200857433374e-06,0.006014292893229967,False
8589,SIS,0.6216885447502136,20,0.3325409797258846,0.00044878359767608345,0.8041244748689969,False
1363,SIR,0.007000000216066837,20,0.13328738539809637,1.6546061942790402e-06,0.005471840366704661,False
9701,SIS,0.3959999978542328,20,0.2972776339698662,0.0008916027727536857,0.4439451159563378,False
3195,SIR,0.057192374020814896,20,0.21050348369082988,9.390148625243455e-05,0.26903627701572175,False
7921,SIS,0.693359375,20,0.054465049155836893,0.00015776055806782097,0.7057055033170373,False
6771,SIS,0.3630000054836273,20,0.03160329121304997,7.490463758585975e-05,0.41246995228019,False
6581,SIS,0.006000000052154064,20,0.004999999888241291,1.1569524758670013e-05,0.038252199171498844,False
4882,SIR,0.4740000069141388,20,0.9393365890609535,4.1804323700489476e-05,0.4562536771242157,False
4101,SIR,0.0024999999441206455,20,0.003789322856406986,1.8846968714569812e-06,0.00348329621777399,False
3417,SIR,0.4184204041957855,20,0.6040208075851011,0.00010129922156920657,0.5117037964465063,False
3562,SIR,0.7363208532333374,20,0.8672433390229881,0.00010457817552378401,0.6965580774813057,False
6580,SIS,0.008999999612569809,20,0.011944784153019332,3.194742384948768e-05,0.16600924654982055,False
1827,SIR,0.04500000178813934,20,0.2870981342333488,3.8984682760201395e-05,0.1152591401651538,False
2000,SIR,0.0048828125,20,0.06119211780549997,1.5981662500053062e-06,0.0049172526364750085,False
4536,SIR,0.2004999965429306,20,0.6848469987583614,2.06911499844864e-05,0.21003041147922868,False
4503,SIR,0.05400000140070915,20,0.33060657341160393,4.2738462070701644e-05,0.2186569464005576,False
5191,SIS,0.004999999888241291,20,0.004999999888241291,1.2640824024856556e-05,0.013038871166533099,False
3735,SIR,0.8913097381591797,20,0.988038222359377,6.480258889496326e-05,0.8712979596103723,False
5919,SIS,0.7620000243186951,20,0.7124340038687003,0.0007384289056062698,0.8556790383468448,False
4235,SIR,0.003000000026077032,20,0.040301307655670394,1.963950353456312e-06,0.0049172526364750085,False
1486,SIR,0.006000000052154064,20,0.05579336229588749,1.5777767430336098e-06,0.005028940671519668,False
2779,SIR,0.052734375,20,0.2834027807793708,3.343761636642739e-05,0.08147675716804496,False
8498,SIS,0.5018569231033325,20,0.26220763647499135,0.0002552319201640785,0.5708920969303052,False
2075,SIR,0.0048828125,20,0.032972300849733946,1.57272904743877e-06,0.0044882457538926905,False
4488,SIR,0.16200000047683716,20,0.2120123031991539,6.004541501170024e-05,0.442604303106591,False
2756,SIR,0.013671875,20,0.17050500890577297,2.7914513793803053e-06,0.009884377595915326,False
688,SIR,0.24899999797344208,20,0.28603503567848165,9.259323996957392e-05,0.2713587053490653,False
2558,SIR,0.0068359375,20,0.1142098312683245,1.691120928626333e-06,0.005174143306872469,False
5920,SIS,0.7609999775886536,20,0.7509364056045306,0.0005816507618874311,0.8123931559658368,False
1500,SIR,0.004999999888241291,20,0.044593063901457536,1.561211888656544e-06,0.006014292893229967,False
4645,SIR,0.226500004529953,20,0.6566015112222928,1.619480644876603e-05,0.22660372716018629,False
9348,SIS,0.041999999433755875,20,0.04121059616435984,4.703753438661806e-05,0.1490223207335335,False
7568,SIS,0.0048828125,20,0.0048828125,3.1952897643350298e-06,0.013595181680477986,False
8755,SIS,0.7863332629203796,20,0.7388186354577134,0.000727441452909261,0.8569430475417222,False
6232,SIS,0.006000000052154064,20,0.004999999888241291,7.95439973444445e-06,0.00982257558860604,False
1680,SIR,0.014000000432133675,20,0.0065547745380024535,2.252420699733193e-06,0.01332615359244132,False
5640,SIS,0.004999999888241291,20,0.004999999888241291,1.6293904536723858e-06,0.004785942813724882,False
9516,SIS,0.17299999296665192,20,0.05919547116499005,3.10755567625165e-05,0.1199539190028846,False
692,SIR,0.24699999392032623,20,0.37312919023031027,7.29121602489613e-05,0.2801003598932926,False
5256,SIS,0.004999999888241291,20,0.004999999888241291,1.7810001509133144e-06,0.005174143306872469,False
7756,SIS,0.0341796875,20,0.0245570552512933,7.196333899628371e-05,0.19828321362064683,False
395,SIR,0.006000000052154064,20,0.09545745087989305,1.6871854313649237e-06,0.005174143306872469,False
3092,SIR,0.001237930147908628,20,0.0021657290348142274,2.1138037027412793e-06,0.0032635252855821102,False
9765,SIS,0.44600000977516174,20,0.4122161349627157,0.0005543589359149337,0.755665997027616,False
8956,SIS,0.8623421788215637,20,0.8050978855537946,0.0013188481098040938,0.8814551147715876,False
9178,SIS,0.0024999999441206455,20,0.0024999999441206455,1.9982178400823614e-06,0.002678335288955178,False
9260,SIS,0.0215000007301569,20,0.8792291393643418,0.00015586282825097442,0.5180531180726288,False
4511,SIR,0.2070000022649765,20,0.6743827772948977,3.4038221201626584e-05,0.2594190178253116,False
2454,SIR,0.0048828125,20,0.049289337474232024,1.5649654869775986e-06,0.0049172526364750085,False
9670,SIS,0.0024999999441206455,20,0.0024999999441206455,2.199305754402303e-06,0.0029352259593526386,False
9538,SIS,0.17399999499320984,20,0.12688636310122903,0.00013860585750080645,0.6075964976269403,False
4867,SIR,0.6110000014305115,20,0.9762682648362114,4.544040348264389e-05,0.5389066267152491,False
8141,SIS,0.058182720094919205,20,0.001237930147908628,5.868056177860126e-05,0.08785605592944212,False
2027,SIR,0.0048828125,20,0.049289337474232024,1.5649654869775986e-06,0.0049172526364750085,False
4270,SIR,0.0024999999441206455,20,0.033497230603247795,1.950712203324656e-06,0.00348329621777399,False
4338,SIR,0.0024999999441206455,20,0.033497230603247795,1.950712203324656e-06,0.00348329621777399,False
872,SIR,0.871999979019165,20,0.9903133550918886,0.0002638247678987682,0.9110811191290697,False
6207,SIS,0.004999999888241291,20,0.004999999888241291,2.209914782724809e-06,0.0062158617796509545,False
2862,SIR,0.1005859375,20,0.9839142286327669,0.0001916983601404354,0.5192494102550907,False
8008,SIS,0.001237930147908628,20,0.001237930147908628,7.400671620416688e-06,0.020366694464254525,False
1481,SIR,0.004999999888241291,20,0.06743625596160359,1.5743856920380495e-06,0.006014292893229967,False
6028,SIS,0.004999999888241291,20,0.004999999888241291,1.949930947375833e-06,0.005174143306872469,False
5325,SIS,0.004999999888241291,20,0.004999999888241291,1.0795639354910236e-05,0.009564969327833567,False
8552,SIS,0.6209457516670227,20,0.3376752071722949,0.0002317120524821803,0.6046835021951249,False
6469,SIS,0.006000000052154064,20,0.004999999888241291,8.326800525537692e-06,0.054543316965703026,False
4891,SIR,0.42399999499320984,20,0.9080161915148894,4.2916777601931244e-05,0.4445032410546639,False
822,SIR,0.8339999914169312,20,0.9910213917194713,0.0002710706030484289,0.7386342287450566,False
7984,SIS,0.7490234375,20,0.066147732311417,0.00018361728871241212,0.7767922394617992,False
7024,SIS,0.0048828125,20,0.0048828125,1.722286128824635e-06,0.0049172526364750085,False
334,SIR,0.006000000052154064,20,0.013500015987545421,1.5815865026524989e-06,0.006014292893229967,False
9199,SIS,0.023000000044703484,20,0.036246946047786756,9.705541742732748e-05,0.39434470057807847,False
9732,SIS,0.390500009059906,20,0.32820861959916386,0.0006740167154930532,0.5747436452595283,False
6350,SIS,0.004999999888241291,20,0.004999999888241291,1.7614146372579853e-06,0.005174143306872469,False
9852,SIS,0.5715000033378601,20,0.49210363074682406,0.0013585214037448168,0.6328931312704215,False
4543,SIR,0.11699999868869781,20,0.4418870628409008,2.232554106740281e-05,0.13242478364681853,False
6724,SIS,0.0689999982714653,20,0.09078555706381379,4.5600496378028765e-05,0.24375646112752836,False
161,SIR,0.006000000052154064,20,0.07119561371920548,1.600147356839443e-06,0.006014292893229967,False
726,SIR,0.017999999225139618,20,0.12453640973588381,1.1606877706071828e-05,0.009449634784715834,False
3572,SIR,0.7781628966331482,20,0.9306700972675468,0.0001347060315310955,0.8342584938461843,False
9741,SIS,0.38199999928474426,20,0.0024999999441206455,6.295940693235025e-05,0.06941694666592933,False
7378,SIS,0.0048828125,20,0.0048828125,8.055519174376968e-06,0.005174143306872469,False
329,SIR,0.007000000216066837,20,0.09993959261568586,1.6705487269064179e-06,0.005174143306872469,False
2961,SIR,0.5556640625,20,0.36126524584647124,4.954797987011261e-05,0.23867619076471241,False
2737,SIR,0.015625,20,0.2096948354421868,2.292792487423867e-06,0.010311963105334472,False
4665,SIR,0.45500001311302185,20,0.8928711757200092,6.468293577199802e-05,0.5164567543259851,False
3031,SIR,0.001485516200773418,20,0.002720915660321252,2.1432408630062127e-06,0.0034425823797791027,False
8806,SIS,0.8133201003074646,20,0.7130348370956685,0.0017103153513744473,0.8159118927346548,False
7040,SIS,0.0048828125,20,0.0048828125,1.754089225869393e-06,0.0049172526364750085,False
451,SIR,0.007000000216066837,20,0.09315375784246441,1.7245196204385138e-06,0.005174143306872469,False
6091,SIS,0.004999999888241291,20,0.004999999888241291,2.0464042336243438e-06,0.0049172526364750085,False
7081,SIS,0.0048828125,20,0.0048828125,1.8905979004557594e-06,0.005174143306872469,False
182,SIR,0.008999999612569809,20,0.13809311563087484,1.8616349279909628e-06,0.010065573446400826,False
7618,SIS,0.009765625,20,0.0061133870640692235,9.28294684854336e-06,0.011129112131572364,False
5156,SIS,0.006000000052154064,20,0.004999999888241291,2.138620402547531e-06,0.00982257558860604,False
9204,SIS,0.0024999999441206455,20,0.0024999999441206455,2.398290462224395e-06,0.010542990963309207,False
379,SIR,0.004999999888241291,20,0.039689066669504426,1.5946525309118442e-06,0.0044882457538926905,False
7999,SIS,0.74609375,20,0.09992086918505486,0.0002274971193401143,0.7757978423353441,False
7653,SIS,0.0048828125,20,0.0048828125,1.9896037883881945e-06,0.005174143306872469,False
2349,SIR,0.0048828125,20,0.05552884451426028,1.5675794884373317e-06,0.0049172526364750085,False
7738,SIS,0.0068359375,20,0.0048828125,1.3354748261917848e-05,0.02278431970125588,False
6910,SIS,0.7099999785423279,20,0.09555546718983585,0.00019022297055926174,0.7642430422467729,False
6802,SIS,0.5590000152587891,20,0.03765489084810131,0.00013591368042398244,0.7168208032451975,False
1445,SIR,0.007000000216066837,20,0.08755853989655772,1.7409432757631293e-06,0.005174143306872469,False
7809,SIS,0.005859375,20,0.0048828125,4.387472654343583e-05,0.10425503617899547,False
8981,SIS,0.8625897765159607,20,0.8272859416707605,0.00106198457069695,0.8852137215782105,False
7518,SIS,0.0048828125,20,0.0048828125,1.6767927490946022e-06,0.0049172526364750085,False
5240,SIS,0.004999999888241291,20,0.004999999888241291,1.2693057215074077e-05,0.009993976210415886,False
4903,SIR,0.9164999723434448,20,0.9996266439360637,8.682400948600844e-05,0.8654761108665392,False
7463,SIS,0.0048828125,20,0.0048828125,1.732997134240577e-06,0.0049172526364750085,False
9391,SIS,0.0024999999441206455,20,0.0024999999441206455,8.534682820027228e-06,0.01093110867691516,False
8536,SIS,0.5637534260749817,20,0.4288647520280226,0.0002600279694888741,0.7299023319155991,False
5808,SIS,0.625,20,0.9355353976970674,0.00020482753461692482,0.8536459716519912,False
1458,SIR,0.004999999888241291,20,0.044593063901457536,1.561211888656544e-06,0.006014292893229967,False
9175,SIS,0.0024999999441206455,20,0.0024999999441206455,8.110991075227503e-06,0.010502101794332844,False
974,SIR,0.9539999961853027,20,0.9938416759532975,9.997197048505768e-05,0.9425793021995449,False
7659,SIS,0.0048828125,20,0.0048828125,7.603634003316984e-06,0.005471840366704661,False
2079,SIR,0.005859375,20,0.06458647248936367,1.691193574515637e-06,0.0049172526364750085,False
2864,SIR,0.0888671875,20,0.3521512310201362,7.162239489844069e-05,0.20262242358491492,False
2001,SIR,0.0048828125,20,0.06119211780549997,1.5981662500053062e-06,0.0049172526364750085,False
2322,SIR,0.0048828125,20,0.032972300849733946,1.57272904743877e-06,0.0044882457538926905,False
5051,SIS,0.004999999888241291,20,0.004999999888241291,1.5815865026524989e-06,0.006014292893229967,False
806,SIR,0.8460000157356262,20,0.9459509309540608,0.00019389489898458123,0.7762666847302467,False
9387,SIS,0.08150000125169754,20,0.05942003248322505,0.00010684180597309023,0.2970577056989241,False
9054,SIS,0.0024999999441206455,20,0.0024999999441206455,2.4518135433027055e-06,0.00825487595503705,False
9433,SIS,0.10350000113248825,20,0.8869643920485141,0.00011424096010159701,0.5614507445218758,False
1418,SIR,0.004999999888241291,20,0.05048692401966441,1.55245948008087e-06,0.0049172526364750085,False
8217,SIS,0.001237930147908628,20,0.001237930147908628,8.397159035666846e-06,0.03626069175004134,False
5470,SIS,0.004999999888241291,20,0.004999999888241291,1.74122067164717e-06,0.0049172526364750085,False
2396,SIR,0.0048828125,20,0.049289337474232024,1.5649654869775986e-06,0.0049172526364750085,False
2551,SIR,0.0078125,20,0.09896944783518416,1.7100895775001845e-06,0.005174143306872469,False
4555,SIR,0.24799999594688416,20,0.6984988404758649,0.00010706751345423982,0.36250008621391305,False
3068,SIR,0.001237930147908628,20,0.0021657290348142274,2.1138037027412793e-06,0.0032635252855821102,False
2854,SIR,0.09765625,20,0.35955478441203376,6.682967068627477e-05,0.1437665743384576,False
3208,SIR,0.09952958673238754,20,0.9879530715518927,0.00011842142703244463,0.2532622720855563,False
5419,SIS,0.004999999888241291,20,0.004999999888241291,1.5946525309118442e-06,0.0044882457538926905,False
8254,SIS,0.002228274242952466,20,0.001237930147908628,3.1832757940719603e-06,-0.005998949978328098,False
5829,SIS,0.6399999856948853,20,0.6152794784193015,0.00026655258261598647,0.8325338166136073,False
4003,SIR,0.0024999999441206455,20,0.028107819778008237,1.9243504993937677e-06,0.002678335288955178,False
9141,SIS,0.003000000026077032,20,0.0024999999441206455,9.953586413757876e-06,0.06387145705559703,False
2074,SIR,0.0048828125,20,0.06584973555696107,1.5902544419077458e-06,0.006014292893229967,False
1750,SIR,0.11699999868869781,20,0.3999576829972303,6.751584442099556e-05,0.35041738304988523,False
987,SIR,0.9580000042915344,20,0.9916731021166725,0.00011373638699296862,0.9364887797651136,False
4851,SIR,0.737500011920929,20,0.9973114258365022,5.899707684875466e-05,0.7720863685358671,False
5915,SIS,0.7649999856948853,20,0.7327247614803518,0.00047990822349675,0.8264114745277795,False
950,SIR,0.9549999833106995,20,0.9898932920957733,0.00010859836038434878,0.968100193154013,False
814,SIR,0.8489999771118164,20,0.8876124214515184,0.00019528123084455729,0.7074275941085986,False
7669,SIS,0.0068359375,20,0.0048828125,8.629219337308314e-06,0.02100637554860401,False
1560,SIR,0.032999999821186066,20,0.2636285790932914,6.729857705067843e-05,0.17769449239596832,False
8362,SIS,0.3659321665763855,20,0.9115034792509031,0.0001265966857317835,0.19981037729178852,False
6855,SIS,0.6489999890327454,20,0.09923538325411371,0.00017905903223436326,0.796370227761743,False
7521,SIS,0.0048828125,20,0.0048828125,1.8418053286950453e-06,0.005042833484122343,False
223,SIR,0.006000000052154064,20,0.06967755889872386,1.6750218492234126e-06,0.005457947554101986,False
5219,SIS,0.004999999888241291,20,0.004999999888241291,7.487622042390285e-06,0.0049172526364750085,False
5842,SIS,0.628000020980835,20,0.6178163052297367,0.0002346357359783724,0.8404626364560368,False
6553,SIS,0.006000000052154064,20,0.004999999888241291,9.306178981205449e-06,0.00963714126424602,False
7106,SIS,0.0048828125,20,0.0048828125,7.851740519981831e-06,0.005174143306872469,False
4779,SIR,0.4860000014305115,20,0.9383063676037158,3.393916631466709e-05,0.502110723712215,False
1917,SIR,0.20900000631809235,20,0.5982246971553098,3.7457808502949774e-05,0.39667347600517155,False
8176,SIS,0.10720475018024445,20,0.8398843595755319,0.00014306220691651106,0.30016164157353786,False
1478,SIR,0.014999999664723873,20,0.17767812595049737,2.3293539470614633e-06,0.013495874952838898,False
117,SIR,0.004999999888241291,20,0.06743625596160359,1.5743856920380495e-06,0.006014292893229967,False
3177,SIR,0.0802178755402565,20,0.9585548536945955,0.0001685538882156834,0.2742142873451489,False
8166,SIS,0.001237930147908628,20,0.001237930147908628,2.2078293113736436e-06,0.003997170110008755,False
7572,SIS,0.005859375,20,0.0048828125,2.657713230291847e-05,0.11514541498928758,False
7658,SIS,0.0068359375,20,0.0048828125,2.6286884349246975e-06,0.017952239126894885,False
8674,SIS,0.7142857313156128,20,0.5564108490461734,0.0016575766494497657,0.7225919752541217,False
8354,SIS,0.3669224977493286,20,0.1346469627040384,0.00014923511480446905,0.4342467409671871,False
1668,SIR,0.02500000037252903,20,0.14576253168569991,1.884336961666122e-05,0.06365626051241409,False
5857,SIS,0.7089999914169312,20,0.6082446693039039,0.00029968234593980014,0.7839314721888676,False
3216,SIR,0.06734339892864227,20,0.9294466630423849,0.00011515277583384886,0.19122926955675218,False
1086,SIR,0.004999999888241291,20,0.05048692401966441,1.55245948008087e-06,0.0049172526364750085,False
9021,SIS,0.0024999999441206455,20,0.0024999999441206455,1.544259794172831e-05,0.22059231648561609,False
74,SIR,0.004999999888241291,20,0.06743625596160359,1.5743856920380495e-06,0.006014292893229967,False
4864,SIR,0.5059999823570251,20,0.9369931851075142,4.627141970559023e-05,0.49600612353049733,False
4618,SIR,0.26249998807907104,20,0.7184389224021211,2.1664192900061607e-05,0.214508118198847,False
9085,SIS,0.0024999999441206455,20,0.0024999999441206455,2.328714117538766e-06,0.0029352259593526386,False
6030,SIS,0.004999999888241291,20,0.004999999888241291,1.79068058514531e-06,0.0049172526364750085,False
9066,SIS,0.0024999999441206455,20,0.0024999999441206455,2.0649260932259494e-06,0.005174143306872469,False
9999,SIS,0.6784999966621399,20,0.6406164978011832,0.0012182710925117135,0.7064512569340341,False
1141,SIR,0.004999999888241291,20,0.06743625596160359,1.5743856920380495e-06,0.006014292893229967,False
7597,SIS,0.005859375,20,0.0048828125,1.8780418031383306e-05,0.11777737066090119,False
7671,SIS,0.0048828125,20,0.0048828125,3.357770401635207e-05,0.1176626546351492,False
7660,SIS,0.0087890625,20,0.0048828125,9.098817827180028e-06,0.013714136862099371,False
8324,SIS,0.2879425585269928,20,0.9404993922171623,0.00015626729873474687,0.34299059835296863,False
750,SIR,0.7350000143051147,20,0.6127387793701544,0.00017303373897448182,0.7977236889216517,False
9628,SIS,0.0024999999441206455,20,0.0024999999441206455,1.935952468556934e-06,0.0049172526364750085,False
3983,SIR,0.9881158471107483,20,0.9999949581037285,6.511665560537949e-05,0.9618158009181358,False
3419,SIR,0.49492448568344116,20,0.74405554034927,8.334116137120873e-05,0.5145903313044298,False
4803,SIR,0.5120000243186951,20,0.9529060573362241,3.87940599466674e-05,0.5012722763342429,False
4814,SIR,0.4494999945163727,20,0.8972525397879505,4.2355808545835316e-05,0.43686568871248216,False
6761,SIS,0.3179999887943268,20,0.032879642559800776,0.00013042385398875922,0.5043765363568976,False
2385,SIR,0.0048828125,20,0.06584973555696107,1.5902544419077458e-06,0.006014292893229967,False
310,SIR,0.007000000216066837,20,0.006050879426207895,1.7979205040319357e-06,0.006769057586611544,False
4372,SIR,0.0024999999441206455,20,0.028107819778008237,1.9243504993937677e-06,0.002678335288955178,False
4283,SIR,0.0024999999441206455,20,0.033497230603247795,1.950712203324656e-06,0.00348329621777399,False
4199,SIR,0.0024999999441206455,20,0.004380618866920136,1.8937394088425208e-06,0.0049172526364750085,False
8553,SIS,0.6219361424446106,20,0.43159027627272645,0.0005836619529873133,0.6848754591970508,False
2660,SIR,0.0126953125,20,0.1267340706838705,2.1100231606396846e-06,0.012578517565158221,False
9750,SIS,0.45350000262260437,20,0.38498443014025713,0.000967088621109724,0.7679138966905033,False
6029,SIS,0.006000000052154064,20,0.004999999888241291,2.185541688959347e-06,0.00982257558860604,False
8884,SIS,0.8321366906166077,20,0.7631735730056856,0.0011360585922375321,0.8344640440011409,False
7971,SIS,0.7431640625,20,0.13399695296957137,0.000222127913730219,0.8847770139818537,False
8144,SIS,0.002475860295817256,20,0.001237930147908628,6.454461254179478e-05,0.016656634895846786,False
2777,SIR,0.01171875,20,0.005253161422438688,2.201903953391593e-06,0.009528226110994674,False
8658,SIS,0.7179995179176331,20,0.5483223519045264,0.0011525385780259967,0.7297282660125867,False
6312,SIS,0.004999999888241291,20,0.004999999888241291,1.6897248542591115e-06,0.005174143306872469,False
6398,SIS,0.004999999888241291,20,0.004999999888241291,2.408512727924972e-06,0.0061750553902162235,False
7317,SIS,0.0048828125,20,0.0048828125,7.748419193376321e-06,0.007132932066776233,False
9319,SIS,0.0024999999441206455,20,0.0024999999441206455,2.1583805391856004e-06,0.005471840366704661,False
7601,SIS,0.0048828125,20,0.0048828125,1.8603711851028493e-06,0.008059859384755255,False
5028,SIS,0.004999999888241291,20,0.004999999888241291,2.2108549728727667e-06,0.006472752450048415,False
5171,SIS,0.004999999888241291,20,0.004999999888241291,7.938500857562758e-06,0.005174143306872469,False
4125,SIR,0.0024999999441206455,20,0.003789322856406986,1.8846968714569812e-06,0.00348329621777399,False
3474,SIR,0.6335726380348206,20,0.9872513182795212,0.00016393109399359673,0.35776975890330553,False
8637,SIS,0.6662540435791016,20,0.4098569286635581,0.001464600907638669,0.6905350304788744,False
6587,SIS,0.007000000216066837,20,0.004999999888241291,7.616304628754733e-06,0.012674138554556345,False
2051,SIR,0.0048828125,20,0.06584973555696107,1.5902544419077458e-06,0.006014292893229967,False
2593,SIR,0.0087890625,20,0.1082248853832796,2.0558559299388435e-06,0.010852658022961452,False
9031,SIS,0.0024999999441206455,20,0.0024999999441206455,2.270487129862886e-06,0.0049172526364750085,False
5913,SIS,0.7570000290870667,20,0.7203785721163929,0.0005078483372926712,0.8838397083992807,False
9835,SIS,0.0024999999441206455,20,0.0024999999441206455,2.019494331761962e-06,0.0049172526364750085,False
1596,SIR,0.00800000037997961,20,0.11842492622280314,1.8530724901211215e-06,0.010065573446400826,False
1039,SIR,0.006000000052154064,20,0.08593908521139497,1.6741627177907503e-06,0.005457947554101986,False
3925,SIR,0.9603862166404724,20,0.9999722585759914,7.974613254191354e-05,0.9694977173170584,False
9828,SIS,0.5105000138282776,20,0.41232360848586036,0.0018785666907206178,0.7073095957055869,False
260,SIR,0.004999999888241291,20,0.06743625596160359,1.5743856920380495e-06,0.006014292893229967,False
9738,SIS,0.3889999985694885,20,0.3109491414843522,0.001137151033617556,0.7234594565212568,False
899,SIR,0.8970000147819519,20,0.9291374963456408,0.00026329304091632366,0.8416110446133328,False
265,SIR,0.006000000052154064,20,0.06986265216190403,1.6584369859629078e-06,0.005457947554101986,False
3019,SIR,0.005446892697364092,20,0.04877180918214117,1.5215863641060423e-05,-0.042958524249864925,False
1137,SIR,0.004999999888241291,20,0.03376791504528864,1.5629548215656541e-06,0.0044882457538926905,False
1493,SIR,0.00800000037997961,20,0.10818678395714196,1.7120216853072634e-06,0.005417141164667255,False
7229,SIS,0.0048828125,20,0.0048828125,1.8780724531097803e-06,0.005174143306872469,False
1794,SIR,0.06700000166893005,20,0.3369784967347895,5.9273905208101496e-05,0.11953364035342313,False
9690,SIS,0.3199999928474426,20,0.29072534418329493,0.00036820629611611366,0.4505920861212752,False
4355,SIR,0.0024999999441206455,20,0.028107819778008237,1.9243504993937677e-06,0.002678335288955178,False
823,SIR,0.8460000157356262,20,0.898375357330597,0.00019331637304276228,0.7590124515920639,False
130,SIR,0.004999999888241291,20,0.044593063901457536,1.561211888656544e-06,0.006014292893229967,False
9234,SIS,0.0024999999441206455,20,0.0024999999441206455,2.1381329133873805e-06,0.002678335288955178,False
8626,SIS,0.6719484925270081,20,0.4956608730747325,0.0006186317186802626,0.6909091213705436,False
2597,SIR,0.005859375,20,0.12077582710505508,1.7351486576444586e-06,0.008083665752614157,False
4495,SIR,0.07450000196695328,20,0.3769808215028084,2.4368142476305366e-05,0.16957523464255472,False
6517,SIS,0.006000000052154064,20,0.004999999888241291,7.25966219761176e-06,0.009677372953253245,False
8505,SIS,0.5617727041244507,20,0.2983538000906385,0.00033009794424287975,0.5455302773316167,False
884,SIR,0.8859999775886536,20,0.9422993810965916,0.0003202127991244197,0.82310674382049,False
732,SIR,0.41499999165534973,20,0.940589571423396,0.0001265422470169142,0.5009853367015432,False
4843,SIR,0.4964999854564667,20,0.949527936160084,3.751257463591173e-05,0.49139565168566707,False
8758,SIS,0.7821242809295654,20,0.6707117253273921,0.0014780274359509349,0.7910873854621823,False
4490,SIR,0.08550000190734863,20,0.4506798752339736,2.984970160468947e-05,0.06628215030811958,False
4029,SIR,0.013000000268220901,20,0.20100284363185633,1.2958272236573976e-05,0.02998756274914032,False
5044,SIS,0.004999999888241291,20,0.004999999888241291,1.559244765303447e-06,0.004785942813724882,False
580,SIR,0.028999999165534973,20,0.016873626187708116,3.444883259362541e-05,0.05417561624282494,False
8511,SIS,0.5637534260749817,20,0.3386022239156845,0.0002409296139376238,0.6842251509726703,False
8182,SIS,0.012874473817646503,20,0.08226687735864685,0.00011007770808646455,0.0895802892856988,False
1308,SIR,0.006000000052154064,20,0.08928288946588321,1.652762421144871e-06,0.005160250494269794,False
525,SIR,0.010999999940395355,20,0.13017328812790646,2.5112803996307775e-06,0.011053210471675954,False
3832,SIR,0.9413220882415771,20,0.9968110885384406,8.648974471725523e-05,0.9270388775598778,False
3432,SIR,0.47288933396339417,20,0.6853141411000756,0.00012360690743662417,0.5298138712747478,False
2235,SIR,0.0048828125,20,0.06119211780549997,1.5981662500053062e-06,0.0049172526364750085,False
9419,SIS,0.0024999999441206455,20,0.0024999999441206455,2.084221932818764e-06,0.0029352259593526386,False
7795,SIS,0.0322265625,20,0.053024210131591254,0.0001309547369601205,0.12860698189904507,False
7449,SIS,0.0048828125,20,0.0048828125,2.3626896563655464e-06,0.0061750553902162235,False
4107,SIR,0.003000000026077032,20,0.040301307655670394,1.963950353456312e-06,0.0049172526364750085,False
6412,SIS,0.006000000052154064,20,0.004999999888241291,2.472165078870603e-06,0.011438292673145091,False
1389,SIR,0.007000000216066837,20,0.1102823813057933,1.7211218619195279e-06,0.005174143306872469,False
7842,SIS,0.265625,20,0.024658138478685723,0.00013329209468793124,0.2394870099470894,False
6089,SIS,0.004999999888241291,20,0.004999999888241291,1.6405294900323497e-06,0.004785942813724882,False
7779,SIS,0.0087890625,20,0.08422973601355284,3.7348840123740956e-05,0.039343747239570605,False
9077,SIS,0.0024999999441206455,20,0.0024999999441206455,1.996901346501545e-06,0.002678335288955178,False
2421,SIR,0.0048828125,20,0.06584973555696107,1.5902544419077458e-06,0.006014292893229967,False
2733,SIR,0.013671875,20,0.15011222934275303,2.1669666239176877e-06,0.010609660165166667,False
1761,SIR,0.024000000208616257,20,0.22513782997612544,4.322224413044751e-06,0.024969757055857432,False
646,SIR,0.020999999716877937,20,0.15363499614710857,9.45900501392316e-06,0.01544309631200726,False
2611,SIR,0.0078125,20,0.10133363813072845,1.6491412679897621e-06,0.0049172526364750085,False
7391,SIS,0.0048828125,20,0.0048828125,1.58472403199994e-06,0.0049172526364750085,False
3766,SIR,0.9326565861701965,20,0.9874726764699365,0.00012621530913747847,0.8766139776378407,False
3045,SIR,0.001980688190087676,20,0.04572815744242617,2.3082045572664356e-06,-0.007857874007437439,False
8218,SIS,0.06981926411390305,20,0.14449800783324265,9.216475882567465e-05,0.5106572163116089,False
7705,SIS,0.005859375,20,0.0048828125,2.491095983714331e-06,0.012676507940656619,False
8261,SIS,0.001237930147908628,20,0.001237930147908628,2.3130724002839997e-06,0.003997170110008755,False
2831,SIR,0.025390625,20,0.21578961290810364,3.7010133382864296e-05,-0.006146583507751235,False
9668,SIS,0.3240000009536743,20,0.29152937783920047,0.00024139914603438228,0.5134110642745661,False
8655,SIS,0.7137905359268188,20,0.6158331728142162,0.000933191564399749,0.7066247728036413,False
6819,SIS,0.5350000262260437,20,0.03506348479981193,0.00014694588026031852,0.5884113365056887,False
3297,SIR,0.15325576066970825,20,0.6184469958456781,4.776893911184743e-05,0.14636028519137254,False
8266,SIS,0.21688537299633026,20,0.3569516398131299,0.00017948501044884324,0.30632452793556675,False
4703,SIR,0.35249999165534973,20,0.8325946440692255,3.141311390209012e-05,0.37360375378186417,False
5423,SIS,0.004999999888241291,20,0.004999999888241291,1.8426995893605636e-06,0.005174143306872469,False
6445,SIS,0.004999999888241291,20,0.004999999888241291,2.4440744255116442e-06,0.006472752450048415,False
8740,SIS,0.7546422481536865,20,0.6629915714896581,0.0010645767906680703,0.8089554933097485,False
9496,SIS,0.13850000500679016,20,0.1079817302327656,0.00014311418635770679,0.4675496291902233,False
1604,SIR,0.014999999664723873,20,0.21251887530129265,2.3794905246177223e-06,0.016796608294096613,False
6940,SIS,0.718999981880188,20,0.12361225521590863,0.00021501192532014102,0.9009774628995804,False
6033,SIS,0.004999999888241291,20,0.004999999888241291,2.3155464532464975e-06,0.006472752450048415,False
4551,SIR,0.19850000739097595,20,0.6178850552431552,2.9935225029475987e-05,0.17844726013123358,False
536,SIR,0.027000000700354576,20,0.13806714901631117,3.061057213926688e-05,0.34743823979397426,False
341,SIR,0.004999999888241291,20,0.06743625596160359,1.5743856920380495e-06,0.006014292893229967,False
1931,SIR,0.23999999463558197,20,0.3391108223112487,4.071437433594838e-05,0.26799240214028275,False
7988,SIS,0.7470703125,20,0.14898443082116142,0.000258101150393486,0.8586937403944199,False
3564,SIR,0.7358257174491882,20,0.907784909136983,7.232079224195331e-05,0.6729173137206007,False
849,SIR,0.8240000009536743,20,0.9387877438725784,0.0001926234399434179,0.8018764721642765,False
7941,SIS,0.68359375,20,0.08566748655384147,0.0001731816300889477,0.7544330779604306,False
9428,SIS,0.0024999999441206455,20,0.0024999999441206455,8.31980742077576e-06,0.01401184132507973,False
2523,SIR,0.0068359375,20,0.10534236743444132,1.6669346223352477e-06,0.005457947554101986,False
3241,SIR,0.002228274242952466,20,0.03346143470123833,2.104717395923217e-06,0.00026797981398178665,False
5478,SIS,0.004999999888241291,20,0.004999999888241291,7.772894605295733e-06,0.010799681304090883,False
6490,SIS,0.004999999888241291,20,0.004999999888241291,1.7938665450856206e-06,0.005174143306872469,False
6551,SIS,0.004999999888241291,20,0.004999999888241291,1.9101416910416447e-06,0.005471840366704661,False
5178,SIS,0.004999999888241291,20,0.004999999888241291,1.630074393688119e-06,0.0049172526364750085,False
3578,SIR,0.7536519169807434,20,0.9383527102237715,7.636520604137331e-05,0.8250285773555874,False
875,SIR,0.8870000243186951,20,0.947377981009734,0.00016974384197965264,0.8058296658025004,False
9329,SIS,0.03799999877810478,20,0.04554606833391646,0.0001379150344291702,0.4430014137975028,False
7853,SIS,0.544921875,20,0.9125773009681174,0.00018100134911946952,0.6377824994536101,False
8010,SIS,0.001237930147908628,20,0.001237930147908628,7.643577191629447e-06,0.011442167694469636,False
7476,SIS,0.0048828125,20,0.0048828125,7.551962880825158e-06,0.005174143306872469,False
6212,SIS,0.004999999888241291,20,0.004999999888241291,2.0306531496316893e-06,0.0049172526364750085,False
1838,SIR,0.07199999690055847,20,0.30626456428294446,5.110220081405714e-05,0.2002254997994896,False
6292,SIS,0.006000000052154064,20,0.004999999888241291,1.269484891963657e-05,0.017495963668405647,False
4602,SIR,0.1875,20,0.5380472021966445,3.1035458960104734e-05,0.16600348483868665,False
4526,SIR,0.16850000619888306,20,0.5741605022845405,1.4146880857879296e-05,0.23861840053045213,False
7314,SIS,0.0048828125,20,0.0048828125,1.8469290807843208e-06,0.0052149496963072,False
5616,SIS,0.012000000104308128,20,0.07938687569647579,0.00015879087732173502,0.4345062807424248,False
3104,SIR,0.002971032401546836,20,0.032146488025818994,2.4691116777830757e-06,0.007359020472068277,False
6351,SIS,0.004999999888241291,20,0.004999999888241291,1.6875766277735238e-06,0.004745136424290151,False
9457,SIS,0.0024999999441206455,20,0.0024999999441206455,2.191734438383719e-06,0.005174143306872469,False
8256,SIS,0.2186184674501419,20,0.147942978690278,0.0001837908785091713,0.40806877477480785,False
3569,SIR,0.7387967109680176,20,0.9240826542567363,7.228142203530297e-05,0.678297882190054,False
4784,SIR,0.6915000081062317,20,0.9665381185768444,9.661550575401634e-05,0.8341446807113296,False
1275,SIR,0.004999999888241291,20,0.03376791504528864,1.5629548215656541e-06,0.0044882457538926905,False
4521,SIR,0.14550000429153442,20,0.5289509885078397,5.767128459410742e-05,0.12706532398736495,False
6296,SIS,0.006000000052154064,20,0.004999999888241291,6.9836423790548e-06,0.00982257558860604,False
3650,SIR,0.8727408051490784,20,0.9808213394866934,5.789450369775295e-05,0.8633443607491212,False
7014,SIS,0.0048828125,20,0.0048828125,1.8710609310801374e-06,0.0052149496963072,False
5264,SIS,0.004999999888241291,20,0.004999999888241291,2.661453436303418e-06,0.0059819168173312984,False
5840,SIS,0.6290000081062317,20,0.5125891375092286,0.0002569321950431913,0.7922648910022634,False
4985,SIR,0.843999981880188,20,0.9999388697262119,5.897238224861212e-05,0.7989100594669161,False
8878,SIS,0.8308987617492676,20,0.7190890342369418,0.0018563007470220327,0.8275823564341527,False
6873,SIS,0.6539999842643738,20,0.9131859471384067,0.00017777208995539695,0.8336405956876847,False
1386,SIR,0.006000000052154064,20,0.06743625596160359,1.5743856920380495e-06,0.006014292893229967,False
5469,SIS,0.00800000037997961,20,0.004999999888241291,7.889796506788116e-06,0.005174143306872469,False
7828,SIS,0.3759765625,20,0.07573510342121688,0.0001101375455618836,0.12002954906967866,False
4300,SIR,0.0024999999441206455,20,0.033497230603247795,1.950712203324656e-06,0.00348329621777399,False
7966,SIS,0.7412109375,20,0.16571898808509922,0.00020035015768371522,0.8571612811176396,False
4191,SIR,0.0024999999441206455,20,0.033497230603247795,1.950712203324656e-06,0.00348329621777399,False
9103,SIS,0.0024999999441206455,20,0.0024999999441206455,7.354236458922969e-06,0.008137603599165672,False
5953,SIS,0.8029999732971191,20,0.7722553217691998,0.0005834467010572553,0.8711253687276439,False
1908,SIR,0.1509999930858612,20,0.5527605941487573,4.187598460703157e-05,0.42249008451874753,False
9143,SIS,0.0024999999441206455,20,0.0024999999441206455,2.5336692033306463e-06,0.00825487595503705,False
7598,SIS,0.009765625,20,0.06047160969108376,4.237019311403856e-05,0.07950874768532691,False
4600,SIR,0.0024999999441206455,20,0.004380618866920136,1.8937394088425208e-06,0.0049172526364750085,False
5989,SIS,0.8029999732971191,20,0.7814714232382283,0.00045858125668019056,0.8665937136667995,False
9041,SIS,0.0024999999441206455,20,0.0024999999441206455,2.120976205333136e-06,0.004745136424290151,False
7443,SIS,0.0048828125,20,0.0048828125,1.7552337112647365e-06,0.0044882457538926905,False
2832,SIR,0.0224609375,20,0.2253339681535313,4.341049134382047e-06,0.0078028009075184835,False
5016,SIS,0.004999999888241291,20,0.004999999888241291,1.6635107158435858e-06,0.005964229596546206,False
6390,SIS,0.004999999888241291,20,0.004999999888241291,2.085468622681219e-06,0.005471840366704661,False
9418,SIS,0.1054999977350235,20,0.0024999999441206455,1.7238558939425275e-05,0.1950968003173773,False
4828,SIR,0.7149999737739563,20,0.9749890055796151,0.00011859443475259468,0.8110911881968661,False
4063,SIR,0.005499999970197678,20,0.08550416310962561,2.467602598699159e-06,0.005476078840579182,False
4132,SIR,0.0024999999441206455,20,0.028107819778008237,1.9243504993937677e-06,0.002678335288955178,False
827,SIR,0.8140000104904175,20,0.8841261594858706,0.00017893221229314804,0.7692223168921322,False
5339,SIS,0.006000000052154064,20,0.004999999888241291,8.433449693256989e-06,0.010605421691292145,False
696,SIR,0.05400000140070915,20,0.26120099275781167,4.545587216853164e-05,0.15666523356679096,False
1012,SIR,0.004999999888241291,20,0.06743625596160359,1.5743856920380495e-06,0.006014292893229967,False
9471,SIS,0.0024999999441206455,20,0.0024999999441206455,1.872139250735927e-06,0.0049172526364750085,False
1304,SIR,0.006000000052154064,20,0.07591410326205832,1.6450430848635733e-06,0.005457947554101986,False
9567,SIS,0.2280000001192093,20,0.13851667928629022,0.00033852181513793766,0.348810160617282,False
704,SIR,0.5180000066757202,20,0.27911207548287026,4.14813075622078e-05,0.3616222478663809,False
5272,SIS,0.004999999888241291,20,0.004999999888241291,7.881742021709215e-06,0.005471840366704661,False
5359,SIS,0.004999999888241291,20,0.004999999888241291,8.593994607508648e-06,0.005471840366704661,False
7361,SIS,0.0048828125,20,0.0048828125,1.8021675032287021e-06,0.005174143306872469,False
9005,SIS,0.0024999999441206455,20,0.0024999999441206455,2.026180709435721e-06,0.005174143306872469,False
1913,SIR,0.3970000147819519,20,0.4150040395307692,1.7342306819045916e-05,0.1406059142464613,False
2143,SIR,0.0048828125,20,0.006424527576446662,1.582823870194261e-06,0.006014292893229967,False
4547,SIR,0.22499999403953552,20,0.6910441383916521,2.060555198113434e-05,0.21532203524127774,False
7062,SIS,0.0048828125,20,0.0048828125,8.261047696578316e-06,0.005174143306872469,False
7035,SIS,0.0048828125,20,0.0048828125,7.367855687334668e-06,0.004785942813724882,False
9101,SIS,0.003000000026077032,20,0.0024999999441206455,2.7016305921279127e-06,0.007692293621231958,False
8560,SIS,0.6211933493614197,20,0.3259847180140661,0.00027024743030779064,0.6017361127988183,False
6370,SIS,0.004999999888241291,20,0.004999999888241291,1.805618353500904e-06,0.0049172526364750085,False
3805,SIR,0.8858628273010254,20,0.9950645785765778,7.92048595030792e-05,0.9171172322603275,False
2070,SIR,0.0048828125,20,0.06584973555696107,1.5902544419077458e-06,0.006014292893229967,False
9353,SIS,0.0024999999441206455,20,0.0024999999441206455,1.8611093537401757e-06,0.002678335288955178,False
2904,SIR,0.068359375,20,0.22145428429364897,8.305111259687692e-05,0.07187485515929583,False
1648,SIR,0.035999998450279236,20,0.21039401681442452,3.7851405068067834e-05,0.10936642124368387,False
5978,SIS,0.8009999990463257,20,0.7667447426465758,0.0006033041863702238,0.8636445438642544,False
6269,SIS,0.004999999888241291,20,0.004999999888241291,1.6927369870245457e-05,0.02594007559652606,False
3457,SIR,0.19311711192131042,20,0.5702551107434684,0.0001233863440575078,0.38434750750197877,False
723,SIR,0.5370000004768372,20,0.36543494393397136,9.938635776052251e-05,0.714925753846378,False
3420,SIR,0.5461748242378235,20,0.6324636097851158,0.00014497016672976315,0.46048191389887944,False
6041,SIS,0.004999999888241291,20,0.004999999888241291,1.8712180462898687e-06,0.005174143306872469,False
2455,SIR,0.0078125,20,0.13997025726322265,2.0085731193830725e-06,0.010605421691292145,False
3030,SIR,0.003466204507276416,20,0.061019701531822124,2.7491753371577943e-06,-0.008895442394647112,False
6352,SIS,0.004999999888241291,20,0.004999999888241291,1.280996912100818e-05,0.02470978199155924,False
4859,SIR,0.4620000123977661,20,0.9266125104865445,3.834840390481986e-05,0.47712273640159575,False
6564,SIS,0.004999999888241291,20,0.004999999888241291,8.68721599545097e-06,0.0061750553902162235,False
4249,SIR,0.0024999999441206455,20,0.003789322856406986,1.8846968714569812e-06,0.00348329621777399,False
1301,SIR,0.004999999888241291,20,0.03965480506462582,1.5915181847958593e-06,0.004785942813724882,False
8243,SIS,0.15746471285820007,20,0.02727441419208727,9.253030293621123e-05,0.2614866803689107,False
3125,SIR,0.001485516200773418,20,0.0020923497519820073,2.1323844521248247e-06,0.0034425823797791027,False
3962,SIR,0.9811834692955017,20,0.99999370488811,8.657258877065033e-05,0.9569958371820323,False
7256,SIS,0.0048828125,20,0.0048828125,7.146015377657022e-06,0.0052149496963072,False
1682,SIR,0.019999999552965164,20,0.1872277848178343,8.548660844098777e-06,0.0368463841330077,False
7929,SIS,0.6591796875,20,0.05628232289364573,0.0001755205012159422,0.8885498661388321,False
3645,SIR,0.8269373774528503,20,0.9606550799715959,9.298831719206646e-05,0.8029666817060493,False
4140,SIR,0.0024999999441206455,20,0.004380618866920136,1.8937394088425208e-06,0.0049172526364750085,False
388,SIR,0.008999999612569809,20,0.13246994653966204,2.0068325738975545e-06,0.01084841954908693,False
8199,SIS,0.005199306644499302,20,0.14694582914629978,6.330853648250923e-05,0.4157042259045164,False
1792,SIR,0.02500000037252903,20,0.2123877491840067,4.5691824198001996e-05,0.08685348698762041,False
1664,SIR,0.012000000104308128,20,0.13662017878633145,1.9276344573881943e-06,0.015369008590553025,False
8731,SIS,0.7524139881134033,20,0.6354732798629902,0.0006644374807365239,0.7479115478749309,False
2956,SIR,0.826171875,20,0.5265210459868751,0.0001345517230220139,0.6759588716780701,False
2371,SIR,0.005859375,20,0.0522479173812467,1.693157514637278e-06,0.0078049368071533435,False
38,SIR,0.004999999888241291,20,0.06743625596160359,1.5743856920380495e-06,0.006014292893229967,False
9250,SIS,0.0024999999441206455,20,0.0024999999441206455,1.8311410485694068e-06,0.002678335288955178,False
2852,SIR,0.087890625,20,0.3539521820663575,2.4483237211825326e-05,0.11598402519752946,False
4096,SIR,0.003000000026077032,20,0.03579044087847475,1.948640829141368e-06,0.0049172526364750085,False
4704,SIR,0.22750000655651093,20,0.6793515693852932,7.11744578438811e-05,0.2958282841411267,False
3056,SIR,0.002723446348682046,20,0.04369139117505836,2.251709702250082e-06,0.0058049125817639415,False
3490,SIR,0.5835602879524231,20,0.8374574687160908,0.00012246992264408618,0.6138600379726263,False
2262,SIR,0.0048828125,20,0.06584973555696107,1.5902544419077458e-06,0.006014292893229967,False
1771,SIR,0.0729999989271164,20,0.42552960022639685,8.952314965426922e-05,0.524648045613783,False
7395,SIS,0.0048828125,20,0.0048828125,8.099743354250677e-06,0.008584384488860819,False
8964,SIS,0.8670462965965271,20,0.8095142873603239,0.00152026885189116,0.8826678322949431,False
1202,SIR,0.006000000052154064,20,0.08593908521139497,1.6741627177907503e-06,0.005457947554101986,False
3904,SIR,0.9603862166404724,20,0.9998872181605749,8.055945363594219e-05,0.962341493152019,False
7402,SIS,0.0048828125,20,0.0048828125,2.5915551304933615e-06,0.0061750553902162235,False
6485,SIS,0.004999999888241291,20,0.004999999888241291,1.9046084389628959e-06,0.005714838224499447,False
1256,SIR,0.007000000216066837,20,0.12893371052900038,1.7115155515057268e-06,0.005097098591853177,False
9489,SIS,0.0024999999441206455,20,0.0024999999441206455,1.92989705283253e-06,0.0049172526364750085,False
1781,SIR,0.15800000727176666,20,0.34770924816443777,5.6484084780095145e-05,0.18955358706515482,False
7206,SIS,0.0048828125,20,0.0048828125,1.856158860391588e-06,0.006271183563627427,False
5390,SIS,0.004999999888241291,20,0.004999999888241291,2.133760426659137e-05,-0.002274573354793809,False
7028,SIS,0.0048828125,20,0.0048828125,1.651336788199842e-06,0.0049172526364750085,False
975,SIR,0.9670000076293945,20,0.9924845801343338,8.804487151792273e-05,0.9474032420299089,False
3284,SIR,0.008170339278876781,20,0.1435865686444694,0.00010221960110357031,0.5363740370696534,False
7355,SIS,0.0048828125,20,0.0048828125,1.8885992858486134e-06,0.00832749381846336,False
8406,SIS,0.43352314829826355,20,0.24902784977740006,0.00020291749387979507,0.5131263891122617,False
3020,SIR,0.002723446348682046,20,0.051826601664299386,2.4194525849452475e-06,0.02039397446008707,False
3069,SIR,0.04109928384423256,20,0.9853854900604663,0.0001295800320804119,0.2082853597335161,False
3160,SIR,0.1594454050064087,20,0.291442324045574,9.75801085587591e-05,0.21268988769887595,False
7810,SIS,0.341796875,20,0.027428965670708697,6.623986701015383e-05,0.26540084184853546,False
499,SIR,0.008999999612569809,20,0.07678575369328029,1.8091001265929663e-06,0.005476078840579182,False
4441,SIR,0.0024999999441206455,20,0.028107819778008237,1.9243504993937677e-06,0.002678335288955178,False
3677,SIR,0.879673182964325,20,0.98969578533616,0.00019497629546094686,0.9083832467965824,False
9501,SIS,0.0024999999441206455,20,0.0024999999441206455,6.84277028994984e-06,0.008892501231300726,False
6641,SIS,0.006000000052154064,20,0.004999999888241291,2.597828142825165e-06,0.03000073429450579,False
193,SIR,0.004999999888241291,20,0.06743625596160359,1.5743856920380495e-06,0.006014292893229967,False
4938,SIR,0.8420000076293945,20,0.9997286100978323,6.705706618959084e-05,0.848157111278063,False
6987,SIS,0.7670000195503235,20,0.1566465783942169,0.00020824751118198037,0.820401607219685,False
1223,SIR,0.004999999888241291,20,0.06743625596160359,1.5743856920380495e-06,0.006014292893229967,False
5089,SIS,0.004999999888241291,20,0.004999999888241291,1.2606152267835569e-05,0.009267272268001373,False
1639,SIR,0.014000000432133675,20,0.12812466279069648,1.993105797737371e-06,0.017911246325212772,False
4486,SIR,0.004999999888241291,20,0.10753399453913218,2.5081640160351526e-06,0.005253841041020962,False
1243,SIR,0.006000000052154064,20,0.09069445126206614,1.6256158232863527e-06,0.005964229596546206,False
1715,SIR,0.012000000104308128,20,0.10044126023330043,1.6953711110545555e-06,0.0062560221860770366,False
699,SIR,0.00800000037997961,20,0.0711850789803528,1.620847797312308e-06,0.007025948257009005,False
3546,SIR,0.6754146814346313,20,0.8297173250277369,4.571422323351726e-05,0.5034762069526869,False
160,SIR,0.004999999888241291,20,0.05048692401966441,1.55245948008087e-06,0.0049172526364750085,False
3067,SIR,0.050259966403245926,20,0.2406829014362809,8.500958210788667e-05,0.237377248537586,False
6938,SIS,0.7289999723434448,20,0.17977220288033485,0.0001896588219096884,0.8167008496332099,False
5224,SIS,0.004999999888241291,20,0.004999999888241291,2.103204678860493e-06,0.007954771615642854,False
8339,SIS,0.2815053164958954,20,0.08433751426686178,0.00011805049871327356,0.3570372586234666,False
8829,SIS,0.808120846748352,20,0.7718119773288431,0.0008721560006961226,0.8561461118415437,False
4508,SIR,0.0035000001080334187,20,0.05223938602206041,2.119991222571116e-06,0.0057601699644719605,False
7357,SIS,0.0048828125,20,0.0048828125,1.687612098066893e-06,0.0044882457538926905,False
5981,SIS,0.800000011920929,20,0.7738147190968442,0.0005199809675104916,0.873333181894067,False
9673,SIS,0.3264999985694885,20,0.2518297825631765,0.0005186047055758536,0.3658223655931675,False
5691,SIS,0.25200000405311584,20,0.07480048613661704,5.772388249170035e-05,0.1610757129130755,False
774,SIR,0.6940000057220459,20,0.7055578548491984,0.00019304928719066083,0.8842218992950631,False
6811,SIS,0.4790000021457672,20,0.8433055340961315,0.00011317792086629197,0.7103471305259372,False
6755,SIS,0.008999999612569809,20,0.004999999888241291,1.8997540109921829e-06,0.010077729766948944,False
3267,SIR,0.31393909454345703,20,0.47581714082948584,0.00011914168135263026,0.22194110166939005,False
7048,SIS,0.0048828125,20,0.0048828125,7.633917448401917e-06,0.004745136424290151,False
8432,SIS,0.4340183138847351,20,0.9585869338617622,0.0001911739382194355,0.502212650004583,False
6124,SIS,0.004999999888241291,20,0.004999999888241291,2.151811941075721e-06,0.005174143306872469,False
4971,SIR,0.9984999895095825,20,0.9999623720723724,7.960739458212629e-05,0.9165042310648888,False
7051,SIS,0.0048828125,20,0.0048828125,7.818430276529398e-06,0.004745136424290151,False
2041,SIR,0.0048828125,20,0.05552884451426028,1.5675794884373317e-06,0.0049172526364750085,False
8418,SIS,0.4387224614620209,20,0.1098301733658595,0.00011485011054901406,0.484994228445154,False
7056,SIS,0.0048828125,20,0.0048828125,1.6835577980600647e-06,0.005174143306872469,False
9252,SIS,0.0024999999441206455,20,0.0024999999441206455,2.0855400180153083e-06,0.005174143306872469,False
1824,SIR,0.06700000166893005,20,0.2743351386022244,0.00010310153447790071,0.1770940792112459,False
9010,SIS,0.0024999999441206455,20,0.0024999999441206455,1.9654157767945435e-06,0.005042833484122343,False
2511,SIR,0.005859375,20,0.08861578770796216,1.6438150396425044e-06,0.005964229596546206,False
9051,SIS,0.0024999999441206455,20,0.0024999999441206455,2.1032967651990475e-06,0.0049172526364750085,False
8673,SIS,0.7128002047538757,20,0.5886383986549941,0.0010233777575194836,0.7179542545203169,False
524,SIR,0.014000000432133675,20,0.10771924979578099,1.9594847344706068e-06,0.0062560221860770366,False
167,SIR,0.004999999888241291,20,0.06743625596160359,1.5743856920380495e-06,0.006014292893229967,False
8629,SIS,0.6764050722122192,20,0.4241481366577083,0.0009454847895540297,0.7052572117226006,False
2670,SIR,0.013671875,20,0.0054365873331056564,2.4578207558079157e-06,0.015099476194163432,False
3325,SIR,0.3911859393119812,20,0.5478731702958558,8.234436972998083e-05,0.449255137626389,False
901,SIR,0.9449999928474426,20,0.9711974767166952,0.00028771357028745115,0.8216979715607806,False
5506,SIS,0.004999999888241291,20,0.004999999888241291,2.335954377485905e-06,0.0061750553902162235,False
6311,SIS,0.004999999888241291,20,0.004999999888241291,8.465052815154195e-06,0.005042833484122343,False
934,SIR,0.9419999718666077,20,0.9794851829125573,0.00018445168097969145,0.9243439644353377,False
9042,SIS,0.0024999999441206455,20,0.0024999999441206455,8.113745025184471e-06,0.01371414426524754,False
5340,SIS,0.004999999888241291,20,0.004999999888241291,2.0764587134181056e-06,0.005174143306872469,False
3430,SIR,0.5184451341629028,20,0.7532402312303857,0.00010912300058407709,0.5440349047783186,False
7253,SIS,0.0048828125,20,0.0048828125,1.9594829154812032e-06,0.0052149496963072,False
1959,SIR,0.6639999747276306,20,0.7377876807921044,0.00010020819900091738,0.5396699138843694,False
3780,SIR,0.9398366212844849,20,0.9931178613249184,0.00019133149180561304,0.8706523369114845,False
6012,SIS,0.004999999888241291,20,0.004999999888241291,1.6282798469546833e-06,0.006014292893229967,False
1365,SIR,0.007000000216066837,20,0.09499217881597818,1.6146766483871033e-06,0.006014292893229967,False
8331,SIS,0.29091358184814453,20,0.0951677219568361,0.000183576499694027,0.3168385912739188,False
2332,SIR,0.005859375,20,0.09432285081735171,1.7037605175573844e-06,0.005174143306872469,False
6164,SIS,0.004999999888241291,20,0.004999999888241291,2.1643354557454586e-06,0.006472752450048415,False
9404,SIS,0.10450000315904617,20,0.9269794183490793,0.000170690385857597,0.3946909735162231,False
4517,SIR,0.11999999731779099,20,0.25659972713265594,5.8183082728646696e-05,0.23533600196039964,False
9813,SIS,0.5339999794960022,20,0.4243593711670425,0.0027048024348914623,0.6460564826642919,False
2362,SIR,0.0068359375,20,0.08080978798376028,1.8030476667263429e-06,0.0052149496963072,False
9266,SIS,0.0024999999441206455,20,0.0024999999441206455,2.280077978866757e-06,0.005174143306872469,False
8446,SIS,0.43228521943092346,20,0.19153241664958764,0.00017472851322963834,0.5622947507618377,False
7514,SIS,0.0048828125,20,0.0048828125,1.709961361484602e-05,0.1726123023029472,False
5950,SIS,0.8090000152587891,20,0.8632870825898649,0.0006094489945098758,0.857306375422936,False
9446,SIS,0.10899999737739563,20,0.06684432729470473,6.173073052195832e-05,0.04539170788990823,False
7220,SIS,0.0048828125,20,0.0048828125,1.954965910044848e-06,0.0049172526364750085,False
7639,SIS,0.0068359375,20,0.005872679079578686,1.563791010994464e-05,0.04323501129909975,False
3879,SIR,0.9378558993339539,20,0.9997455357592725,7.98832843429409e-05,0.9095100443058708,False
6859,SIS,0.6510000228881836,20,0.05885602519380648,8.152243390213698e-05,0.5241392710494271,False
8729,SIS,0.7506808638572693,20,0.6222244977327929,0.0012752915499731898,0.7707157635666501,False
2675,SIR,0.005859375,20,0.053210044074940614,1.5824631418581703e-06,0.0049172526364750085,False
4138,SIR,0.0024999999441206455,20,0.033497230603247795,1.950712203324656e-06,0.00348329621777399,False
9841,SIS,0.5145000219345093,20,0.4695324070324317,0.0009042900055646896,0.6885467559817363,False
3452,SIR,0.5261203050613403,20,0.659892363258553,0.0001642101997276768,0.4905081831154081,False
5657,SIS,0.24300000071525574,20,0.004999999888241291,2.3192742446553893e-05,0.06851403484352155,False
391,SIR,0.004999999888241291,20,0.06743625596160359,1.5743856920380495e-06,0.006014292893229967,False
2060,SIR,0.0048828125,20,0.049289337474232024,1.5649654869775986e-06,0.0049172526364750085,False
7261,SIS,0.0048828125,20,0.0048828125,1.2288958714634646e-05,0.01020440473450065,False
5729,SIS,0.414000004529953,20,0.841685275215429,0.00016388499352615327,0.5653286745810939,False
4527,SIR,0.37549999356269836,20,0.7012232979588897,0.0001207319219247438,0.372041235674103,False
5955,SIS,0.8040000200271606,20,0.7831326356429,0.00045682903146371245,0.8682798294662378,False
2711,SIR,0.013671875,20,0.0474335531080576,3.3987605547736166e-06,0.009455635493766835,False
147,SIR,0.004999999888241291,20,0.06269339450148977,1.5824738284209161e-06,0.0049172526364750085,False
8715,SIS,0.7571181058883667,20,0.64344460104194,0.0013532721204683185,0.808078463856856,False
7266,SIS,0.0048828125,20,0.0048828125,2.028812332355301e-06,0.005174143306872469,False
4400,SIR,0.0024999999441206455,20,0.033497230603247795,1.950712203324656e-06,0.00348329621777399,False
9578,SIS,0.2224999964237213,20,0.16298111235997978,0.00025372786330990493,0.24286595812594264,False
6827,SIS,0.4959999918937683,20,0.04214412811711686,0.00012392603093758225,0.6869761392109687,False
4085,SIR,0.0024999999441206455,20,0.033497230603247795,1.950712203324656e-06,0.00348329621777399,False
1828,SIR,0.04399999976158142,20,0.3013827871158456,3.4017517464235425e-05,0.09262871026834038,False
6032,SIS,0.004999999888241291,20,0.004999999888241291,2.5049680516531225e-06,0.007913965226208118,False
3205,SIR,0.001733102253638208,20,0.0026677134330315186,2.073466703222948e-06,0.0036994730501765643,False
2993,SIR,0.755859375,20,0.4169710758664924,0.00010785170888993889,0.48860456698628885,False
1901,SIR,0.2930000126361847,20,0.5106957064203053,9.582842903910205e-05,0.5846264388717665,False
4748,SIR,0.45100000500679016,20,0.9263156475506569,2.5110117348958738e-05,0.4514617872472021,False
6801,SIS,0.531000018119812,20,0.8771977963416077,0.00015378204989247024,0.6592069715744227,False
2050,SIR,0.0048828125,20,0.06584973555696107,1.5902544419077458e-06,0.006014292893229967,False
2762,SIR,0.017578125,20,0.13120511288650208,1.23601384984795e-05,2.5038173790952305e-05,False
3736,SIR,0.8861104249954224,20,0.9911240410223103,0.00016495042655151337,0.9047575243552741,False
675,SIR,0.009999999776482582,20,0.07969812560071197,1.8387532918495708e-06,0.005227579441499314,False
126,SIR,0.004999999888241291,20,0.06743625596160359,1.5743856920380495e-06,0.006014292893229967,False
9785,SIS,0.4555000066757202,20,0.37839671286902393,0.0017184860771521926,0.7819727840410655,False
474,SIR,0.007000000216066837,20,0.09517035713940958,1.749618263602315e-06,0.005178381780746991,False
4220,SIR,0.0024999999441206455,20,0.004380618866920136,1.8937394088425208e-06,0.0049172526364750085,False
2724,SIR,0.021484375,20,0.16824500574848564,1.838853677327279e-05,0.055812520104855934,False
7936,SIS,0.6591796875,20,0.03334848563985105,0.00011544126027729362,0.45102010387070063,False
5126,SIS,0.004999999888241291,20,0.004999999888241291,1.6027498759285663e-06,0.004785942813724882,False
1817,SIR,0.09200000017881393,20,0.4314238344699498,4.067013651365414e-05,0.24807505381022887,False
3385,SIR,0.4877444803714752,20,0.5034652138859991,8.917663217289373e-05,0.3611722691867365,False
5458,SIS,0.004999999888241291,20,0.004999999888241291,2.2572480702365283e-06,0.012379641088878846,False
1581,SIR,0.01899999938905239,20,0.20653096983820718,2.2957747205509804e-06,0.013746140049754742,False
2058,SIR,0.0048828125,20,0.06584973555696107,1.5902544419077458e-06,0.006014292893229967,False
1524,SIR,0.014000000432133675,20,0.14583918312202018,2.2175509002408944e-06,0.010852658022961452,False
7552,SIS,0.005859375,20,0.0048828125,8.65731908561429e-06,0.010307724631459951,False
1854,SIR,0.19699999690055847,20,0.38844846369599856,4.545054252957925e-05,0.2328277854879068,False
7799,SIS,0.0087890625,20,0.09638103205433378,6.491119711427018e-05,0.0722697059799886,False
2188,SIR,0.0048828125,20,0.049289337474232024,1.5649654869775986e-06,0.0049172526364750085,False
97,SIR,0.004999999888241291,20,0.044593063901457536,1.561211888656544e-06,0.006014292893229967,False
9957,SIS,0.6894999742507935,20,0.6434543848551332,0.0014177568955346942,0.6782570165736409,False
7068,SIS,0.0048828125,20,0.0048828125,1.701927089925448e-06,0.0049172526364750085,False
2108,SIR,0.0048828125,20,0.006424527576446662,1.582823870194261e-06,0.006014292893229967,False
6326,SIS,0.004999999888241291,20,0.004999999888241291,1.9286790120531805e-06,0.005174143306872469,False
2958,SIR,0.7724609375,20,0.3815093677279291,6.879822467453778e-05,0.23276137440161324,False
1016,SIR,0.004999999888241291,20,0.056885211300588864,1.5537466424575541e-06,0.0049172526364750085,False
6611,SIS,0.004999999888241291,20,0.004999999888241291,1.568336074342369e-06,0.0049172526364750085,False
9218,SIS,0.0024999999441206455,20,0.0024999999441206455,2.311134039700846e-06,0.002678335288955178,False
1312,SIR,0.004999999888241291,20,0.044593063901457536,1.561211888656544e-06,0.006014292893229967,False
9675,SIS,0.0024999999441206455,20,0.0024999999441206455,7.352111879299628e-06,0.0019229073405250604,False
9801,SIS,0.5099999904632568,20,0.4608434591446947,0.0018509712535887957,0.6141692088811899,False
2048,SIR,0.0048828125,20,0.04354854497398366,1.5730200857433374e-06,0.006014292893229967,False
4571,SIR,0.0024999999441206455,20,0.033497230603247795,1.950712203324656e-06,0.00348329621777399,False
795,SIR,0.7409999966621399,20,0.5031279816827389,0.00014652934623882174,0.7177020159072643,False
1341,SIR,0.006000000052154064,20,0.06531431941670625,1.676006263551244e-06,0.0049172526364750085,False
2923,SIR,0.33984375,20,0.9480976620099512,0.00022499891929328442,0.22584114912784006,False
2885,SIR,0.103515625,20,0.25294001583130404,8.28154370537959e-05,0.08155153104863189,False
7841,SIS,0.3291015625,20,0.8302465623121131,0.00020295658032409847,0.22277788182834232,False
6500,SIS,0.008999999612569809,20,0.004999999888241291,1.1401090887375176e-05,0.026403160577786796,False
6449,SIS,0.00800000037997961,20,0.004999999888241291,1.5269590221578255e-05,0.05433904892412303,False
249,SIR,0.006000000052154064,20,0.06531431941670625,1.676006263551244e-06,0.0049172526364750085,False
4081,SIR,0.0024999999441206455,20,0.033497230603247795,1.950712203324656e-06,0.00348329621777399,False
5397,SIS,0.004999999888241291,20,0.004999999888241291,1.6292008240270661e-06,0.005028940671519668,False
5894,SIS,0.7110000252723694,20,0.9104608366257146,0.00026476263883523643,0.7949880937588881,False
1529,SIR,0.007000000216066837,20,0.028494156403811942,1.7073876961148926e-06,0.0052149496963072,False
8140,SIS,0.001237930147908628,20,0.001237930147908628,2.388127086305758e-06,0.0036994730501765643,False
769,SIR,0.023000000044703484,20,0.21680284369767,2.2186952719494e-06,0.013862772424637883,False
5847,SIS,0.6380000114440918,20,0.3802151452582538,0.00023759949544910342,0.7980535771821246,False
6073,SIS,0.004999999888241291,20,0.004999999888241291,8.219570190703962e-06,0.004794334085042475,False
3590,SIR,0.7932656407356262,20,0.9048776406447625,0.00010470160486875102,0.7197809923517945,False
1203,SIR,0.006000000052154064,20,0.044593063901457536,1.561211888656544e-06,0.006014292893229967,False
3818,SIR,0.9267145395278931,20,0.9995002813238539,8.317387255374342e-05,0.9241206061324747,False
1570,SIR,0.006000000052154064,20,0.12337552633743107,1.7154912939076894e-06,0.00982257558860604,False
6773,SIS,0.38100001215934753,20,0.8556763138513332,0.00016479431360494345,0.5018672801852561,False
6119,SIS,0.004999999888241291,20,0.004999999888241291,1.1910190551134292e-05,0.014737580122411957,False
169,SIR,0.004999999888241291,20,0.05048692401966441,1.55245948008087e-06,0.0049172526364750085,False
1573,SIR,0.007000000216066837,20,0.10363933183759214,1.6318319921992952e-06,0.0049172526364750085,False
793,SIR,0.6890000104904175,20,0.8956106570805445,0.00022947257093619555,0.9143866051460964,False
1984,SIR,0.5370000004768372,20,0.5702729321884699,0.00011656601418508217,0.669122667241051,False
980,SIR,0.953000009059906,20,0.9900141806792856,0.00010248586477246135,0.929094462813744,False
8733,SIS,0.7558801770210266,20,0.5843808090292484,0.0011532607022672892,0.6889317768463858,False
603,SIR,0.008999999612569809,20,0.09135077541119446,1.54069402924506e-06,0.005471840366704661,False
9529,SIS,0.17599999904632568,20,0.94234443352853,0.00019979123317170888,0.6166782244982267,False
1466,SIR,0.009999999776482582,20,0.08599971867752094,1.729910991343786e-06,0.005476078840579182,False
6635,SIS,0.004999999888241291,20,0.004999999888241291,1.5707878446846735e-06,0.0049172526364750085,False
5807,SIS,0.6330000162124634,20,0.4086674537755575,0.0002076720993500203,0.8365209788973967,False
8692,SIS,0.7207229733467102,20,0.5785291358104744,0.0007688176701776683,0.7676068081416186,False
7537,SIS,0.0048828125,20,0.0048828125,1.8555003862275044e-06,0.009523987637120153,False
2485,SIR,0.0078125,20,0.14019880131069526,1.8957705378852552e-06,0.008087904226488678,False
1625,SIR,0.014000000432133675,20,0.105036385033507,2.8670440315181622e-06,0.015142419977516634,False
9003,SIS,0.0024999999441206455,20,0.0024999999441206455,8.934020115702879e-06,0.02326330029908854,False
8590,SIS,0.6197078227996826,20,0.4817318314279753,0.0004033806035295129,0.7110819987674288,False
5844,SIS,0.6340000033378601,20,0.4118036096733398,0.0002396781783318147,0.9298935996656364,False
7900,SIS,0.68359375,20,0.10706704311692826,0.0001883871154859662,0.8117239746986163,False
1998,SIR,0.6389999985694885,20,0.6697955129339181,7.409941463265568e-05,0.5574063704652061,False
1816,SIR,0.09300000220537186,20,0.33625024291983613,3.028276660188567e-05,0.12973859730667017,False
1996,SIR,0.5680000185966492,20,0.7047866768702723,4.614442150341347e-05,0.4448366632763099,False
4276,SIR,0.008999999612569809,20,0.1708439108039283,2.7343130568624474e-06,0.006361729072462446,False
431,SIR,0.008999999612569809,20,0.07423212410546141,1.6800164530650363e-06,0.005174143306872469,False
5843,SIS,0.6299999952316284,20,0.6378485678078725,0.00021216250024735928,0.7698463738390408,False
8098,SIS,0.001237930147908628,20,0.001237930147908628,2.324001798115205e-06,0.009019123045860966,False
7353,SIS,0.0048828125,20,0.0048828125,1.7916865999723086e-06,0.005174143306872469,False
1865,SIR,0.32600000500679016,20,0.5303163644329235,0.00012167512613814324,0.5623415873784827,False
9136,SIS,0.0024999999441206455,20,0.0024999999441206455,2.1200278297328623e-06,0.0029352259593526386,False
1369,SIR,0.006000000052154064,20,0.09688003658181561,1.6489021845700336e-06,0.005174143306872469,False
971,SIR,0.953000009059906,20,0.9901159527546392,9.618034528102726e-05,0.9367392468190261,False
9050,SIS,0.0024999999441206455,20,0.0024999999441206455,1.7960594504984329e-06,0.002678335288955178,False
9232,SIS,0.0024999999441206455,20,0.0024999999441206455,1.980056367756333e-06,0.005174143306872469,False
8814,SIS,0.8101015090942383,20,0.7026881187653706,0.0011798216728493571,0.8226230991316226,False
8096,SIS,0.001485516200773418,20,0.001237930147908628,8.758574040257372e-06,0.012438518046556291,False
2286,SIR,0.0048828125,20,0.049289337474232024,1.5649654869775986e-06,0.0049172526364750085,False
3124,SIR,0.002723446348682046,20,0.0376416899541226,2.1794558051624335e-06,0.007359020472068277,False
3090,SIR,0.001485516200773418,20,0.002828038571424484,2.117513986377162e-06,0.004197480011914156,False
8212,SIS,0.15647438168525696,20,0.001237930147908628,1.4806492799834814e-05,0.12623009917003103,False
6907,SIS,0.7039999961853027,20,0.1143941816681583,0.00022430984245147556,0.8543235792190396,False
3023,SIR,0.001485516200773418,20,0.02522373228389912,2.311478056071792e-06,0.002941679502178884,False
3863,SIR,0.9485021233558655,20,0.9997738394431165,7.503016968257725e-05,0.9436853619747627,False
4728,SIR,0.40400001406669617,20,0.8687971712689981,3.9070917409844697e-05,0.4190093282446836,False
114,SIR,0.004999999888241291,20,0.05048692401966441,1.55245948008087e-06,0.0049172526364750085,False
966,SIR,0.9660000205039978,20,0.996216783586746,9.81184930424206e-05,0.9734249655821624,False
4655,SIR,0.34450000524520874,20,0.7804995934975968,6.125947402324528e-05,0.3627034273229961,False
232,SIR,0.004999999888241291,20,0.039689066669504426,1.5946525309118442e-06,0.0044882457538926905,False
4364,SIR,0.0024999999441206455,20,0.033497230603247795,1.950712203324656e-06,0.00348329621777399,False
9247,SIS,0.0024999999441206455,20,0.0024999999441206455,2.3121790491131833e-06,0.005174143306872469,False
5600,SIS,0.06199999898672104,20,0.11702937760662857,0.00013934345042798668,0.7309675634223788,False
3186,SIR,0.14805644750595093,20,0.9883525210905043,9.381359268445522e-05,0.14538680858259245,False
8870,SIS,0.835107684135437,20,0.7787316363956133,0.0008115484961308539,0.857167933060077,False
6181,SIS,0.004999999888241291,20,0.004999999888241291,1.996189212150057e-06,0.0049172526364750085,False
959,SIR,0.9670000076293945,20,0.9951507954905796,9.142640919890255e-05,0.949166284440496,False
2806,SIR,0.1123046875,20,0.23411005543646907,2.8239192033652216e-05,0.05826028897464674,False
2868,SIR,0.134765625,20,0.5237316453943079,0.00015582196647301316,0.7441515511348545,False
5183,SIS,0.004999999888241291,20,0.004999999888241291,2.1967148313706275e-06,0.0061750553902162235,False
799,SIR,0.6890000104904175,20,0.49201579199312817,0.00012129944661865011,0.6274034046258397,False
563,SIR,0.023000000044703484,20,0.18245066063312804,1.2879423593403772e-05,0.061829362310827016,False
3476,SIR,0.5397375822067261,20,0.6902122552058679,0.00010623226262396201,0.49970162743739044,False
2205,SIR,0.0048828125,20,0.06584973555696107,1.5902544419077458e-06,0.006014292893229967,False
2089,SIR,0.0048828125,20,0.04354854497398366,1.5730200857433374e-06,0.006014292893229967,False
1555,SIR,0.01600000075995922,20,0.14729243180956642,2.071926701319171e-06,0.013136610045495725,False
5976,SIS,0.796999990940094,20,0.7553146375288735,0.0007259781705215573,0.8773490827385089,False
4186,SIR,0.0024999999441206455,20,0.0033906457141751945,1.8611093537401757e-06,0.002678335288955178,False
7173,SIS,0.0048828125,20,0.0048828125,1.2394109035085421e-05,0.01416432099517289,False
3726,SIR,0.8982421159744263,20,0.9886286628817246,0.0001128850708482787,0.8971780984238947,False
7899,SIS,0.5712890625,20,0.04051607592525478,0.00010328376811230555,0.438129338574744,False
8681,SIS,0.7194850444793701,20,0.5842218215348327,0.0007014002767391503,0.7853230393844877,False
477,SIR,0.00800000037997961,20,0.08342320650091166,1.6781590375103406e-06,0.01000863560601373,False
2849,SIR,0.021484375,20,0.17121738812570853,2.649628868311993e-06,0.014569335081962216,False
4295,SIR,0.0024999999441206455,20,0.033497230603247795,1.950712203324656e-06,0.00348329621777399,False
1342,SIR,0.007000000216066837,20,0.10839892356733229,1.815451810216473e-06,0.005178381780746991,False
1734,SIR,0.01899999938905239,20,0.11698527216531315,1.702757435850799e-05,0.05572912885842048,False
8369,SIS,0.36741766333580017,20,0.9170588872362075,0.00014740941696800292,0.354879648780487,False
7091,SIS,0.0048828125,20,0.0048828125,1.822140234253311e-06,0.005174143306872469,False
9524,SIS,0.18150000274181366,20,0.1252682501269173,0.00011901723337359726,0.4960823913860372,False
5985,SIS,0.8100000023841858,20,0.751267707273469,0.0007557314238511026,0.8720292989543169,False
6319,SIS,0.004999999888241291,20,0.004999999888241291,2.0163229237368796e-06,0.005174143306872469,False
4175,SIR,0.0024999999441206455,20,0.003135371624040099,1.8482736550140544e-06,0.0036246192646307903,False
5535,SIS,0.004999999888241291,20,0.004999999888241291,7.183726665971335e-06,0.005174143306872469,False
3146,SIR,0.07056201994419098,20,0.11738994543759337,4.817637091036886e-05,0.09153936215345136,False
5115,SIS,0.004999999888241291,20,0.004999999888241291,2.0206946373946266e-06,0.0052149496963072,False
7333,SIS,0.0048828125,20,0.0048828125,2.229670144515694e-06,0.005471840366704661,False
2491,SIR,0.0048828125,20,0.049289337474232024,1.5649654869775986e-06,0.0049172526364750085,False
6881,SIS,0.6570000052452087,20,0.05315435063899839,0.00012820804840885103,0.7629699034981582,False
6601,SIS,0.01600000075995922,20,0.10181888313143286,0.00018646384705789387,0.29359593893769886,False
1311,SIR,0.004999999888241291,30,0.04458684849178268,0.07883928716182709,0.005392395335468887,False
4806,SIR,0.45100000500679016,30,0.9079734948520215,0.13809853792190552,0.4530311107310677,False
8735,SIS,0.7543946504592896,30,0.6624527457218342,0.9863749742507935,0.7593283445042615,False
7410,SIS,0.0048828125,30,0.0048828125,0.07515030354261398,0.007844120866574631,False
6340,SIS,0.004999999888241291,30,0.004999999888241291,0.08392585068941116,0.005318837649180867,False
5441,SIS,0.004999999888241291,30,0.004999999888241291,0.0680183619260788,0.01387044308972114,False
8980,SIS,0.8566476702690125,30,0.8266660321914339,0.7983500361442566,0.8596273116304581,False
1287,SIR,0.004999999888241291,30,0.06750449726952244,0.07992059737443924,0.0052039647967160605,False
9357,SIS,0.0024999999441206455,30,0.0024999999441206455,0.07570473849773407,0.004299794429861984,False
6567,SIS,0.006000000052154064,30,0.004999999888241291,0.07853484153747559,0.009794907239771835,False
3059,SIR,0.001237930147908628,30,0.0021989105154509468,0.07685249298810959,0.002628501956285931,False
4202,SIR,0.0024999999441206455,30,0.03355543667144357,0.07807495445013046,0.002386719562588495,False
8402,SIS,0.4364941716194153,30,0.2904551437766572,0.9459310173988342,0.4878054766927698,False
2190,SIR,0.0048828125,30,0.06591034374332257,0.07983209192752838,0.0052039647967160605,False
6869,SIS,0.6539999842643738,30,0.12066857164863554,0.8809522390365601,0.661451217032957,False
6475,SIS,0.004999999888241291,30,0.004999999888241291,0.0768166109919548,0.005496955959592676,False
4922,SIR,0.6575000286102295,30,0.9924784568463028,0.05575839430093765,0.6863660280063225,False
8514,SIS,0.5664768218994141,30,0.3916688698898634,0.95591801404953,0.5998878805427544,False
9954,SIS,0.6779999732971191,30,0.6287534162966134,0.988025963306427,0.7698755432871814,False
2424,SIR,0.005859375,30,0.07725013041376015,0.08057522773742676,0.005040371174642032,False
3890,SIR,0.9546917676925659,30,0.9997598824759483,0.2120140641927719,0.9661915273847717,False
4045,SIR,0.0024999999441206455,30,0.003753324604087857,0.07731125503778458,0.002575150101341322,False
7262,SIS,0.0048828125,30,0.0048828125,0.07504276186227798,0.005468939416156493,False
1372,SIR,0.007000000216066837,30,0.11079424076215821,0.08222556114196777,0.007874081197093945,False
9704,SIS,0.39100000262260437,30,0.3277749298274111,0.42302483320236206,0.36003051539236447,False
9760,SIS,0.4490000009536743,30,0.40047011146676637,0.32616251707077026,0.7634116381079193,False
4097,SIR,0.0024999999441206455,30,0.003753324604087857,0.07731125503778458,0.002575150101341322,False
1069,SIR,0.004999999888241291,30,0.04458684849178268,0.07883928716182709,0.005392395335468887,False
2657,SIR,0.01953125,30,0.18552567008848492,0.06990480422973633,0.022464472404106386,False
2156,SIR,0.0048828125,30,0.043535875448018575,0.07876835763454437,0.005392395335468887,False
2735,SIR,0.021484375,30,0.13281408484551185,0.06815848499536514,0.016762066695510024,False
4465,SIR,0.1185000017285347,30,0.4976739921545835,0.015611967071890831,0.13290821155183205,False
2106,SIR,0.0048828125,30,0.06591034374332257,0.07983209192752838,0.0052039647967160605,False
5492,SIS,0.00800000037997961,30,0.004999999888241291,0.08033398538827896,0.009474247077206475,False
3753,SIR,0.9160683155059814,30,0.993799696942,0.1949443221092224,0.89005978782364,False
2896,SIR,0.115234375,30,0.3429825981691997,0.056134603917598724,0.3217432219093467,False
5816,SIS,0.6179999709129333,30,0.62250261770769,0.964914858341217,0.6731947942953068,False
6554,SIS,0.014999999664723873,30,0.2637472305272616,0.04920616000890732,0.21435081479112417,False
1711,SIR,0.017000000923871994,30,0.05367701567915514,0.0789983794093132,0.011823964785431934,False
9743,SIS,0.3855000138282776,30,0.32233394468518733,0.9394070506095886,0.4170665374136789,False
3696,SIR,0.8110918402671814,30,0.9804956816737825,0.1562567502260208,0.8418130089387099,False
4964,SIR,0.625,30,0.9979656619972018,0.19942045211791992,0.6087798709129103,False
2214,SIR,0.0048828125,30,0.06591034374332257,0.07983209192752838,0.0052039647967160605,False
4178,SIR,0.0024999999441206455,30,0.03355543667144357,0.07807495445013046,0.002386719562588495,False
1990,SIR,0.2849999964237213,30,0.5583408716310816,0.06608056277036667,0.21994424237362104,False
9836,SIS,0.5015000104904175,30,0.4456993933315666,0.9666624665260315,0.6236198610808208,False
9322,SIS,0.0024999999441206455,30,0.0024999999441206455,0.07940779626369476,0.010775320354987121,False
9264,SIS,0.0024999999441206455,30,0.0024999999441206455,0.07587677240371704,0.0024520148725422747,False
6515,SIS,0.007000000216066837,30,0.004999999888241291,0.07500603049993515,0.008671516169518867,False
7295,SIS,0.0048828125,30,0.0048828125,0.07457421720027924,0.005318837649180867,False
3451,SIR,0.5845506191253662,30,0.8549737750506112,0.7918955087661743,0.7412183845823506,False
5949,SIS,0.7590000033378601,30,0.7187550094184464,0.9858567714691162,0.7841500096801836,False
4127,SIR,0.003000000026077032,30,0.004007476987993541,0.07910308241844177,0.0022231259405144687,False
9216,SIS,0.005499999970197678,30,0.0024999999441206455,0.09235578030347824,0.016399527004467243,False
951,SIR,0.9399999976158142,30,0.9863460158652909,0.93015456199646,0.9582683600580078,False
6231,SIS,0.004999999888241291,30,0.004999999888241291,0.08174201101064682,0.005318837649180867,False
4659,SIR,0.0024999999441206455,30,0.03355543667144357,0.07807495445013046,0.002386719562588495,False
8283,SIS,0.23025500774383545,30,0.09863553378195053,0.8442524671554565,0.31996708643596905,False
3037,SIR,0.001485516200773418,30,0.0021123208918429645,0.08268330991268158,0.002690782084167592,False
8170,SIS,0.10076751559972763,30,0.877982731997531,0.05146534740924835,0.20865044792675552,False
8280,SIS,0.224065363407135,30,0.8991096399466894,0.04795534908771515,0.28154350226759256,False
4389,SIR,0.0024999999441206455,30,0.03355543667144357,0.07807495445013046,0.002386719562588495,False
6380,SIS,0.004999999888241291,30,0.004999999888241291,0.08398657292127609,0.005318837649180867,False
4727,SIR,0.5419999957084656,30,0.9378338265610436,0.14987881481647491,0.49727042726053444,False
6191,SIS,0.004999999888241291,30,0.004999999888241291,0.07934470474720001,0.005547726581208673,False
6307,SIS,0.004999999888241291,30,0.004999999888241291,0.08022427558898926,0.006286234047741477,False
7959,SIS,0.7431640625,30,0.2375770811906002,0.5741634368896484,0.8319403557297385,False
928,SIR,0.9309999942779541,30,0.9731774897473093,0.07243490219116211,0.9232430815180127,False
7313,SIS,0.0048828125,30,0.0048828125,0.08316648751497269,0.005318837649180867,False
4911,SIR,0.8174999952316284,30,0.9981294387554259,0.1958833783864975,0.8273276894823609,False
4042,SIR,0.0024999999441206455,30,0.024903424664836925,0.07886817306280136,0.0022231259405144687,False
2674,SIR,0.009765625,30,0.06022503233684236,0.08895640075206757,0.004019200932059111,False
6008,SIS,0.004999999888241291,30,0.004999999888241291,0.0808430165052414,0.005040371174642032,False
8567,SIS,0.6169844269752502,30,0.5244755146825002,0.9722213745117188,0.6752395807122017,False
190,SIR,0.004999999888241291,30,0.06750449726952244,0.07992059737443924,0.0052039647967160605,False
8426,SIS,0.4342659115791321,30,0.030216684572870658,0.061721257865428925,0.11783369170949043,False
9290,SIS,0.0024999999441206455,30,0.0024999999441206455,0.08428480476140976,0.004299794429861984,False
1804,SIR,0.07500000298023224,30,0.3601903719722493,0.06409423053264618,0.09143929276336969,False
6092,SIS,0.004999999888241291,30,0.004999999888241291,0.07637089490890503,0.005697828348184299,False
8788,SIS,0.7828670740127563,30,0.7151193972870142,0.9860011339187622,0.8071825059199336,False
1252,SIR,0.004999999888241291,30,0.06750449726952244,0.07992059737443924,0.0052039647967160605,False
7952,SIS,0.75390625,30,0.2287115002574313,0.9286714196205139,0.8386065467757434,False
972,SIR,0.9649999737739563,30,0.9935910493849902,0.09276606142520905,0.9652243872598276,False
9994,SIS,0.6865000128746033,30,0.6410210014451944,0.9850202798843384,0.6688405718858889,False
3141,SIR,0.001733102253638208,30,0.03673950729383312,0.07896976172924042,0.0045609497579487245,False
8229,SIS,0.001733102253638208,30,0.001237930147908628,0.07024949789047241,0.025255024701842828,False
4837,SIR,0.0024999999441206455,30,0.03355543667144357,0.07807495445013046,0.002386719562588495,False
8907,SIS,0.8494676947593689,30,0.8095092172659455,0.9889985918998718,0.8511152664338876,False
1297,SIR,0.004999999888241291,30,0.04458684849178268,0.07883928716182709,0.005392395335468887,False
4160,SIR,0.0024999999441206455,30,0.003753324604087857,0.07731125503778458,0.002575150101341322,False
8169,SIS,0.1000247597694397,30,0.9079391927533681,0.06284831464290619,0.1903820111176362,False
3510,SIR,0.5739044547080994,30,0.8258585089055589,0.883402407169342,0.6506936857072279,False
7181,SIS,0.0048828125,30,0.0048828125,0.081062451004982,0.005547726581208673,False
2723,SIR,0.017578125,30,0.16922062271455388,0.07681333273649216,0.017661943021583533,False
7037,SIS,0.0048828125,30,0.0048828125,0.0790129080414772,0.006286234047741477,False
9456,SIS,0.004000000189989805,30,0.0024999999441206455,0.06993348151445389,0.05853695979142145,False
2449,SIR,0.0068359375,30,0.1276964877392372,0.08008608222007751,0.006286234047741477,False
9377,SIS,0.0024999999441206455,30,0.0024999999441206455,0.08538171648979187,0.004200815884214811,False
9981,SIS,0.6809999942779541,30,0.6419182110762969,0.9857894778251648,0.6706768817997201,False
5529,SIS,0.004999999888241291,30,0.004999999888241291,0.06601710617542267,-0.001859551540485672,False
5307,SIS,0.004999999888241291,30,0.004999999888241291,0.07435495406389236,0.012026461497077472,False
1112,SIR,0.004999999888241291,30,0.06750449726952244,0.07992059737443924,0.0052039647967160605,False
4807,SIR,0.0024999999441206455,30,0.004060801494857425,0.08168649673461914,0.004200815884214811,False
9097,SIS,0.0024999999441206455,30,0.0024999999441206455,0.07347609102725983,0.002403391648141763,False
9243,SIS,0.0024999999441206455,30,0.0024999999441206455,0.0817108079791069,0.0022231259405144687,False
9584,SIS,0.0024999999441206455,30,0.0024999999441206455,0.08132755756378174,0.004299794429861984,False
9056,SIS,0.0024999999441206455,30,0.0024999999441206455,0.07641810178756714,0.002401244250926276,False
1066,SIR,0.004999999888241291,30,0.050486796830713984,0.08057238161563873,0.005040371174642032,False
8213,SIS,0.1668729931116104,30,0.09622036782149729,0.5349830389022827,0.21390677608656658,False
3629,SIR,0.760831892490387,30,0.9780576325723608,0.17278029024600983,0.7603553358179429,False
1081,SIR,0.004999999888241291,30,0.03964760556405554,0.08308493345975876,0.004941392628994859,False
2546,SIR,0.0068359375,30,0.10791701355490209,0.08197938650846481,0.004941392628994859,False
6782,SIS,0.19900000095367432,30,0.8507410585605311,0.04515787214040756,0.733244192555953,False
5194,SIS,0.004999999888241291,30,0.004999999888241291,0.07729882746934891,0.011983607855832289,False
5231,SIS,0.004999999888241291,30,0.004999999888241291,0.08631081879138947,0.006286234047741477,False
2891,SIR,0.060546875,30,0.2628909799397342,0.06652015447616577,0.06048066920012103,False
6960,SIS,0.7670000195503235,30,0.23040397379503647,0.9330336451530457,0.8701295347410095,False
9936,SIS,0.6299999952316284,30,0.5690791333663745,0.9828152060508728,0.6984029995013671,False
8484,SIS,0.5033423900604248,30,0.3654660880244754,0.9502354264259338,0.4733103720540158,False
5507,SIS,0.009999999776482582,30,0.004999999888241291,0.06680972129106522,0.028453912612889154,False
9532,SIS,0.1835000067949295,30,0.12982478263686684,0.8878042101860046,0.49123580966143576,False
8895,SIS,0.8294132351875305,30,0.7770558762737231,0.9868245720863342,0.8346508923798691,False
3762,SIR,0.9445407390594482,30,0.9965282257853201,0.9159623980522156,0.9377789004177117,False
8277,SIS,0.22059915959835052,30,0.9301808304451817,0.6210348010063171,0.17209936496363246,False
513,SIR,0.013000000268220901,30,0.13748823220614992,0.08071448653936386,0.018424216020828436,False
991,SIR,0.9679999947547913,30,0.9896904003473053,0.09177447110414505,0.9554337791582146,False
1155,SIR,0.006000000052154064,30,0.05809616201230641,0.08575396239757538,0.004019200932059111,False
1085,SIR,0.006000000052154064,30,0.06986528997334518,0.08428935706615448,0.005384454281762208,False
250,SIR,0.004999999888241291,30,0.033758676820750365,0.07837033271789551,0.005040371174642032,False
3330,SIR,0.2703639566898346,30,0.5844805143956316,0.6071079969406128,0.34457546777779324,False
3389,SIR,0.32235702872276306,30,0.9839546512337214,0.04757579416036606,0.25983585066508946,False
1856,SIR,0.21199999749660492,30,0.5112356289211721,0.051447439938783646,0.21760555725589908,False
1262,SIR,0.006000000052154064,30,0.056875341519595314,0.07958503812551498,0.005040371174642032,False
3943,SIR,0.9772220849990845,30,0.9999738031384026,0.2546911835670471,0.9674360601443487,False
4499,SIR,0.0044999998062849045,30,0.04978413308900295,0.07762427628040314,0.00451068569167778,False
5170,SIS,0.004999999888241291,30,0.004999999888241291,0.07785381376743317,0.005318837649180867,False
5018,SIS,0.004999999888241291,30,0.004999999888241291,0.09420377761125565,0.00592626659364221,False
2693,SIR,0.005859375,30,0.07029995848905513,0.08174652606248856,0.006007767573202642,False
8479,SIS,0.5001237988471985,30,0.22553772082029247,0.9248960018157959,0.40683065801017265,False
2953,SIR,0.841796875,30,0.590599518225212,0.030050965026021004,0.4572992292059104,False
2026,SIR,0.005859375,30,0.07029995848905513,0.08174652606248856,0.006007767573202642,False
5571,SIS,0.009999999776482582,30,0.008700049087394033,0.05060067027807236,0.05070012304692022,False
404,SIR,0.007000000216066837,30,0.15577617355027684,0.08125481009483337,0.009119944070193389,False
1167,SIR,0.004999999888241291,30,0.04458684849178268,0.07883928716182709,0.005392395335468887,False
7123,SIS,0.0048828125,30,0.0048828125,0.08664063364267349,0.01013859383276632,False
6367,SIS,0.004999999888241291,30,0.004999999888241291,0.07883928716182709,0.005392395335468887,False
3763,SIR,0.9262193441390991,30,0.9994046830551712,0.18447503447532654,0.9315302797082092,False
3057,SIR,0.001733102253638208,30,0.03605173388288456,0.07695401459932327,0.003671729424509026,False
9371,SIS,0.005499999970197678,30,0.0048498029674829855,0.07747961580753326,0.11524843527999976,False
9635,SIS,0.27300000190734863,30,0.20839389385900003,0.9493025541305542,0.42691521181479575,False
5072,SIS,0.004999999888241291,30,0.004999999888241291,0.08179575204849243,0.005318837649180867,False
5687,SIS,0.2549999952316284,30,0.04945540818733142,0.6103525757789612,0.7452902814574015,False
2433,SIR,0.0048828125,30,0.05552443657228958,0.0795360803604126,0.005040371174642032,False
1895,SIR,0.14900000393390656,30,0.3650037550458446,0.058823224157094955,0.43817656613899925,False
7160,SIS,0.0048828125,30,0.0048828125,0.07144682854413986,0.005697828348184299,False
4366,SIR,0.0024999999441206455,30,0.003135167898931783,0.07793442159891129,0.0031020264106330912,False
983,SIR,0.9559999704360962,30,0.9942931756087261,0.09904783219099045,0.9918556885754177,False
9490,SIS,0.0024999999441206455,30,0.0024999999441206455,0.05372399464249611,0.04622801533799926,False
6371,SIS,0.004999999888241291,30,0.004999999888241291,0.08571570366621017,0.004941392628994859,False
1136,SIR,0.004999999888241291,30,0.050486796830713984,0.08057238161563873,0.005040371174642032,False
7208,SIS,0.0048828125,30,0.0048828125,0.08552481234073639,0.005219859103533694,False
5034,SIS,0.004999999888241291,30,0.004999999888241291,0.08334524184465408,0.004941392628994859,False
933,SIR,0.9390000104904175,30,0.9705646318816347,0.9016861319541931,0.9295254329921648,False
6466,SIS,0.008999999612569809,30,0.008196906737470352,0.05897967144846916,0.06590437402973376,False
3234,SIR,0.001980688190087676,30,0.0027018728561501626,0.0874941274523735,0.0125844266465734,False
4661,SIR,0.351500004529953,30,0.854242649742004,0.7412297129631042,0.4296525352746427,False
9388,SIS,0.08150000125169754,30,0.025418686263425277,0.04323423281311989,0.39345780403236946,False
5271,SIS,0.004999999888241291,30,0.004999999888241291,0.07785134762525558,0.005318837649180867,False
7774,SIS,0.0087890625,30,0.0048828125,0.07255521416664124,0.03568167307779241,False
1279,SIR,0.006000000052154064,30,0.007962466357560288,0.08782217651605606,0.004019200932059111,False
9331,SIS,0.0024999999441206455,30,0.0024999999441206455,0.07875951379537582,0.004299794429861984,False
242,SIR,0.006000000052154064,30,0.10469101874116651,0.0825246050953865,0.007874081197093945,False
4069,SIR,0.003000000026077032,30,0.03355543667144357,0.07807495445013046,0.002386719562588495,False
5988,SIS,0.796999990940094,30,0.7667285614132917,0.9878363013267517,0.8242909139438456,False
9725,SIS,0.38350000977516174,30,0.33140561077725966,0.3336319327354431,0.45440885689958777,False
5609,SIS,0.007000000216066837,30,0.004999999888241291,0.07922115921974182,0.0116847708240734,False
735,SIR,0.5519999861717224,30,0.9755101803219084,0.44372856616973877,0.6084859566556108,False
125,SIR,0.004999999888241291,30,0.06750449726952244,0.07992059737443924,0.0052039647967160605,False
1205,SIR,0.006000000052154064,30,0.09893623215005733,0.08292730897665024,0.00831714284986129,False
6808,SIS,0.5080000162124634,30,0.10059684758026459,0.8687134385108948,0.7473480336695231,False
7334,SIS,0.0048828125,30,0.0048828125,0.061296287924051285,0.0244105691251426,False
3584,SIR,0.6917554140090942,30,0.9583931889243417,0.8370904922485352,0.6950217378867121,False
8836,SIS,0.8162911534309387,30,0.7562689536194863,0.9853193759918213,0.8203007397571044,False
7182,SIS,0.0048828125,30,0.0048828125,0.09056279808282852,0.004941392628994859,False
9177,SIS,0.0024999999441206455,30,0.0024999999441206455,0.07652606815099716,0.0022231259405144687,False
4233,SIR,0.0024999999441206455,30,0.024903424664836925,0.07886817306280136,0.0022231259405144687,False
3744,SIR,0.8549146056175232,30,0.9871784796787862,0.17347630858421326,0.8252153882659373,False
8664,SIS,0.716018795967102,30,0.6242231498625315,0.9799748063087463,0.7670611166059326,False
129,SIR,0.004999999888241291,30,0.050486796830713984,0.08057238161563873,0.005040371174642032,False
3486,SIR,0.7036395072937012,30,0.8572546207893839,0.8295474648475647,0.5804449641797647,False
7949,SIS,0.65234375,30,0.09509260409274081,0.572404682636261,0.6556277432326995,False
7059,SIS,0.0048828125,30,0.0048828125,0.0866963267326355,0.005040371174642032,False
9722,SIS,0.38449999690055847,30,0.3263733065315429,0.36601778864860535,0.4168307662974264,False
5526,SIS,0.007000000216066837,30,0.004999999888241291,0.053820718079805374,0.050717705493987235,False
8049,SIS,0.001237930147908628,30,0.001237930147908628,0.07595494389533997,0.0022435100028866356,False
1597,SIR,0.017000000923871994,30,0.10095609493183477,0.08216461539268494,0.018726507519868974,False
9282,SIS,0.0024999999441206455,30,0.0024999999441206455,0.07845792174339294,0.0022231259405144687,False
236,SIR,0.004999999888241291,30,0.04458684849178268,0.07883928716182709,0.005392395335468887,False
7803,SIS,0.341796875,30,0.8402128336641553,0.04655715823173523,0.3980277008219135,False
7368,SIS,0.0048828125,30,0.0048828125,0.07486405968666077,0.005468939416156493,False
9338,SIS,0.0024999999441206455,30,0.0024999999441206455,0.08108042180538177,0.004299794429861984,False
481,SIR,0.009999999776482582,30,0.029921647082377004,0.08585496991872787,0.008828075097708851,False
9946,SIS,0.6274999976158142,30,0.5576857538264205,0.981713593006134,0.6676680890908193,False
5215,SIS,0.004999999888241291,30,0.004999999888241291,0.06594685465097427,0.005030447336477137,False
3723,SIR,0.89626145362854,30,0.9833162906764505,0.19358499348163605,0.9017197052413141,False
1521,SIR,0.012000000104308128,30,0.10766643077959846,0.08956420421600342,0.015423160942114395,False
5770,SIS,0.5450000166893005,30,0.3206949601867547,0.6721621155738831,0.9375033221142753,False
6487,SIS,0.006000000052154064,30,0.004999999888241291,0.08413340896368027,0.009120470727002946,False
2502,SIR,0.01171875,30,0.1278325528482527,0.07734347879886627,0.00921103285420268,False
2635,SIR,0.0068359375,30,0.06591540702941105,0.08876178413629532,0.004019200932059111,False
1520,SIR,0.00800000037997961,30,0.11343837989767852,0.08125398308038712,0.005761899301948216,False
5681,SIS,0.2409999966621399,30,0.11827185888701572,0.07166757434606552,0.5149942055576819,False
8866,SIS,0.8308987617492676,30,0.7816091909355081,0.9871095418930054,0.8341972647687481,False
7159,SIS,0.0048828125,30,0.0048828125,0.08204532414674759,0.005269260106669838,False
4609,SIR,0.0024999999441206455,30,0.03355543667144357,0.07807495445013046,0.002386719562588495,False
6985,SIS,0.7689999938011169,30,0.20354075110158595,0.9047966003417969,0.8039779676937262,False
7494,SIS,0.005859375,30,0.0048828125,0.06898485124111176,0.00838901876153185,False
623,SIR,0.04899999871850014,30,0.2567992066274772,0.07821376621723175,0.05718129247037094,False
3594,SIR,0.6464471220970154,30,0.8477917638332526,0.8878392577171326,0.646004260774438,False
8358,SIS,0.36766526103019714,30,0.10661485257408546,0.8756720423698425,0.4607034730319606,False
5479,SIS,0.004999999888241291,30,0.004999999888241291,0.07097198814153671,0.005030447336477137,False
7931,SIS,0.6728515625,30,0.4536398383272208,0.6579844355583191,0.8361131984943734,False
7352,SIS,0.0048828125,30,0.0048828125,0.08057226240634918,0.005040371174642032,False
9869,SIS,0.5755000114440918,30,0.5309516038507888,0.9803147315979004,0.592820236768775,False
7415,SIS,0.0048828125,30,0.0048828125,0.05829595401883125,0.009740336189586743,False
2544,SIR,0.005859375,30,0.0074435259919336865,0.08544772118330002,0.004941392628994859,False
5826,SIS,0.6240000128746033,30,0.5654253986084128,0.9697120189666748,0.6580909130038329,False
8970,SIS,0.8620945811271667,30,0.8227090401369341,0.9872021079063416,0.8603562160606496,False
9986,SIS,0.6779999732971191,30,0.6141955741877868,0.9881153106689453,0.6461744098353127,False
412,SIR,0.004999999888241291,30,0.050486796830713984,0.08057238161563873,0.005040371174642032,False
9128,SIS,0.003000000026077032,30,0.0024999999441206455,0.08326034247875214,0.00494154163156383,False
53,SIR,0.004999999888241291,30,0.06750449726952244,0.07992059737443924,0.0052039647967160605,False
5778,SIS,0.5609999895095825,30,0.932609258182232,0.739840567111969,0.9298969963957399,False
6764,SIS,0.3959999978542328,30,0.08813766548979651,0.673803985118866,0.675967003965432,False
2049,SIR,0.005859375,30,0.10680021316340221,0.07963739335536957,0.005040371174642032,False
1914,SIR,0.5139999985694885,30,0.6651153437652771,0.8559415340423584,0.6312284104877856,False
6447,SIS,0.007000000216066837,30,0.004999999888241291,0.08695723861455917,0.009119944070193389,False
8841,SIS,0.8093587756156921,30,0.7637859111561508,0.9881243109703064,0.8271678238279767,False
2209,SIR,0.0048828125,30,0.06591034374332257,0.07983209192752838,0.0052039647967160605,False
8774,SIS,0.7846001386642456,30,0.703538212472626,0.9848209023475647,0.822311496684726,False
4533,SIR,0.0035000001080334187,30,0.05342016977536081,0.07770729809999466,0.0022231259405144687,False
2504,SIR,0.009765625,30,0.13685442845221357,0.09135778248310089,0.008983155630884242,False
8977,SIS,0.866055965423584,30,0.8314277050657962,0.7680345773696899,0.8728157401845553,False
5145,SIS,0.004999999888241291,30,0.004999999888241291,0.06205059587955475,0.021263426388677866,False
5925,SIS,0.7630000114440918,30,0.7143244680589517,0.9850456118583679,0.7788229581405975,False
9062,SIS,0.0024999999441206455,30,0.0024999999441206455,0.08521013706922531,0.0022231259405144687,False
4448,SIR,0.0024999999441206455,30,0.003753324604087857,0.07731125503778458,0.002575150101341322,False
2760,SIR,0.0087890625,30,0.05077804745087634,0.08732166886329651,0.004986597330619722,False
327,SIR,0.00800000037997961,30,0.07019377094817963,0.08130467683076859,0.006286234047741477,False
1753,SIR,0.03799999877810478,30,0.2313890282793562,0.07551780343055725,0.030549607416279993,False
7577,SIS,0.005859375,30,0.0048828125,0.061267465353012085,0.013077063511633086,False
7418,SIS,0.0048828125,30,0.0048828125,0.08069492131471634,0.005547726581208673,False
2839,SIR,0.0751953125,30,0.2793248466018692,0.07338443398475647,0.1197995052320722,False
2192,SIR,0.0048828125,30,0.006262922639930248,0.07904106378555298,0.005218489485053841,False
7397,SIS,0.0048828125,30,0.0048828125,0.07904540002346039,0.005318837649180867,False
6591,SIS,0.009999999776482582,30,0.004999999888241291,0.07397985458374023,0.03132154384822711,False
3549,SIR,0.6947264075279236,30,0.8529686722772337,0.8876549005508423,0.6656870809871133,False
3261,SIR,0.13542956113815308,30,0.25016729987642705,0.036773983389139175,0.17074399989296582,False
3251,SIR,0.24362465739250183,30,0.5360967778343951,0.6250889897346497,0.2453576656233702,False
2055,SIR,0.0048828125,30,0.05552443657228958,0.0795360803604126,0.005040371174642032,False
2938,SIR,0.6396484375,30,0.5783123212707918,0.8285475373268127,0.5379741793311759,False
337,SIR,0.006000000052154064,30,0.09548432641833751,0.08139212429523468,0.006007767573202642,False
797,SIR,0.7369999885559082,30,0.8099032761668286,0.7192821502685547,0.8748337669292982,False
3746,SIR,0.9059172868728638,30,0.9846103740261513,0.18252752721309662,0.9068010263816689,False
904,SIR,0.9409999847412109,30,0.9664689208406625,0.9045488834381104,0.931672500306619,False
5813,SIS,0.6359999775886536,30,0.6398025656588976,0.9691290855407715,0.6613694737337262,False
832,SIR,0.8579999804496765,30,0.8846399289644248,0.510877788066864,0.6980086295216814,False
4115,SIR,0.0035000001080334187,30,0.06437723887719647,0.07994464039802551,0.007254023535458808,False
4417,SIR,0.0024999999441206455,30,0.024903424664836925,0.07886817306280136,0.0022231259405144687,False
16,SIR,0.004999999888241291,30,0.06750449726952244,0.07992059737443924,0.0052039647967160605,False
339,SIR,0.004999999888241291,30,0.006422428500279137,0.07907423377037048,0.005218489485053841,False
5277,SIS,0.004999999888241291,30,0.004999999888241291,0.08652795106172562,0.005040371174642032,False
6321,SIS,0.004999999888241291,30,0.004999999888241291,0.07541840523481369,0.011705141381293452,False
4556,SIR,0.0024999999441206455,30,0.026041258243360767,0.07793239504098892,0.0022231259405144687,False
6526,SIS,0.006000000052154064,30,0.004999999888241291,0.07910525053739548,0.008152547671632778,False
9240,SIS,0.0024999999441206455,30,0.0024999999441206455,0.07776905596256256,0.002401244250926276,False
1719,SIR,0.057999998331069946,30,0.1967364448089974,0.07533397525548935,0.0955895479294397,False
8364,SIS,0.3637038767337799,30,0.20353179400316807,0.9006478786468506,0.38337136797282234,False
3981,SIR,0.9725179672241211,30,0.9999657900942021,0.11628951132297516,0.9699367861696436,False
661,SIR,0.004999999888241291,30,0.006422428500279137,0.07907423377037048,0.005218489485053841,False
760,SIR,0.6899999976158142,30,0.7131513713111072,0.6968928575515747,0.8885911141040508,False
6514,SIS,0.006000000052154064,30,0.004999999888241291,0.0486779548227787,0.03060770442668078,False
666,SIR,0.29100000858306885,30,0.35191285217424745,0.07019387930631638,0.46831419937446606,False
6187,SIS,0.004999999888241291,30,0.004999999888241291,0.06268352270126343,0.007006092641021272,False
5192,SIS,0.004999999888241291,30,0.004999999888241291,0.08058012276887894,0.005318837649180867,False
4565,SIR,0.0024999999441206455,30,0.026041258243360767,0.07793239504098892,0.0022231259405144687,False
523,SIR,0.008999999612569809,30,0.13609001093060355,0.08151361346244812,0.009119944070193389,False
606,SIR,0.041999999433755875,30,0.19082356673046835,0.07268800586462021,0.1953809859283412,False
8914,SIS,0.852191150188446,30,0.8095902747551542,0.9889589548110962,0.8463139500005978,False
271,SIR,0.004999999888241291,30,0.06750449726952244,0.07992059737443924,0.0052039647967160605,False
3369,SIR,0.41619211435317993,30,0.7541914678252155,0.8985766172409058,0.5175785949738677,False
3579,SIR,0.7430056929588318,30,0.8818170148096104,0.8726030588150024,0.7487579702898437,False
957,SIR,0.9539999961853027,30,0.9886731904021043,0.0856563076376915,0.9133696822641597,False
1191,SIR,0.004999999888241291,30,0.056875341519595314,0.07958503812551498,0.005040371174642032,False
7940,SIS,0.662109375,30,0.15223797075154497,0.6461350321769714,0.6617612989736825,False
1890,SIR,0.32499998807907104,30,0.49937339440093226,0.05607183277606964,0.5241041218868385,False
8496,SIS,0.5040851831436157,30,0.23793885145176508,0.9268674254417419,0.4393219910786677,False
2931,SIR,0.2294921875,30,0.4823837668389544,0.03342470899224281,0.5444820998345883,False
5701,SIS,0.4180000126361847,30,0.08137051676330762,0.6204618811607361,0.6742936507905417,False
4184,SIR,0.0024999999441206455,30,0.03355543667144357,0.07807495445013046,0.002386719562588495,False
3170,SIR,0.002475860295817256,30,0.046732969966794394,0.07768495380878448,0.003671729424509026,False
9037,SIS,0.0024999999441206455,30,0.0024999999441206455,0.08222033083438873,0.004299794429861984,False
9308,SIS,0.04899999871850014,30,0.04923895226938059,0.5299960970878601,0.4307349321606397,False
4514,SIR,0.0024999999441206455,30,0.003753324604087857,0.07731125503778458,0.002575150101341322,False
7433,SIS,0.005859375,30,0.0048828125,0.06635797768831253,0.02080531759348601,False
2682,SIR,0.0078125,30,0.07055748857249315,0.08091811090707779,0.005219859103533694,False
1605,SIR,0.009999999776482582,30,0.14920999792624817,0.07778361439704895,0.009268251565307525,False
40,SIR,0.004999999888241291,30,0.04458684849178268,0.07883928716182709,0.005392395335468887,False
3709,SIR,0.852191150188446,30,0.9930935775939191,0.2041408121585846,0.8954640294495894,False
7031,SIS,0.0048828125,30,0.0048828125,0.08393404632806778,0.005547726581208673,False
5931,SIS,0.7670000195503235,30,0.7173730210231661,0.9865261912345886,0.767941008880128,False
419,SIR,0.010999999940395355,30,0.1892719435512299,0.08312933892011642,0.009142945186077498,False
7851,SIS,0.544921875,30,0.04300580648532428,0.035242389887571335,0.6893048195080422,False
3440,SIR,0.5578113198280334,30,0.6056447164146279,0.023798111826181412,0.27456137058223185,False
9888,SIS,0.0024999999441206455,30,0.0024999999441206455,0.08008811622858047,0.004200815884214811,False
7570,SIS,0.0048828125,30,0.0048828125,0.08171886205673218,0.006286234047741477,False
11,SIR,0.006000000052154064,30,0.056875341519595314,0.07958503812551498,0.005040371174642032,False
7364,SIS,0.0048828125,30,0.0048828125,0.07625830918550491,0.005318837649180867,False
2007,SIR,0.0048828125,30,0.06591034374332257,0.07983209192752838,0.0052039647967160605,False
8764,SIS,0.7853429317474365,30,0.7076581308801054,0.9849628210067749,0.7758453259544356,False
5371,SIS,0.004999999888241291,30,0.004999999888241291,0.08428077399730682,0.006286234047741477,False
3582,SIR,0.7883139252662659,30,0.9288804259586878,0.8552803993225098,0.7249579520112326,False
6462,SIS,0.004999999888241291,30,0.004999999888241291,0.07467693835496902,0.007367051261559013,False
3099,SIR,0.001733102253638208,30,0.003117157593299511,0.07851573824882507,0.004026869805595031,False
3883,SIR,0.9636048674583435,30,0.99986633733362,0.22397975623607635,0.9628824527476361,False
8793,SIS,0.7841050028800964,30,0.7121071232931031,0.9860320091247559,0.8146921207396953,False
1619,SIR,0.012000000104308128,30,0.18379000833844097,0.0811862051486969,0.01369048968180669,False
6736,SIS,0.0949999988079071,30,0.09166766996249437,0.04698063060641289,0.5062193655571375,False
3884,SIR,0.9782124161720276,30,0.9993879951538892,0.2504270076751709,0.9578366693552945,False
3391,SIR,0.4359990060329437,30,0.5213272265332227,0.5923703908920288,0.31726107706627593,False
5011,SIS,0.004999999888241291,30,0.004999999888241291,0.07530543208122253,0.005647057726568302,False
7812,SIS,0.2197265625,30,0.043904932067949994,0.07043517380952835,0.17964739231209717,False
2612,SIR,0.0048828125,30,0.043535875448018575,0.07876835763454437,0.005392395335468887,False
9019,SIS,0.0024999999441206455,30,0.0024999999441206455,0.08080675452947617,0.004299794429861984,False
1165,SIR,0.004999999888241291,30,0.06750449726952244,0.07992059737443924,0.0052039647967160605,False
7645,SIS,0.0078125,30,0.0048828125,0.06383515894412994,0.022262594006436855,False
6129,SIS,0.004999999888241291,30,0.004999999888241291,0.08430197834968567,0.005040371174642032,False
1645,SIR,0.020999999716877937,30,0.20918414089806614,0.09380058199167252,0.015800681751656297,False
1968,SIR,0.4309999942779541,30,0.5406542954933933,0.04649392142891884,0.31107752641714004,False
3314,SIR,0.27333498001098633,30,0.5214302602763035,0.6577125787734985,0.3221790909030626,False
4787,SIR,0.5945000052452087,30,0.9798512042973813,0.16607405245304108,0.5168749697140482,False
2814,SIR,0.0400390625,30,0.7241820005812813,0.05397651717066765,0.09774383660046382,False
5464,SIS,0.006000000052154064,30,0.004999999888241291,0.08033088594675064,0.01292271967044686,False
2959,SIR,0.478515625,30,0.306343556167934,0.060259491205215454,0.1745349336069459,False
1077,SIR,0.004999999888241291,30,0.06750449726952244,0.07992059737443924,0.0052039647967160605,False
8556,SIS,0.6169844269752502,30,0.5306411534468497,0.9724015593528748,0.6791572803657235,False
3777,SIR,0.8771973252296448,30,0.9984832570965475,0.9038574695587158,0.9165169840458927,False
9323,SIS,0.0024999999441206455,30,0.0024999999441206455,0.07657001912593842,0.0002472702924532558,False
710,SIR,0.4320000112056732,30,0.25849175580371836,0.058596786111593246,0.5160566848911136,False
9146,SIS,0.0024999999441206455,30,0.0024999999441206455,0.08004019409418106,0.0022231259405144687,False
8747,SIS,0.7558801770210266,30,0.6863196658841694,0.9846733808517456,0.808721481700116,False
745,SIR,0.5609999895095825,30,0.37599426878336584,0.05229427292943001,0.13046511318459064,False
9790,SIS,0.4544999897480011,30,0.3825514364415257,0.3520537316799164,0.963976155153933,False
6984,SIS,0.7639999985694885,30,0.3039455683946563,0.9379951357841492,0.8420451312568217,False
4102,SIR,0.007499999832361937,30,0.05712561409306527,0.07763730734586716,0.017851672563898406,False
4493,SIR,0.04050000011920929,30,0.28689178472996996,0.07605840265750885,0.0963622308930384,False
9964,SIS,0.6784999966621399,30,0.6292034100516003,0.9873502850532532,0.6266294560096787,False
7462,SIS,0.0048828125,30,0.0048828125,0.07118628174066544,0.006751679023825258,False
600,SIR,0.041999999433755875,30,0.2450851293271159,0.07664354890584946,0.061289030548700586,False
1858,SIR,0.164000004529953,30,0.44883720640684244,0.03357366845011711,0.7007209790819457,False
9382,SIS,0.0024999999441206455,30,0.0024999999441206455,0.08017633110284805,0.0024520148725422747,False
1355,SIR,0.007000000216066837,30,0.09907019224598952,0.08100242912769318,0.006286234047741477,False
9982,SIS,0.6819999814033508,30,0.6160590160122568,0.9843308329582214,0.6507426995039772,False
98,SIR,0.004999999888241291,30,0.050486796830713984,0.08057238161563873,0.005040371174642032,False
9361,SIS,0.0024999999441206455,30,0.0024999999441206455,0.07968227565288544,0.0022231259405144687,False
1571,SIR,0.013000000268220901,30,0.12776712814605184,0.08138737827539444,0.012081950485182848,False
9858,SIS,0.5745000243186951,30,0.5226841877645626,0.9772992730140686,0.5975278612340373,False
3538,SIR,0.6157464981079102,30,0.8958150737335844,0.1291879266500473,0.6846464612967996,False
2712,SIR,0.0107421875,30,0.1473527627331301,0.08594627678394318,0.01554672234129524,False
5430,SIS,0.006000000052154064,30,0.004999999888241291,0.07418922334909439,0.01067500820539163,False
6083,SIS,0.004999999888241291,30,0.004999999888241291,0.07884777337312698,0.0010363067730237783,False
1248,SIR,0.006000000052154064,30,0.07398466542415627,0.07918314635753632,0.005040371174642032,False
1540,SIR,0.007000000216066837,30,0.005470846217375657,0.08749517053365707,0.004019200932059111,False
5598,SIS,0.006000000052154064,30,0.004999999888241291,0.08392934501171112,0.009120470727002946,False
4218,SIR,0.003000000026077032,30,0.04215221984969185,0.07784444838762283,0.002401244250926276,False
9566,SIS,0.22750000655651093,30,0.31995350150233515,0.9247833490371704,0.49448783689488823,False
8395,SIS,0.35974252223968506,30,0.24970580243639012,0.9218835234642029,0.45246168576896495,False
5414,SIS,0.007000000216066837,30,0.004999999888241291,0.07344631105661392,0.05063431942984865,False
1631,SIR,0.010999999940395355,30,0.09753198947446579,0.08017079532146454,0.009713107489936368,False
8506,SIS,0.5682099461555481,30,0.9251392121815987,0.568199634552002,0.23521520618309527,False
2393,SIR,0.0048828125,30,0.043535875448018575,0.07876835763454437,0.005392395335468887,False
9527,SIS,0.17800000309944153,30,0.13301249858334824,0.8902388215065002,0.38501138774049537,False
4351,SIR,0.028999999165534973,30,0.29907584792209546,0.09855308383703232,0.018178745294158333,False
7994,SIS,0.7685546875,30,0.23025004315756137,0.6903531551361084,0.9333946165494458,False
2375,SIR,0.0048828125,30,0.043535875448018575,0.07876835763454437,0.005392395335468887,False
5903,SIS,0.7590000033378601,30,0.7328963059765552,0.9851437211036682,0.8082488156099772,False
2556,SIR,0.015625,30,0.20241797102246256,0.07747052609920502,0.01307831844953741,False
1139,SIR,0.004999999888241291,30,0.04458684849178268,0.07883928716182709,0.005392395335468887,False
7390,SIS,0.0048828125,30,0.0048828125,0.08710470795631409,0.004941392628994859,False
5626,SIS,0.006000000052154064,30,0.004999999888241291,0.07800529152154922,0.009758226288053132,False
36,SIR,0.006000000052154064,30,0.07730042571094002,0.08515844494104385,0.008218164304214117,False
4695,SIR,0.4555000066757202,30,0.9158915967051268,0.7550450563430786,0.444649913535865,False
1379,SIR,0.007000000216066837,30,0.09239639323479333,0.08277253806591034,0.005384454281762208,False
5071,SIS,0.004999999888241291,30,0.004999999888241291,0.08696848154067993,0.005040371174642032,False
7589,SIS,0.005859375,30,0.0048828125,0.08508039265871048,0.008677409074235597,False
6831,SIS,0.5659999847412109,30,0.03671243847557364,0.03162164241075516,0.5525347786681131,False
3118,SIR,0.10497648268938065,30,0.3304079762871343,0.04056720435619354,0.0926124867859277,False
2912,SIR,0.255859375,30,0.3791965137632443,0.06180960685014725,0.1502530631552963,False
4146,SIR,0.0024999999441206455,30,0.03355543667144357,0.07807495445013046,0.002386719562588495,False
1986,SIR,0.3070000112056732,30,0.5758006109263193,0.058806467801332474,0.5583807602505033,False
8461,SIS,0.5045803189277649,30,0.358226018324136,0.9484121799468994,0.5171278577374446,False
7962,SIS,0.7353515625,30,0.3358752453898598,0.7693494558334351,0.9684918795479803,False
3272,SIR,0.19163158535957336,30,0.4159680554397395,0.033071085810661316,0.15673517680071036,False
3293,SIR,0.11289922893047333,30,0.44232106232473206,0.05201580002903938,0.1855134025263672,False
7815,SIS,0.322265625,30,0.011340173064819868,0.059899475425481796,0.14007658196615114,False
4927,SIR,0.5475000143051147,30,0.9838424199973917,0.18792098760604858,0.5885667553416306,False
4717,SIR,0.429500013589859,30,0.8851708661674325,0.03162803128361702,0.4274399331695865,False
3507,SIR,0.6853181719779968,30,0.847342722950699,0.9277434349060059,0.5629903513182977,False
6140,SIS,0.004999999888241291,30,0.004999999888241291,0.07960007339715958,0.005547726581208673,False
7560,SIS,0.0048828125,30,0.0048828125,0.07548893988132477,0.0063373572690699305,False
3009,SIR,0.015597919933497906,30,0.00186474330515389,0.05451112985610962,0.20235586859714996,False
5865,SIS,0.7009999752044678,30,0.7155757056670016,0.9802835583686829,0.7809282281378259,False
4879,SIR,0.6129999756813049,30,0.9895621194522835,0.15541362762451172,0.6564264998925994,False
1823,SIR,0.11100000143051147,30,0.3230763288236051,0.07547243684530258,0.23584273935792488,False
3421,SIR,0.5038375854492188,30,0.510268371972987,0.049782369285821915,0.2527769607793153,False
5545,SIS,0.004999999888241291,30,0.004999999888241291,0.023606661707162857,0.08815682286025053,False
9808,SIS,0.503000020980835,30,0.4514602902484177,0.4274912476539612,0.6833569824394305,False
7672,SIS,0.0068359375,30,0.0048828125,0.07955247163772583,0.009217128343979072,False
7987,SIS,0.7490234375,30,0.22536822328933795,0.9109586477279663,0.8244720097366769,False
3156,SIR,0.001237930147908628,30,0.0015532584755394688,0.07699687033891678,0.0022435100028866356,False
6397,SIS,0.004999999888241291,30,0.004999999888241291,0.0811699628829956,0.005040371174642032,False
5553,SIS,0.004999999888241291,30,0.004999999888241291,0.08152177184820175,0.004941392628994859,False
9608,SIS,0.27149999141693115,30,0.21951167191565193,0.9194328188896179,0.4570496708203379,False
9917,SIS,0.6299999952316284,30,0.558929549439419,0.9832459688186646,0.7299298082928671,False
673,SIR,0.3869999945163727,30,0.5451118210036179,0.042263008654117584,0.4842539102763779,False
8289,SIS,0.001237930147908628,30,0.001237930147908628,0.07977455854415894,0.0027897606298147646,False
5386,SIS,0.004999999888241291,30,0.004999999888241291,0.08461496233940125,0.005040371174642032,False
5588,SIS,0.004999999888241291,30,0.004999999888241291,0.08663354068994522,0.005384454281762208,False
7881,SIS,0.5439453125,30,0.09533366518105987,0.6216119527816772,0.7391447878340787,False
2219,SIR,0.005859375,30,0.09431175512636787,0.08131701499223709,0.006007767573202642,False
854,SIR,0.9079999923706055,30,0.9563960734570237,0.8860861659049988,0.8996022648407352,False
1043,SIR,0.004999999888241291,30,0.06750449726952244,0.07992059737443924,0.0052039647967160605,False
4869,SIR,0.5979999899864197,30,0.979899152211819,0.04246319457888603,0.6722160970054687,False
8269,SIS,0.22332260012626648,30,0.058852863535471214,0.6103349924087524,0.3820286437066436,False
455,SIR,0.004999999888241291,30,0.056875341519595314,0.07958503812551498,0.005040371174642032,False
4646,SIR,0.0024999999441206455,30,0.03355543667144357,0.07807495445013046,0.002386719562588495,False
2490,SIR,0.0048828125,30,0.006262922639930248,0.07904106378555298,0.005218489485053841,False
813,SIR,0.8009999990463257,30,0.8580975292196796,0.9035815596580505,0.8000423423403266,False
2324,SIR,0.005859375,30,0.1142093586281592,0.0805877149105072,0.006286234047741477,False
4876,SIR,0.5325000286102295,30,0.963149012676974,0.1762201339006424,0.47961735245841247,False
3713,SIR,0.8289180397987366,30,0.9885111215327319,0.2168121486902237,0.8223150723920339,False
9296,SIS,0.0024999999441206455,30,0.0024999999441206455,0.07389914244413376,0.00738082360783293,False
5680,SIS,0.25099998712539673,30,0.8415384614434626,0.08484302461147308,0.7829877457850042,False
7741,SIS,0.0078125,30,0.0048828125,0.056557800620794296,0.041233520152916474,False
1848,SIR,0.14499999582767487,30,0.31681104112762626,0.05434953421354294,0.10818875379071675,False
24,SIR,0.004999999888241291,30,0.06750449726952244,0.07992059737443924,0.0052039647967160605,False
8371,SIS,0.3656845688819885,30,0.935749312121694,0.6041125059127808,0.36229889290976486,False
1733,SIR,0.032999999821186066,30,0.15496663113413905,0.06468842923641205,0.092334100076138,False
9231,SIS,0.0024999999441206455,30,0.0024999999441206455,0.07846016436815262,0.0024520148725422747,False
364,SIR,0.004999999888241291,30,0.06750449726952244,0.07992059737443924,0.0052039647967160605,False
7230,SIS,0.0048828125,30,0.0048828125,0.08232306689023972,0.005318837649180867,False
4934,SIR,0.9679999947547913,30,0.999605415954693,0.23827598989009857,0.9380096421394619,False
7472,SIS,0.0048828125,30,0.0048828125,0.08050822466611862,0.005040371174642032,False
66,SIR,0.004999999888241291,30,0.06750449726952244,0.07992059737443924,0.0052039647967160605,False
3016,SIR,0.009408269077539444,30,0.08161717415929046,0.05284648388624191,0.11816793689265902,False
2935,SIR,0.0419921875,30,0.26225256218370674,0.0909484475851059,0.029900464653923816,False
8086,SIS,0.001237930147908628,30,0.001237930147908628,0.07324451208114624,-0.00032384564528401216,False
6577,SIS,0.008999999612569809,30,0.004999999888241291,0.04799272119998932,0.09219142216144238,False
2790,SIR,0.013671875,30,0.14003009445488038,0.07736098766326904,0.010688377086423312,False
3356,SIR,0.34315425157546997,30,0.7240422539338219,0.0331340953707695,0.48925974296526453,False
1169,SIR,0.004999999888241291,30,0.06750449726952244,0.07992059737443924,0.0052039647967160605,False
8756,SIS,0.7858380675315857,30,0.7319980188206602,0.9869951605796814,0.8169397978868996,False
3054,SIR,0.001485516200773418,30,0.0027099174178765494,0.07761140912771225,0.0027897606298147646,False
9559,SIS,0.0024999999441206455,30,0.0024999999441206455,0.08503595739603043,0.0037238003334082444,False
7977,SIS,0.751953125,30,0.23675983472843723,0.7215766906738281,0.9505118615558409,False
9263,SIS,0.0024999999441206455,30,0.0024999999441206455,0.08592624962329865,0.00282492955457411,False
5452,SIS,0.006000000052154064,30,0.004999999888241291,0.05602150410413742,0.009148823554885986,False
5757,SIS,0.5400000214576721,30,0.9158210700844657,0.7075382471084595,0.9405039736010605,False
1544,SIR,0.00800000037997961,30,0.12046401421298567,0.07927832752466202,0.006286234047741477,False
3079,SIR,0.002475860295817256,30,0.0411333495010481,0.08088693767786026,0.004121320083800567,False
895,SIR,0.878000020980835,30,0.9116420098852682,0.8615914583206177,0.9627205271199485,False
7525,SIS,0.005859375,30,0.0048828125,0.06271113455295563,0.021835601347826826,False
8899,SIS,0.8328794240951538,30,0.7794578077757074,0.9861371517181396,0.8260474596887324,False
3700,SIR,0.8952711224555969,30,0.9895760535978472,0.20483841001987457,0.841359270636447,False
7733,SIS,0.0087890625,30,0.0048828125,0.06256067752838135,0.05723684486950662,False
7284,SIS,0.0048828125,30,0.0048828125,0.07369191944599152,0.013521359201197505,False
2616,SIR,0.015625,30,0.15253423052982465,0.08106032013893127,0.012953389557559042,False
9416,SIS,0.0024999999441206455,30,0.0024999999441206455,0.07596786320209503,0.002401244250926276,False
127,SIR,0.004999999888241291,30,0.04458684849178268,0.07883928716182709,0.005392395335468887,False
4960,SIR,0.7839999794960022,30,0.9999423565773355,0.24920715391635895,0.8359624287625115,False
8159,SIS,0.10398613661527634,30,0.10719017883049135,0.47271406650543213,0.293759141922255,False
6161,SIS,0.004999999888241291,30,0.004999999888241291,0.07776962220668793,0.005318837649180867,False
1523,SIR,0.014999999664723873,30,0.1652929452578583,0.07751151919364929,0.013174976066513536,False
1776,SIR,0.006000000052154064,30,0.0605254024985775,0.08162087202072144,0.005040371174642032,False
7657,SIS,0.0068359375,30,0.10462479592966155,0.05122460052371025,0.04570143042125246,False
4713,SIR,0.5379999876022339,30,0.9270268341188134,0.031389039009809494,0.5440130226605173,False
9659,SIS,0.3334999978542328,30,0.25488537364179586,0.9290298223495483,0.3480200132631788,False
7950,SIS,0.751953125,30,0.27632115453917244,0.9296301603317261,0.8461790518161082,False
8663,SIS,0.7145333290100098,30,0.6169302381405424,0.9788517951965332,0.706329304185049,False
8440,SIS,0.4362466037273407,30,0.27837277791200954,0.9267017245292664,0.4698485909871735,False
7547,SIS,0.0068359375,30,0.0048828125,0.06700581312179565,0.00838901876153185,False
5935,SIS,0.7580000162124634,30,0.7182883101610419,0.9854030609130859,0.7955606056786487,False
1574,SIR,0.009999999776482582,30,0.13710342881416968,0.0811513289809227,0.012532384452362504,False
6951,SIS,0.7739999890327454,30,0.2203791159756451,0.9134171009063721,0.8205621094075172,False
7764,SIS,0.0283203125,30,0.09748716787659929,0.045550428330898285,0.08144697304936159,False
6356,SIS,0.004999999888241291,30,0.004999999888241291,0.0850474014878273,0.005040371174642032,False
9155,SIS,0.0024999999441206455,30,0.0024999999441206455,0.078550785779953,0.0024520148725422747,False
3468,SIR,0.19163158535957336,30,0.527953581552416,0.04302041605114937,0.24277525304190162,False
6047,SIS,0.004999999888241291,30,0.004999999888241291,0.08448158204555511,0.005318837649180867,False
3359,SIR,0.27754393219947815,30,0.9871725609737638,0.47233498096466064,0.3735385980217684,False
5929,SIS,0.7699999809265137,30,0.727585154851448,0.9851952791213989,0.7849254657310235,False
5698,SIS,0.2529999911785126,30,0.04260663912899038,0.05163813382387161,0.14301262903664375,False
5819,SIS,0.6330000162124634,30,0.7630282930096423,0.6690220236778259,0.7103073039534356,False
4992,SIR,0.9045000076293945,30,0.9998771310504602,0.23304244875907898,0.9238096695210777,False
3632,SIR,0.7947511672973633,30,0.979027472414894,0.8582370281219482,0.8469721939091539,False
8609,SIS,0.6736816167831421,30,0.4908429319354524,0.9681832790374756,0.6642571106784168,False
5946,SIS,0.7739999890327454,30,0.7227769983535882,0.9860144853591919,0.8356280050498694,False
3598,SIR,0.7435008883476257,30,0.8898011688494754,0.8031925559043884,0.7707824197679407,False
5268,SIS,0.004999999888241291,30,0.004999999888241291,0.08176619559526443,0.005040371174642032,False
4061,SIR,0.0024999999441206455,30,0.03355543667144357,0.07807495445013046,0.002386719562588495,False
7640,SIS,0.0048828125,30,0.0048828125,0.07300909608602524,0.006436335814717103,False
6049,SIS,0.004999999888241291,30,0.004999999888241291,0.07967937737703323,0.005547726581208673,False
4919,SIR,0.7110000252723694,30,0.9990567876948053,0.20647355914115906,0.7003028290377631,False
7381,SIS,0.0048828125,30,0.0048828125,0.08341610431671143,0.005040371174642032,False
7580,SIS,0.0048828125,30,0.0048828125,0.08273389935493469,0.005318837649180867,False
1492,SIR,0.008999999612569809,30,0.1312632270618892,0.08164004981517792,0.008595609324400127,False
4531,SIR,0.0024999999441206455,30,0.0050081647261891234,0.07803340256214142,0.004299794429861984,False
8534,SIS,0.5597920417785645,30,0.3696795002981896,0.9515261650085449,0.585970399379972,False
7897,SIS,0.5498046875,30,0.07519284447594612,0.040509823709726334,0.5725773160926768,False
6751,SIS,0.38499999046325684,30,0.058960351713949734,0.6031583547592163,0.730078330982129,False
3401,SIR,0.3857390582561493,30,0.738609841510679,0.15878741443157196,0.46481278054843234,False
2116,SIR,0.0048828125,30,0.006262922639930248,0.07904106378555298,0.005218489485053841,False
4426,SIR,0.11299999803304672,30,0.4172846694217642,0.05038372799754143,0.2503275746052486,False
6357,SIS,0.004999999888241291,30,0.004999999888241291,0.07650904357433319,0.005496955959592676,False
4134,SIR,0.003000000026077032,30,0.046529619388523284,0.08003752678632736,0.0050405201772110025,False
9307,SIS,0.0024999999441206455,30,0.0024999999441206455,0.07894252985715866,0.0022231259405144687,False
8617,SIS,0.6751671433448792,30,0.5243058916570814,0.97416752576828,0.6529876650869115,False
6632,SIS,0.004999999888241291,30,0.004999999888241291,0.0700509324669838,0.006436335814717103,False
4706,SIR,0.4165000021457672,30,0.8992522933435023,0.028582923114299774,0.46231473032060205,False
9623,SIS,0.2759999930858612,30,0.2570327423343713,0.935217559337616,0.21951318974952982,False
3611,SIR,0.7095815539360046,30,0.9573885897201748,0.8470285534858704,0.7773463276343233,False
6264,SIS,0.004999999888241291,30,0.004999999888241291,0.08011272549629211,0.005547726581208673,False
4007,SIR,0.0024999999441206455,30,0.03355543667144357,0.07807495445013046,0.002386719562588495,False
6158,SIS,0.004999999888241291,30,0.004999999888241291,0.08230753988027573,0.005318837649180867,False
2703,SIR,0.017578125,30,0.15339727229232944,0.08131236582994461,0.017440356512629037,False
3383,SIR,0.3503342270851135,30,0.548012032390023,0.017739854753017426,0.27201704456034065,False
1981,SIR,0.36899998784065247,30,0.6377847162656398,0.05916610360145569,0.5224603233458477,False
5904,SIS,0.7680000066757202,30,0.7141025059764069,0.986170768737793,0.7668211432659913,False
6211,SIS,0.004999999888241291,30,0.004999999888241291,0.08830688893795013,0.005384454281762208,False
9330,SIS,0.0024999999441206455,30,0.0024999999441206455,0.08086586743593216,0.004299794429861984,False
7712,SIS,0.005859375,30,0.0048828125,0.07747489213943481,0.007629518792331956,False
2198,SIR,0.0048828125,30,0.006262922639930248,0.07904106378555298,0.005218489485053841,False
2969,SIR,0.45703125,30,0.975262631643594,0.4486749470233917,0.69905683088132,False
1217,SIR,0.007000000216066837,30,0.06539143466115058,0.08446011692285538,0.006007767573202642,False
1319,SIR,0.008999999612569809,30,0.08714099146078758,0.0854523777961731,0.009464027177313568,False
6640,SIS,0.027000000700354576,30,0.24968366363360722,0.5248137712478638,0.12142304840134933,False
9720,SIS,0.3840000033378601,30,0.3319509686634926,0.2996317744255066,0.42853022543815666,False
4586,SIR,0.10499999672174454,30,0.4324161288472976,0.06172516569495201,0.08531823508475711,False
7466,SIS,0.0048828125,30,0.0048828125,0.07705777138471603,0.005547726581208673,False
8332,SIS,0.001237930147908628,30,0.001237930147908628,0.05770815536379814,0.0202926122168639,False
467,SIR,0.006000000052154064,30,0.09548432641833751,0.08139212429523468,0.006007767573202642,False
1603,SIR,0.014000000432133675,30,0.11420228566437254,0.07603897154331207,0.013210346015198122,False
3004,SIR,0.001237930147908628,30,0.0018031394962120249,0.07621500641107559,0.002816932495038758,False
5391,SIS,0.004999999888241291,30,0.004999999888241291,0.07822452485561371,0.005496955959592676,False
4744,SIR,0.34549999237060547,30,0.792122570021943,0.13721196353435516,0.37575449400434413,False
7170,SIS,0.0048828125,30,0.0048828125,0.0648401603102684,0.006579671796722299,False
2641,SIR,0.0048828125,30,0.03296419326024623,0.07832491397857666,0.005040371174642032,False
1622,SIR,0.02800000086426735,30,0.2232584608122874,0.06507806479930878,0.04197074158076481,False
2296,SIR,0.0048828125,30,0.06591034374332257,0.07983209192752838,0.0052039647967160605,False
3715,SIR,0.89626145362854,30,0.9908572021896607,0.9069641828536987,0.8824396352786561,False
2930,SIR,0.521484375,30,0.4344123968803574,0.053153496235609055,0.4998519256059176,False
7549,SIS,0.0048828125,30,0.0048828125,0.07919085025787354,0.005547726581208673,False
3561,SIR,0.7477098107337952,30,0.9555429492818907,0.8510739803314209,0.7607359715876453,False
6511,SIS,0.004999999888241291,30,0.004999999888241291,0.08158370107412338,0.005547726581208673,False
8158,SIS,0.001485516200773418,30,0.001237930147908628,0.07870792597532272,0.003268094292878545,False
5731,SIS,0.004999999888241291,30,0.004999999888241291,0.06203632801771164,0.012034731077160743,False
9621,SIS,0.27300000190734863,30,0.22696296158092308,0.9311550259590149,0.2571635076331082,False
8195,SIS,0.001237930147908628,30,0.001237930147908628,0.08047913759946823,0.0027897606298147646,False
6411,SIS,0.006000000052154064,30,0.004999999888241291,0.08160538971424103,0.010589424314071665,False
3913,SIR,0.9601386189460754,30,0.9999975203861909,0.2626630961894989,0.9752021027711785,False
6902,SIS,0.7229999899864197,30,0.15287531987903155,0.8973513245582581,0.6451086458202907,False
3951,SIR,0.9804406762123108,30,0.9999827882152611,0.2460746467113495,0.9781715206631751,False
7528,SIS,0.0048828125,30,0.0048828125,0.07753757387399673,0.005318837649180867,False
2563,SIR,0.0048828125,30,0.06591034374332257,0.07983209192752838,0.0052039647967160605,False
6102,SIS,0.004999999888241291,30,0.004999999888241291,0.08024761080741882,0.005318837649180867,False
3033,SIR,0.002971032401546836,30,0.0582142156252924,0.07741989940404892,0.038095300203275374,False
3642,SIR,0.7848477363586426,30,0.9485640392286602,0.15662160515785217,0.7911656003482999,False
3324,SIR,0.08937855809926987,30,0.32751964832376845,0.05998679995536804,0.1040934287964291,False
6505,SIS,0.004999999888241291,30,0.004999999888241291,0.077426478266716,0.006436335814717103,False
2560,SIR,0.0078125,30,0.07837417279108344,0.0842013955116272,0.004941392628994859,False
6975,SIS,0.7710000276565552,30,0.22598441035891328,0.9329679608345032,0.7829719683823365,False
7713,SIS,0.01171875,30,0.0048828125,0.057927101850509644,0.09056072507209385,False
9500,SIS,0.1745000034570694,30,0.11616650597643385,0.9136129021644592,0.5931585234347048,False
5722,SIS,0.4020000100135803,30,0.03801428659116491,0.6186380386352539,0.6462722958691038,False
956,SIR,0.9449999928474426,30,0.9868421113781423,0.9286394119262695,0.9172023382056229,False
5273,SIS,0.004999999888241291,30,0.004999999888241291,0.07319528609514236,0.013521359201197505,False
9160,SIS,0.0024999999441206455,30,0.0024999999441206455,0.07506834715604782,0.002575150101341322,False
3597,SIR,0.7365684509277344,30,0.9107003916900666,0.12697045505046844,0.7744221109478467,False
6131,SIS,0.004999999888241291,30,0.004999999888241291,0.07658834755420685,0.005761899301948216,False
1599,SIR,0.007000000216066837,30,0.1276289744453654,0.08224033564329147,0.009119944070193389,False
9947,SIS,0.6334999799728394,30,0.5736530239739702,0.9844415783882141,0.6966370297179363,False
5977,SIS,0.8119999766349792,30,0.7634615382303721,0.9861517548561096,0.8594589126644989,False
1802,SIR,0.11100000143051147,30,0.37099551203889425,0.0638129711151123,0.10683690925532277,False
2568,SIR,0.0068359375,30,0.10712119459833597,0.08107815682888031,0.006286234047741477,False
716,SIR,0.6129999756813049,30,0.6925850370143584,0.722842812538147,0.7528343334099897,False
8618,SIS,0.6709581613540649,30,0.586470342837911,0.9748631715774536,0.6497206874099737,False
2786,SIR,0.013671875,30,0.1006137143477185,0.08532921969890594,0.0005732442310607691,False
1790,SIR,0.09700000286102295,30,0.32402655949356124,0.06899590790271759,0.0940844722333875,False
6719,SIS,0.0989999994635582,30,0.02609973138727502,0.06528867781162262,0.43155799460045113,False
6874,SIS,0.6539999842643738,30,0.06562409080740482,0.6794064044952393,0.8127867493851368,False
5270,SIS,0.004999999888241291,30,0.004999999888241291,0.06652126461267471,0.005468939416156493,False
9407,SIS,0.0024999999441206455,30,0.0024999999441206455,0.07682846486568451,0.002401244250926276,False
9667,SIS,0.3345000147819519,30,0.27270287956915085,0.9469627737998962,0.358440844779794,False
717,SIR,0.47999998927116394,30,0.46739854159948885,0.039543118327856064,0.629974923663324,False
8178,SIS,0.10472889244556427,30,0.06001589007009852,0.03627009317278862,0.24780590642199346,False
2621,SIR,0.0087890625,30,0.06178210030915336,0.08615605533123016,0.0061872555020943045,False
7432,SIS,0.0048828125,30,0.0048828125,0.08357621729373932,0.005040371174642032,False
6722,SIS,0.0860000029206276,30,0.7584510934737674,0.05375606566667557,0.570372694093155,False
8367,SIS,0.3547907769680023,30,0.11511410618787386,0.8615084886550903,0.3522393453329496,False
3706,SIR,0.8398118615150452,30,0.9533708050903174,0.8756781816482544,0.8678289021457058,False
7296,SIS,0.0048828125,30,0.0048828125,0.06829638034105301,0.005647057726568302,False
1975,SIR,0.6579999923706055,30,0.6271753626614393,0.05409711226820946,0.5665616421579175,False
9196,SIS,0.0024999999441206455,30,0.0024999999441206455,0.08331123739480972,0.004299794429861984,False
9437,SIS,0.0989999994635582,30,0.061658996488824905,0.8590691089630127,0.39798126550097757,False
2976,SIR,0.8212890625,30,0.3797237722619797,0.04199175909161568,0.5392118746609228,False
1700,SIR,0.04899999871850014,30,0.1908501932572833,0.028803415596485138,0.1562037319049039,False
4953,SIR,0.9980000257492065,30,0.9999864966611619,0.2717343270778656,0.9368299296238191,False
4427,SIR,0.006000000052154064,30,0.13545251752727502,0.08219147473573685,0.002075370118610075,False
7925,SIS,0.68359375,30,0.12914034714528663,0.8656774759292603,0.7796184941156944,False
6686,SIS,0.010999999940395355,30,0.008518266903097718,0.042518794536590576,0.07812529231508096,False
8982,SIS,0.8596187233924866,30,0.8266356025006006,0.9882929921150208,0.863219370692203,False
3149,SIR,0.001237930147908628,30,0.0021989105154509468,0.07685249298810959,0.002628501956285931,False
9030,SIS,0.0024999999441206455,30,0.0024999999441206455,0.08343080431222916,0.004299794429861984,False
4908,SIR,0.7170000076293945,30,0.9988526744235623,0.18934796750545502,0.6680431409716928,False
4379,SIR,0.003000000026077032,30,0.03975290909701012,0.07738281786441803,0.0022231259405144687,False
3701,SIR,0.8816538453102112,30,0.9857378953413869,0.16536718606948853,0.874802044119892,False
6375,SIS,0.004999999888241291,30,0.004999999888241291,0.08141548186540604,0.005318837649180867,False
2151,SIR,0.005859375,30,0.09727063953000875,0.08054950088262558,0.005040371174642032,False
4852,SIR,0.7850000262260437,30,0.9983299145250767,0.205443874001503,0.7879774961702899,False
2800,SIR,0.0234375,30,0.2012639065831908,0.07524920254945755,0.018688610612874714,False
3042,SIR,0.003466204507276416,30,0.03609980243101111,0.08010794222354889,-0.0036875556808645227,False
7606,SIS,0.0048828125,30,0.0048828125,0.08143637329339981,0.005547726581208673,False
2017,SIR,0.0048828125,30,0.04928941083194065,0.08051136881113052,0.005040371174642032,False
3640,SIR,0.7959890961647034,30,0.9706002799468127,0.1710994690656662,0.7818063502067947,False
1868,SIR,0.16899999976158142,30,0.46707081529304945,0.058555569499731064,0.5150462660382749,False
6539,SIS,0.004999999888241291,30,0.004999999888241291,0.061534661799669266,0.007448089649635741,False
6478,SIS,0.004999999888241291,30,0.004999999888241291,0.08308184891939163,0.005040371174642032,False
119,SIR,0.004999999888241291,30,0.04458684849178268,0.07883928716182709,0.005392395335468887,False
9279,SIS,0.0024999999441206455,30,0.0024999999441206455,0.08138787746429443,0.004200815884214811,False
5918,SIS,0.7599999904632568,30,0.7262106994620625,0.9846004843711853,0.7812055268377001,False
6876,SIS,0.6480000019073486,30,0.1720961641406055,0.8969393372535706,0.764472420697298,False
8138,SIS,0.001237930147908628,30,0.001237930147908628,0.07941602170467377,0.0027897606298147646,False
1939,SIR,0.2770000100135803,30,0.5395408531656618,0.04276373237371445,0.443615873932417,False
2608,SIR,0.0048828125,30,0.043535875448018575,0.07876835763454437,0.005392395335468887,False
9866,SIS,0.5715000033378601,30,0.517819775321254,0.9799168705940247,0.5817935986776462,False
3489,SIR,0.6655112504959106,30,0.9889380163681822,0.5280486941337585,0.55426206519291,False
2538,SIR,0.0126953125,30,0.12630581552076475,0.07879512757062912,0.017056571234327404,False
7845,SIS,0.3271484375,30,0.0048828125,0.04867441952228546,0.02472565502282702,False
5548,SIS,0.010999999940395355,30,0.013211331800321423,0.07386936992406845,0.05922391084234027,False
215,SIR,0.004999999888241291,30,0.06261588108322752,0.07967710494995117,0.005040371174642032,False
7186,SIS,0.0048828125,30,0.0048828125,0.08039514720439911,0.004918377836551883,False
9159,SIS,0.0024999999441206455,30,0.0024999999441206455,0.06390199810266495,0.0031072421324242175,False
1463,SIR,0.006000000052154064,30,0.06986528997334518,0.08428935706615448,0.005384454281762208,False
1384,SIR,0.008999999612569809,30,0.11221622363285379,0.08530187606811523,0.007860200012006924,False
4168,SIR,0.0024999999441206455,30,0.024903424664836925,0.07886817306280136,0.0022231259405144687,False
6077,SIS,0.004999999888241291,30,0.004999999888241291,0.076183021068573,0.005318837649180867,False
8197,SIS,0.003713790560141206,30,0.006338608613964823,0.07401072978973389,0.3665034737003033,False
9298,SIS,0.0024999999441206455,30,0.0024999999441206455,0.07180768251419067,0.0074798021534801026,False
3246,SIR,0.0901213139295578,30,0.35262205817654235,0.05960462987422943,0.17339601049587383,False
8957,SIS,0.8568952679634094,30,0.8285028985281233,0.9866248369216919,0.8635029093466677,False
6754,SIS,0.36399999260902405,30,0.004999999888241291,0.04396451264619827,0.14891321488912576,False
9665,SIS,0.328000009059906,30,0.267354658636406,0.9379718899726868,0.4025060660497973,False
3637,SIR,0.7947511672973633,30,0.9212777999608659,0.12570659816265106,0.7490439752153427,False
2419,SIR,0.0068359375,30,0.08632843084365038,0.0832897201180458,0.006007767573202642,False
6436,SIS,0.004999999888241291,30,0.004999999888241291,0.0751262754201889,0.016048837081636087,False
1810,SIR,0.07000000029802322,30,0.38881595760833204,0.06919402629137039,0.06356909376243763,False
4982,SIR,0.9815000295639038,30,0.999958967811427,0.2619292736053467,0.9408051804640106,False
6184,SIS,0.004999999888241291,30,0.004999999888241291,0.0853370800614357,0.005040371174642032,False
4481,SIR,0.10999999940395355,30,0.43885792967227744,0.011641778983175755,0.11347030137603059,False
94,SIR,0.004999999888241291,30,0.06750449726952244,0.07992059737443924,0.0052039647967160605,False
9877,SIS,0.5669999718666077,30,0.49807011712170485,0.9780354499816895,0.5718777007351526,False
4305,SIR,0.003000000026077032,30,0.004477903911657831,0.07990934699773788,0.004299794429861984,False
2291,SIR,0.0068359375,30,0.03324400632088589,0.08504151552915573,0.005384454281762208,False
3171,SIR,0.050259966403245926,30,0.31170576733600097,0.06271196156740189,0.17497370741559573,False
3327,SIR,0.12602129578590393,30,0.4607069353713134,0.04247559607028961,0.31321942553606524,False
7662,SIS,0.009765625,30,0.011267145013987182,0.05866014212369919,0.024144669112133265,False
9506,SIS,0.18000000715255737,30,0.14060309729492357,0.8869497179985046,0.416484000000514,False
6821,SIS,0.5350000262260437,30,0.07164179482467377,0.055302493274211884,0.7029948088048844,False
4642,SIR,0.14800000190734863,30,0.47968017962943205,0.05026272311806679,0.17555599783098028,False
4795,SIR,0.5295000076293945,30,0.9347917109096923,0.13398611545562744,0.5618951919671016,False
4039,SIR,0.0024999999441206455,30,0.024903424664836925,0.07886817306280136,0.0022231259405144687,False
8966,SIS,0.8588759303092957,30,0.809777614160392,0.7857304215431213,0.8531811244718014,False
7710,SIS,0.0048828125,30,0.0048828125,0.06888307631015778,0.0063373572690699305,False
984,SIR,0.9710000157356262,30,0.9903416352531207,0.9368100762367249,0.9651837436105957,False
3390,SIR,0.3151770234107971,30,0.6026946027323965,0.042899541556835175,0.35247788424214144,False
5684,SIS,0.20499999821186066,30,0.7143728819473181,0.39126962423324585,0.45451050963036177,False
4341,SIR,0.010999999940395355,30,0.16219982673207467,0.09786835312843323,0.010278255437874848,False
9753,SIS,0.445499986410141,30,0.3954574327161831,0.3325258195400238,0.7375991578035416,False
8624,SIS,0.670462965965271,30,0.5774972468042486,0.9797723293304443,0.6909848592954201,False
5383,SIS,0.004999999888241291,30,0.004999999888241291,0.08198944479227066,0.005318837649180867,False
1303,SIR,0.004999999888241291,30,0.056875341519595314,0.07958503812551498,0.005040371174642032,False
4122,SIR,0.0024999999441206455,30,0.03355543667144357,0.07807495445013046,0.002386719562588495,False
9803,SIS,0.5090000033378601,30,0.42611041570407787,0.9706377983093262,0.5671922506390278,False
6378,SIS,0.004999999888241291,30,0.004999999888241291,0.06870400905609131,0.006577524399506813,False
3302,SIR,0.003713790560141206,30,0.04591955876016055,0.0809892937541008,0.04494221638650732,False
2599,SIR,0.005859375,30,0.09431175512636787,0.08131701499223709,0.006007767573202642,False
3472,SIR,0.6523892283439636,30,0.8102759563522348,0.8692725896835327,0.5916759564167077,False
5926,SIS,0.7699999809265137,30,0.7237939874717372,0.9848997592926025,0.8357615249042426,False
1199,SIR,0.006000000052154064,30,0.08087244181224583,0.07896491140127182,0.005040371174642032,False
3989,SIR,0.9742510318756104,30,0.9999902131423594,0.2615649402141571,0.9771482994702118,False
2914,SIR,0.017578125,30,0.15421394095381322,0.08243830502033234,0.009168869219141186,False
2261,SIR,0.0078125,30,0.09763470102960711,0.08108266443014145,0.006286234047741477,False
1065,SIR,0.004999999888241291,30,0.04458684849178268,0.07883928716182709,0.005392395335468887,False
6273,SIS,0.004999999888241291,30,0.004999999888241291,0.08477124571800232,0.005318837649180867,False
1318,SIR,0.00800000037997961,30,0.13066403520682401,0.07850256562232971,0.0056708618100077225,False
645,SIR,0.020999999716877937,30,0.006076192289320099,0.07305043190717697,0.016107903073966888,False
1250,SIR,0.004999999888241291,30,0.06750449726952244,0.07992059737443924,0.0052039647967160605,False
2141,SIR,0.0048828125,30,0.043535875448018575,0.07876835763454437,0.005392395335468887,False
9016,SIS,0.0024999999441206455,30,0.0024999999441206455,0.08322180807590485,0.004299794429861984,False
1147,SIR,0.004999999888241291,30,0.050486796830713984,0.08057238161563873,0.005040371174642032,False
6098,SIS,0.004999999888241291,30,0.004999999888241291,0.08131162077188492,0.005318837649180867,False
4516,SIR,0.3959999978542328,30,0.7125645855505844,0.14180496335029602,0.42457625658198933,False
3,SIR,0.004999999888241291,30,0.04458684849178268,0.07883928716182709,0.005392395335468887,False
8823,SIS,0.8101015090942383,30,0.7312094303361479,0.9854627847671509,0.8076584751618213,False
2590,SIR,0.0048828125,30,0.06591034374332257,0.07983209192752838,0.0052039647967160605,False
3874,SIR,0.9059172868728638,30,0.9988432124676443,0.09242123365402222,0.9198661512231239,False
6887,SIS,0.6510000228881836,30,0.1352192294884364,0.8556166887283325,0.7260409798698272,False
8183,SIS,0.001485516200773418,30,0.001237930147908628,0.04472417011857033,0.23228477299188832,False
8867,SIS,0.8271849751472473,30,0.7927173188237301,0.9890211224555969,0.832827921633171,False
936,SIR,0.9309999942779541,30,0.9750940649425781,0.9138930439949036,0.9457618254236169,False
709,SIR,0.5249999761581421,30,0.9560803299591517,0.5114557147026062,0.5552193023895801,False
7052,SIS,0.0048828125,30,0.0048828125,0.08290102332830429,0.005318837649180867,False
5851,SIS,0.6930000185966492,30,0.6861365820105246,0.9775028824806213,0.7663583838111043,False
909,SIR,0.9300000071525574,30,0.9753267698074032,0.915858268737793,0.923954518506325,False
6912,SIS,0.7080000042915344,30,0.3080374160092321,0.9517590403556824,0.7768139010818345,False
3465,SIR,0.6303540468215942,30,0.7424593338765868,0.8555933237075806,0.5064460792464652,False
2708,SIR,0.01953125,30,0.19811164065871975,0.07662239670753479,0.01794534186894382,False
5607,SIS,0.006000000052154064,30,0.004999999888241291,0.07636158168315887,0.024526988925563677,False
5227,SIS,0.004999999888241291,30,0.004999999888241291,0.08344830572605133,0.005318837649180867,False
6935,SIS,0.7149999737739563,30,0.15789584665575107,0.8922573328018188,0.8825673791592454,False
7331,SIS,0.0048828125,30,0.0048828125,0.08194209635257721,0.005040371174642032,False
9710,SIS,0.3889999985694885,30,0.3271171082829225,0.4451236426830292,0.5432035386413168,False
9131,SIS,0.0024999999441206455,30,0.0024999999441206455,0.07202857732772827,0.006188271310395162,False
1201,SIR,0.004999999888241291,30,0.050486796830713984,0.08057238161563873,0.005040371174642032,False
7668,SIS,0.0048828125,30,0.0048828125,0.08491765707731247,0.0061872555020943045,False
200,SIR,0.006000000052154064,30,0.09728713164916368,0.08163902908563614,0.0054834328274093805,False
8186,SIS,0.001237930147908628,30,0.001237930147908628,0.08114632219076157,0.002690782084167592,False
7860,SIS,0.5390625,30,0.8896734289025019,0.5866298675537109,0.8115056643744024,False
6128,SIS,0.004999999888241291,30,0.004999999888241291,0.08214735239744186,0.006286234047741477,False
9763,SIS,0.44999998807907104,30,0.3873248576972616,0.4063867926597595,0.8510918000314893,False
3072,SIR,0.025748947635293007,30,0.10286815672620371,0.06166740506887436,0.13268999037710094,False
2808,SIR,0.0419921875,30,0.22726883620025884,0.08811596781015396,0.068967844501146,False
2866,SIR,0.068359375,30,0.20585728610512877,0.06508070230484009,0.06637256655787328,False
107,SIR,0.006000000052154064,30,0.08562772361655735,0.0791909396648407,0.005040371174642032,False
3847,SIR,0.9361227750778198,30,0.9995261700404301,0.07980448007583618,0.9507507037181266,False
5536,SIS,0.004999999888241291,30,0.004999999888241291,0.07593538612127304,0.005468939416156493,False
4156,SIR,0.0024999999441206455,30,0.03355543667144357,0.07807495445013046,0.002386719562588495,False
747,SIR,0.5649999976158142,30,0.36520235595605394,0.06478989124298096,0.5307189354902909,False
8575,SIS,0.6221836805343628,30,0.5060584833737458,0.9685980081558228,0.6128073728036969,False
8190,SIS,0.09730131179094315,30,0.8797759640219284,0.04833503067493439,0.09507017274258303,False
3444,SIR,0.5063134431838989,30,0.7283570797651393,0.8577598929405212,0.5635451042625338,False
7371,SIS,0.0048828125,30,0.0048828125,0.08233558386564255,0.005040371174642032,False
8220,SIS,0.001237930147908628,30,0.001237930147908628,0.07763522118330002,0.002294280624502634,False
7836,SIS,0.0048828125,30,0.0048828125,0.09094473719596863,0.004941392628994859,False
6634,SIS,0.004999999888241291,30,0.004999999888241291,0.07929961383342743,0.005318837649180867,False
5,SIR,0.007000000216066837,30,0.005175886474424922,0.08471676707267761,0.005908789027555469,False
7747,SIS,0.0087890625,30,0.005360513320838241,0.06916315108537674,0.02425401163917992,False
7099,SIS,0.0048828125,30,0.0048828125,0.08685977756977081,0.005040371174642032,False
6882,SIS,0.6520000100135803,30,0.09032855596255565,0.02970113791525364,0.7016368793588349,False
6814,SIS,0.5370000004768372,30,0.2616994569914141,0.6069702506065369,0.8219986107874662,False
3236,SIR,0.002971032401546836,30,0.06035351920485781,0.0807030200958252,0.005144045966599606,False
9130,SIS,0.0024999999441206455,30,0.0024999999441206455,0.07999250292778015,0.004299794429861984,False
2300,SIR,0.0048828125,30,0.04928941083194065,0.08051136881113052,0.005040371174642032,False
5797,SIS,0.5519999861717224,30,0.8915545758783816,0.5877012014389038,0.9286894015652652,False
6301,SIS,0.004999999888241291,30,0.004999999888241291,0.07828822731971741,0.01100794187718841,False
892,SIR,0.8809999823570251,30,0.9422225226738734,0.8661026954650879,0.9049399727616622,False
8996,SIS,0.8596187233924866,30,0.8120407779134745,0.7440506815910339,0.8673184931811084,False
2030,SIR,0.0048828125,30,0.06591034374332257,0.07983209192752838,0.0052039647967160605,False
5783,SIS,0.546999990940094,30,0.47820110750316686,0.7737010717391968,0.9096786169527719,False
1594,SIR,0.017000000923871994,30,0.18465972534237046,0.08256824314594269,0.019359358876925952,False
1062,SIR,0.004999999888241291,30,0.06750449726952244,0.07992059737443924,0.0052039647967160605,False
6894,SIS,0.6539999842643738,30,0.08656727593010338,0.6215699315071106,0.6748971735329928,False
7693,SIS,0.0048828125,30,0.0048828125,0.0832601934671402,0.005318837649180867,False
3987,SIR,0.9767268896102905,30,0.9999881489365585,0.25575220584869385,0.981363716696068,False
6916,SIS,0.7099999785423279,30,0.1489584971066279,0.8911851048469543,0.7891888549515081,False
7332,SIS,0.0048828125,30,0.0048828125,0.08408505469560623,0.005269260106669838,False
6243,SIS,0.004999999888241291,30,0.004999999888241291,0.08192633092403412,0.005318837649180867,False
6097,SIS,0.004999999888241291,30,0.004999999888241291,0.0831102728843689,0.005318837649180867,False
2679,SIR,0.015625,30,0.14959751521494496,0.0750822201371193,0.015203607630751969,False
2062,SIR,0.005859375,30,0.05224355775318502,0.08836245536804199,0.005384454281762208,False
6645,SIS,0.004999999888241291,30,0.004999999888241291,0.05944476276636124,0.0033807348673816785,False
2632,SIR,0.009765625,30,0.10372837761849467,0.08131016045808792,0.006630317154861653,False
7647,SIS,0.005859375,30,0.0048828125,0.04230402037501335,0.057342044262478006,False
6174,SIS,0.004999999888241291,30,0.004999999888241291,0.07789366692304611,0.005318837649180867,False
8401,SIS,0.43674176931381226,30,0.29046745499784615,0.9405655860900879,0.4748931292784533,False
3850,SIR,0.9475117325782776,30,0.9999385042967354,0.21878191828727722,0.9464620676019697,False
7665,SIS,0.0068359375,30,0.0048828125,0.07704223692417145,0.01263525679677006,False
284,SIR,0.00800000037997961,30,0.13665017062625304,0.08162599802017212,0.009644805472796208,False
3345,SIR,0.40183213353157043,30,0.5681967023295877,0.5971327424049377,0.2133756812051293,False
2263,SIR,0.005859375,30,0.06458101456104702,0.08437002450227737,0.006007767573202642,False
3310,SIR,0.1406288743019104,30,0.5452372291528892,0.017663193866610527,0.2674717009845738,False
6625,SIS,0.008999999612569809,30,0.006760105106753995,0.07280077040195465,0.030886617277124724,False
9884,SIS,0.5720000267028809,30,0.532745391586332,0.9778919219970703,0.6419019971158262,False
9677,SIS,0.3294999897480011,30,0.28489330305338567,0.3340393602848053,0.4268250290709687,False
5861,SIS,0.7129999995231628,30,0.6283990704694735,0.978213369846344,0.7506001137670288,False
5521,SIS,0.004999999888241291,30,0.004999999888241291,0.08175703138113022,0.005547726581208673,False
7038,SIS,0.0048828125,30,0.0048828125,0.07848478108644485,0.0056708618100077225,False
9642,SIS,0.2680000066757202,30,0.27269516005321104,0.9410836696624756,0.4082556113822925,False
7258,SIS,0.0048828125,30,0.0048828125,0.0569995678961277,0.016819836091142227,False
4569,SIR,0.26750001311302185,30,0.7597236636763955,0.02601896971464157,0.310426946310823,False
995,SIR,0.9660000205039978,30,0.9921530821570635,0.09019133448600769,0.9645846082449846,False
3060,SIR,0.03812824934720993,30,0.20291339164031408,0.06482373178005219,0.25617908572699705,False
4018,SIR,0.0024999999441206455,30,0.03355543667144357,0.07807495445013046,0.002386719562588495,False
4363,SIR,0.02449999935925007,30,0.27637334368854544,0.09821747243404388,-0.00011511897199703457,False
3982,SIR,0.9720227718353271,30,0.9999874221535875,0.26999011635780334,0.9748085145999722,False
7992,SIS,0.76171875,30,0.06692693490782735,0.033480219542980194,0.7823301154715089,False
1843,SIR,0.0689999982714653,30,0.36520188492120065,0.06987098604440689,0.05204931558274746,False
1156,SIR,0.007000000216066837,30,0.11134030548292398,0.08383719623088837,0.006286234047741477,False
2243,SIR,0.0048828125,30,0.043535875448018575,0.07876835763454437,0.005392395335468887,False
8589,SIS,0.6216885447502136,30,0.4030171006387491,0.9605367183685303,0.7314735607471463,False
1363,SIR,0.007000000216066837,30,0.1332860566385575,0.07984884828329086,0.005219859103533694,False
9701,SIS,0.3959999978542328,30,0.319446348662934,0.37121689319610596,0.4857993499534364,False
3195,SIR,0.057192374020814896,30,0.1981183408228593,0.059813112020492554,0.33296206961452823,False
7921,SIS,0.693359375,30,0.06771539132306216,0.6313562989234924,0.8184017129947944,False
6771,SIS,0.3630000054836273,30,0.03226662383134862,0.5801504850387573,0.6861391060884138,False
6581,SIS,0.006000000052154064,30,0.004999999888241291,0.05864351615309715,0.014543555060110376,False
4882,SIR,0.4740000069141388,30,0.9402209980917774,0.14243772625923157,0.4462738097349564,False
4101,SIR,0.0024999999441206455,30,0.003753324604087857,0.07731125503778458,0.002575150101341322,False
3417,SIR,0.4184204041957855,30,0.630776436326641,0.04581810534000397,0.44323633520739675,False
3562,SIR,0.7363208532333374,30,0.8682212155355761,0.8126805424690247,0.44847240512717296,False
6580,SIS,0.008999999612569809,30,0.007071453699500475,0.06306863576173782,0.07866091046245521,False
1827,SIR,0.04500000178813934,30,0.288066306249667,0.07684870809316635,0.03802008301967494,False
2000,SIR,0.0048828125,30,0.06112903001008065,0.07962512969970703,0.005040371174642032,False
4536,SIR,0.2004999965429306,30,0.6794722768337896,0.028003700077533722,0.25136195886829427,False
4503,SIR,0.05400000140070915,30,0.3280250850839648,0.08016537874937057,0.07567203977455991,False
5191,SIS,0.004999999888241291,30,0.004999999888241291,0.061012979596853256,0.007350175748141454,False
3735,SIR,0.8913097381591797,30,0.9916510911530207,0.19196799397468567,0.8500470044120746,False
5919,SIS,0.7620000243186951,30,0.714183383026031,0.9853063821792603,0.7929848049072967,False
4235,SIR,0.003000000026077032,30,0.040300895019353265,0.08250788599252701,0.00451068569167778,False
1486,SIR,0.006000000052154064,30,0.05576887354711447,0.08359647542238235,0.005384454281762208,False
2779,SIR,0.052734375,30,0.27456670319527227,0.06717029958963394,0.07668330402918047,False
8498,SIS,0.5018569231033325,30,0.30709912519552607,0.9341942071914673,0.4254833469061234,False
2075,SIR,0.0048828125,30,0.03296419326024623,0.07832491397857666,0.005040371174642032,False
4488,SIR,0.16200000047683716,30,0.9883320348477624,0.4931296706199646,0.8463839629681991,False
2756,SIR,0.013671875,30,0.17093532284927232,0.08149726688861847,0.013590422900363972,False
688,SIR,0.24899999797344208,30,0.27446334761484276,0.0747268870472908,0.07400983423273456,False
2558,SIR,0.0068359375,30,0.1142093586281592,0.0805877149105072,0.006286234047741477,False
5920,SIS,0.7609999775886536,30,0.7083360337200489,0.9863476753234863,0.7666125981749454,False
1500,SIR,0.004999999888241291,30,0.04458684849178268,0.07883928716182709,0.005392395335468887,False
4645,SIR,0.226500004529953,30,0.6482533658570734,0.023740405216813087,0.21430081929303962,False
9348,SIS,0.041999999433755875,30,0.030140597864409906,0.05670934543013573,0.21965970902456175,False
7568,SIS,0.0048828125,30,0.0048828125,0.07108414173126221,0.006436335814717103,False
8755,SIS,0.7863332629203796,30,0.7505286068707187,0.986775279045105,0.8389708924935461,False
6232,SIS,0.006000000052154064,30,0.004999999888241291,0.07815761119127274,0.009270045837169016,False
1680,SIR,0.014000000432133675,30,0.020771970218673115,0.08522695302963257,0.00761292351498138,False
5640,SIS,0.004999999888241291,30,0.004999999888241291,0.08152177184820175,0.004941392628994859,False
9516,SIS,0.17299999296665192,30,0.9243342293219592,0.4835794270038605,0.7905519883630201,False
692,SIR,0.24699999392032623,30,0.3866907497955449,0.056647736579179764,0.38384029129304614,False
5256,SIS,0.004999999888241291,30,0.004999999888241291,0.08024377375841141,0.005547726581208673,False
7756,SIS,0.0341796875,30,0.023581495014265014,0.06879004091024399,0.23940124420014156,False
395,SIR,0.006000000052154064,30,0.09548432641833751,0.08139212429523468,0.006007767573202642,False
3092,SIR,0.001237930147908628,30,0.0021989105154509468,0.07685249298810959,0.002628501956285931,False
9765,SIS,0.44600000977516174,30,0.40842770517929267,0.4302859604358673,0.6284430274133818,False
8956,SIS,0.8623421788215637,30,0.8226201389629024,0.763222336769104,0.8659787751363227,False
9178,SIS,0.0024999999441206455,30,0.0024999999441206455,0.08031225204467773,0.0024520148725422747,False
9260,SIS,0.0215000007301569,30,0.15245298405035954,0.04215434193611145,0.17409140446298726,False
4511,SIR,0.2070000022649765,30,0.6763455761997031,0.021824734285473824,0.24755259339628577,False
2454,SIR,0.0048828125,30,0.04928941083194065,0.08051136881113052,0.005040371174642032,False
9670,SIS,0.0024999999441206455,30,0.0024999999441206455,0.07878899574279785,0.0024520148725422747,False
9538,SIS,0.17399999499320984,30,0.1300778557160893,0.8903964161872864,0.45809786552693493,False
4867,SIR,0.6110000014305115,30,0.9775377945548221,0.1593206226825714,0.5222924560233344,False
8141,SIS,0.058182720094919205,30,0.001237930147908628,0.05230449140071869,0.05920128310682657,False
2027,SIR,0.0048828125,30,0.04928941083194065,0.08051136881113052,0.005040371174642032,False
4270,SIR,0.0024999999441206455,30,0.03355543667144357,0.07807495445013046,0.002386719562588495,False
4338,SIR,0.0024999999441206455,30,0.03355543667144357,0.07807495445013046,0.002386719562588495,False
872,SIR,0.871999979019165,30,0.9937680778592647,0.6223246455192566,0.7679968299908465,False
6207,SIS,0.004999999888241291,30,0.004999999888241291,0.08601485192775726,0.005318837649180867,False
2862,SIR,0.1005859375,30,0.306496683388771,0.06326604634523392,0.3289577253489773,False
8008,SIS,0.001237930147908628,30,0.001237930147908628,0.07973359525203705,0.002690782084167592,False
1481,SIR,0.004999999888241291,30,0.06750449726952244,0.07992059737443924,0.0052039647967160605,False
6028,SIS,0.004999999888241291,30,0.004999999888241291,0.08249574154615402,0.005318837649180867,False
5325,SIS,0.004999999888241291,30,0.004999999888241291,0.06837229430675507,0.00647854585385964,False
8552,SIS,0.6209457516670227,30,0.4031137794279962,0.9639104604721069,0.660017066416782,False
6469,SIS,0.006000000052154064,30,0.004999999888241291,0.07192924618721008,0.010138990346892012,False
4891,SIR,0.42399999499320984,30,0.908465560687289,0.13767093420028687,0.4162681025046095,False
822,SIR,0.8339999914169312,30,0.8863366041928635,0.5714490413665771,0.7828610762534857,False
7984,SIS,0.7490234375,30,0.21972367562501238,0.7403193116188049,0.925901274987536,False
7024,SIS,0.0048828125,30,0.0048828125,0.08099110424518585,0.005269260106669838,False
334,SIR,0.006000000052154064,30,0.007974412998262173,0.07982790470123291,0.005218489485053841,False
9199,SIS,0.023000000044703484,30,0.026374224210479857,0.07109934836626053,0.27368260813983497,False
9732,SIS,0.390500009059906,30,0.34071408002063147,0.3260766863822937,0.5143714914094083,False
6350,SIS,0.004999999888241291,30,0.004999999888241291,0.08081910014152527,0.005269260106669838,False
9852,SIS,0.5715000033378601,30,0.5009555192451469,0.9762958288192749,0.6040906713019959,False
4543,SIR,0.11699999868869781,30,0.4321665172328353,0.05980100855231285,0.18671372727194072,False
6724,SIS,0.0689999982714653,30,0.035463454843073505,0.05389797315001488,0.10698464288251903,False
161,SIR,0.006000000052154064,30,0.07120700871043861,0.08057985454797745,0.005392395335468887,False
726,SIR,0.017999999225139618,30,0.13200342719938474,0.0740664005279541,0.016791217182399076,False
3572,SIR,0.7781628966331482,30,0.9428161038586204,0.8669161200523376,0.806644240921763,False
9741,SIS,0.38199999928474426,30,0.9472261584374377,0.5865210890769958,0.7331001593335418,False
7378,SIS,0.0048828125,30,0.0048828125,0.07832782715559006,0.006286234047741477,False
329,SIR,0.007000000216066837,30,0.099939410391561,0.07904592901468277,0.005218489485053841,False
2961,SIR,0.5556640625,30,0.4087056166799866,0.03461645543575287,0.535349569347359,False
2737,SIR,0.015625,30,0.20979331247132033,0.08028983324766159,0.010526641206891335,False
4665,SIR,0.45500001311302185,30,0.8954173519452604,0.12703584134578705,0.45372467627805757,False
3031,SIR,0.001485516200773418,30,0.0027099174178765494,0.07761140912771225,0.0027897606298147646,False
8806,SIS,0.8133201003074646,30,0.7467927901833206,0.9874497652053833,0.8055416385939562,False
7040,SIS,0.0048828125,30,0.0048828125,0.08202634751796722,0.005318837649180867,False
451,SIR,0.007000000216066837,30,0.09314247718480494,0.08119187504053116,0.005040371174642032,False
6091,SIS,0.004999999888241291,30,0.004999999888241291,0.08531446754932404,0.005318837649180867,False
7081,SIS,0.0048828125,30,0.0048828125,0.07746171951293945,0.005496955959592676,False
182,SIR,0.008999999612569809,30,0.13809775512443664,0.0811893492937088,0.009563005722960741,False
7618,SIS,0.009765625,30,0.0048828125,0.07347579300403595,0.02489814688277259,False
5156,SIS,0.006000000052154064,30,0.004999999888241291,0.07908689975738525,0.0064856514686396464,False
9204,SIS,0.0024999999441206455,30,0.0024999999441206455,0.07978183776140213,0.004299794429861984,False
379,SIR,0.004999999888241291,30,0.03970244086061169,0.07955484837293625,0.005040371174642032,False
7999,SIS,0.74609375,30,0.3717529363703626,0.6783831715583801,0.942620905806215,False
7653,SIS,0.0048828125,30,0.0048828125,0.07929311692714691,0.006286234047741477,False
2349,SIR,0.0048828125,30,0.05552443657228958,0.0795360803604126,0.005040371174642032,False
7738,SIS,0.0068359375,30,0.0048828125,0.06998318433761597,0.056095143921318945,False
6910,SIS,0.7099999785423279,30,0.1331165839757467,0.8987475633621216,0.8186590680571664,False
6802,SIS,0.5590000152587891,30,0.05023826904732325,0.056293174624443054,0.577907877534249,False
1445,SIR,0.007000000216066837,30,0.08752761927851076,0.08075074106454849,0.006286234047741477,False
7809,SIS,0.005859375,30,0.0048828125,0.05626840516924858,0.1379801906190952,False
8981,SIS,0.8625897765159607,30,0.8332199129028622,0.9884746670722961,0.8744629988535568,False
7518,SIS,0.0048828125,30,0.0048828125,0.08128013461828232,0.005040371174642032,False
5240,SIS,0.004999999888241291,30,0.004999999888241291,0.07164692133665085,0.006436335814717103,False
4903,SIR,0.9164999723434448,30,0.9996990669854977,0.23024237155914307,0.8610981176959273,False
7463,SIS,0.0048828125,30,0.0048828125,0.08513344824314117,0.005040371174642032,False
9391,SIS,0.0024999999441206455,30,0.0024999999441206455,0.07374991476535797,0.004512833088893266,False
8536,SIS,0.5637534260749817,30,0.4854462000430715,0.9695627093315125,0.6284356487172372,False
5808,SIS,0.625,30,0.9398277368462479,0.6565420627593994,0.7578363653845757,False
1458,SIR,0.004999999888241291,30,0.04458684849178268,0.07883928716182709,0.005392395335468887,False
9175,SIS,0.0024999999441206455,30,0.0024999999441206455,0.07651545107364655,0.0074798021534801026,False
974,SIR,0.9539999961853027,30,0.9935697110285485,0.9410003423690796,0.9596278831556291,False
7659,SIS,0.0048828125,30,0.0048828125,0.08187540620565414,0.005318837649180867,False
2079,SIR,0.005859375,30,0.06458101456104702,0.08437002450227737,0.006007767573202642,False
2864,SIR,0.0888671875,30,0.35463643083013213,0.0644506961107254,0.10623633122534755,False
2001,SIR,0.0048828125,30,0.06112903001008065,0.07962512969970703,0.005040371174642032,False
2322,SIR,0.0048828125,30,0.03296419326024623,0.07832491397857666,0.005040371174642032,False
5051,SIS,0.004999999888241291,30,0.004999999888241291,0.07982790470123291,0.005218489485053841,False
806,SIR,0.8460000157356262,30,0.8949841088392935,0.6133089661598206,0.8535830574982674,False
9387,SIS,0.08150000125169754,30,0.0568848935216746,0.028286190703511238,0.39856327075879056,False
9054,SIS,0.0024999999441206455,30,0.0024999999441206455,0.07176310569047928,0.0022252733377299554,False
9433,SIS,0.10350000113248825,30,0.2963619454283583,0.5469982624053955,0.44516893804516305,False
1418,SIR,0.004999999888241291,30,0.050486796830713984,0.08057238161563873,0.005040371174642032,False
8217,SIS,0.001237930147908628,30,0.001237930147908628,0.0644463375210762,0.15272575963092017,False
5470,SIS,0.004999999888241291,30,0.004999999888241291,0.0830257311463356,0.005547726581208673,False
2396,SIR,0.0048828125,30,0.04928941083194065,0.08051136881113052,0.005040371174642032,False
2551,SIR,0.0078125,30,0.0989735285099003,0.08036583662033081,0.006286234047741477,False
4555,SIR,0.24799999594688416,30,0.6925710568969183,0.027253037318587303,0.2534407341598889,False
3068,SIR,0.001237930147908628,30,0.0021989105154509468,0.07685249298810959,0.002628501956285931,False
2854,SIR,0.09765625,30,0.36051724968511845,0.06039657071232796,0.09710755495398977,False
3208,SIR,0.09952958673238754,30,0.44438906644173964,0.03659945726394653,0.25939430881164255,False
5419,SIS,0.004999999888241291,30,0.004999999888241291,0.07955484837293625,0.005040371174642032,False
8254,SIS,0.002228274242952466,30,0.001237930147908628,0.07958545535802841,0.00017715569045542669,False
5829,SIS,0.6399999856948853,30,0.5823931515650357,0.5925852060317993,0.6781977393026729,False
4003,SIR,0.0024999999441206455,30,0.026041258243360767,0.07793239504098892,0.0022231259405144687,False
9141,SIS,0.003000000026077032,30,0.0024999999441206455,0.0642094761133194,0.05923574406867967,False
2074,SIR,0.0048828125,30,0.06591034374332257,0.07983209192752838,0.0052039647967160605,False
1750,SIR,0.11699999868869781,30,0.3959642325491106,0.06541493535041809,0.10807718903915449,False
987,SIR,0.9580000042915344,30,0.9889118507611554,0.10680285096168518,0.9563202116447418,False
4851,SIR,0.737500011920929,30,0.997682557472117,0.20132122933864594,0.7617685938813039,False
5915,SIS,0.7649999856948853,30,0.7239182281439188,0.985107958316803,0.7803811167192719,False
950,SIR,0.9549999833106995,30,0.9892745456758388,0.929214358329773,0.9750281772926058,False
814,SIR,0.8489999771118164,30,0.9164543075472336,0.8742111921310425,0.9128508243332079,False
7669,SIS,0.0068359375,30,0.0048828125,0.07401350885629654,0.021378570045160795,False
1560,SIR,0.032999999821186066,30,0.2591847262301854,0.09142212569713593,0.034862198070906396,False
8362,SIS,0.3659321665763855,30,0.9390109656229516,0.5695387721061707,0.4810289185957523,False
6855,SIS,0.6489999890327454,30,0.08425354901730714,0.8230186700820923,0.7566075063527301,False
7521,SIS,0.0048828125,30,0.0048828125,0.08138435333967209,0.005318837649180867,False
223,SIR,0.006000000052154064,30,0.06968214317971058,0.08283864706754684,0.0054834328274093805,False
5219,SIS,0.004999999888241291,30,0.004999999888241291,0.08291730284690857,0.005318837649180867,False
5842,SIS,0.628000020980835,30,0.6480839059021775,0.5972208976745605,0.7321802487797857,False
6553,SIS,0.006000000052154064,30,0.004999999888241291,0.07334093004465103,0.010725622686613742,False
7106,SIS,0.0048828125,30,0.0048828125,0.07765769213438034,0.005318837649180867,False
4779,SIR,0.4860000014305115,30,0.9395739938756756,0.12317433953285217,0.46426604661102067,False
1917,SIR,0.20900000631809235,30,0.5981564067699785,0.024646690115332603,0.1786496778638294,False
8176,SIS,0.10720475018024445,30,0.9178823695916305,0.4969010353088379,0.24127007421642443,False
1478,SIR,0.014999999664723873,30,0.17813269796716494,0.08068355172872543,0.016965168672993483,False
117,SIR,0.004999999888241291,30,0.06750449726952244,0.07992059737443924,0.0052039647967160605,False
3177,SIR,0.0802178755402565,30,0.983125108128931,0.05128798633813858,0.14669022746483057,False
8166,SIS,0.001237930147908628,30,0.001237930147908628,0.08014771342277527,0.0027897606298147646,False
7572,SIS,0.005859375,30,0.0048828125,0.06698842346668243,0.00011502780905450225,False
7658,SIS,0.0068359375,30,0.0048828125,0.08525917679071426,0.009005938496743512,False
8674,SIS,0.7142857313156128,30,0.6074968272407155,0.9762019515037537,0.7190712395243304,False
8354,SIS,0.3669224977493286,30,0.22058051612713156,0.7601798176765442,0.42503448090128493,False
1668,SIR,0.02500000037252903,30,0.16353655854554414,0.06938863545656204,0.017394200352208115,False
5857,SIS,0.7089999914169312,30,0.6666114021378465,0.9809135794639587,0.7432558091470264,False
3216,SIR,0.06734339892864227,30,0.3526753566377277,0.06253883242607117,0.11964928019390658,False
1086,SIR,0.004999999888241291,30,0.050486796830713984,0.08057238161563873,0.005040371174642032,False
9021,SIS,0.0024999999441206455,30,0.0024999999441206455,0.06307414174079895,0.04183087558152044,False
74,SIR,0.004999999888241291,30,0.06750449726952244,0.07992059737443924,0.0052039647967160605,False
4864,SIR,0.5059999823570251,30,0.9372844687981392,0.15088513493537903,0.47811945827911206,False
4618,SIR,0.26249998807907104,30,0.7144654084790888,0.02395443059504032,0.2785128694550187,False
9085,SIS,0.0024999999441206455,30,0.0024999999441206455,0.07601834088563919,0.002575150101341322,False
6030,SIS,0.004999999888241291,30,0.004999999888241291,0.08343390375375748,0.005318837649180867,False
9066,SIS,0.0024999999441206455,30,0.0024999999441206455,0.07971694320440292,0.004299794429861984,False
9999,SIS,0.6784999966621399,30,0.650560822741724,0.9854661226272583,0.6842844823489785,False
1141,SIR,0.004999999888241291,30,0.06750449726952244,0.07992059737443924,0.0052039647967160605,False
7597,SIS,0.005859375,30,0.0048828125,0.059440117329359055,0.01247216381042248,False
7671,SIS,0.0048828125,30,0.0048828125,0.06433048844337463,0.0048217600003939995,False
7660,SIS,0.0087890625,30,0.0048828125,0.07360269129276276,0.0394792447167568,False
8324,SIS,0.2879425585269928,30,0.09710430014408471,0.5733418464660645,0.3006101519734867,False
750,SIR,0.7350000143051147,30,0.7741416432675097,0.7512761354446411,0.9128812178317912,False
9628,SIS,0.0024999999441206455,30,0.0024999999441206455,0.07990238070487976,0.004299794429861984,False
3983,SIR,0.9881158471107483,30,0.9999951636364025,0.26787230372428894,0.9772937504676384,False
3419,SIR,0.49492448568344116,30,0.7605771973846904,0.06073880195617676,0.5309123855583084,False
4803,SIR,0.5120000243186951,30,0.953066987151159,0.15483666956424713,0.45994219836059846,False
4814,SIR,0.4494999945163727,30,0.894621706514431,0.15017357468605042,0.43581057829440834,False
6761,SIS,0.3179999887943268,30,0.05256095821813585,0.03708205744624138,0.7392136937374268,False
2385,SIR,0.0048828125,30,0.06591034374332257,0.07983209192752838,0.0052039647967160605,False
310,SIR,0.007000000216066837,30,0.005179462872570967,0.08730603009462357,0.005908789027555469,False
4372,SIR,0.0024999999441206455,30,0.026041258243360767,0.07793239504098892,0.0022231259405144687,False
4283,SIR,0.0024999999441206455,30,0.03355543667144357,0.07807495445013046,0.002386719562588495,False
4199,SIR,0.0024999999441206455,30,0.024903424664836925,0.07886817306280136,0.0022231259405144687,False
8553,SIS,0.6219361424446106,30,0.4899106395463871,0.9713961482048035,0.6792293626106523,False
2660,SIR,0.0126953125,30,0.12724156273485202,0.08105673640966415,0.010235647963868139,False
9750,SIS,0.45350000262260437,30,0.3953562374841208,0.33244267106056213,0.7963477034474601,False
6029,SIS,0.006000000052154064,30,0.004999999888241291,0.08506092429161072,0.008152547671632778,False
8884,SIS,0.8321366906166077,30,0.7836065702964672,0.9876922965049744,0.8274994380263755,False
7971,SIS,0.7431640625,30,0.22796605504541606,0.9123124480247498,0.8701691130746688,False
8144,SIS,0.002475860295817256,30,0.03811748052471181,0.049959100782871246,0.12892128478215092,False
2777,SIR,0.01171875,30,0.009127557177963732,0.082912877202034,0.008723151173593603,False
8658,SIS,0.7179995179176331,30,0.5987728411642047,0.9798020720481873,0.7109881188495257,False
6312,SIS,0.004999999888241291,30,0.004999999888241291,0.07987968623638153,0.005040371174642032,False
6398,SIS,0.004999999888241291,30,0.004999999888241291,0.07621673494577408,0.005468939416156493,False
7317,SIS,0.0048828125,30,0.0048828125,0.07122275233268738,0.025654150799767447,False
9319,SIS,0.0024999999441206455,30,0.0024999999441206455,0.07885147631168365,0.004299794429861984,False
7601,SIS,0.0048828125,30,0.0048828125,0.08264365792274475,0.005219859103533694,False
5028,SIS,0.004999999888241291,30,0.004999999888241291,0.08135358989238739,0.005318837649180867,False
5171,SIS,0.004999999888241291,30,0.004999999888241291,0.07837460190057755,0.005547726581208673,False
4125,SIR,0.0024999999441206455,30,0.003753324604087857,0.07731125503778458,0.002575150101341322,False
3474,SIR,0.6335726380348206,30,0.8436319232701096,0.9201945662498474,0.576804283694274,False
8637,SIS,0.6662540435791016,30,0.5408353880041694,0.973515510559082,0.6346268330558964,False
6587,SIS,0.007000000216066837,30,0.004999999888241291,0.07365788519382477,0.018015719371787062,False
2051,SIR,0.0048828125,30,0.06591034374332257,0.07983209192752838,0.0052039647967160605,False
2593,SIR,0.0087890625,30,0.10822511367192046,0.08959773182868958,0.011832870172560047,False
9031,SIS,0.0024999999441206455,30,0.0024999999441206455,0.08119101822376251,0.004299794429861984,False
5913,SIS,0.7570000290870667,30,0.7258413589898949,0.9852287769317627,0.8446543249500666,False
9835,SIS,0.0024999999441206455,30,0.0024999999441206455,0.07925427705049515,0.004299794429861984,False
1596,SIR,0.00800000037997961,30,0.11845569691524664,0.08184022456407547,0.009563005722960741,False
1039,SIR,0.006000000052154064,30,0.08594063271421479,0.0819781944155693,0.0054834328274093805,False
3925,SIR,0.9603862166404724,30,0.9999772327468885,0.23734885454177856,0.9799317613297057,False
9828,SIS,0.5105000138282776,30,0.42554863458029746,0.32384899258613586,0.6132991945173947,False
260,SIR,0.004999999888241291,30,0.06750449726952244,0.07992059737443924,0.0052039647967160605,False
9738,SIS,0.3889999985694885,30,0.332572098986962,0.29911741614341736,0.5953826124464136,False
899,SIR,0.8970000147819519,30,0.941833344556954,0.8429818749427795,0.9330820597569236,False
265,SIR,0.006000000052154064,30,0.06986528997334518,0.08428935706615448,0.005384454281762208,False
3019,SIR,0.005446892697364092,30,0.06675389036501911,0.08789660036563873,-0.00424379759909802,False
1137,SIR,0.004999999888241291,30,0.033758676820750365,0.07837033271789551,0.005040371174642032,False
1493,SIR,0.00800000037997961,30,0.10818661216985753,0.08005519956350327,0.005761899301948216,False
7229,SIS,0.0048828125,30,0.0048828125,0.07700476050376892,0.005318837649180867,False
1794,SIR,0.06700000166893005,30,0.33467018865576886,0.07121887803077698,0.0908126648265128,False
9690,SIS,0.3199999928474426,30,0.29293322542511707,0.9386046528816223,0.3876221298,False
4355,SIR,0.0024999999441206455,30,0.026041258243360767,0.07793239504098892,0.0022231259405144687,False
823,SIR,0.8460000157356262,30,0.9092252303556062,0.9265909790992737,0.6517602499861813,False
130,SIR,0.004999999888241291,30,0.04458684849178268,0.07883928716182709,0.005392395335468887,False
9234,SIS,0.0024999999441206455,30,0.0024999999441206455,0.0828821212053299,0.0022231259405144687,False
8626,SIS,0.6719484925270081,30,0.543843038692446,0.974908173084259,0.6360699320699148,False
2597,SIR,0.005859375,30,0.12077608407893842,0.08199281245470047,0.008596915190892574,False
4495,SIR,0.07450000196695328,30,0.359682860867291,0.06339874118566513,0.2002715327520413,False
6517,SIS,0.006000000052154064,30,0.004999999888241291,0.0771966204047203,0.011120892541793898,False
8505,SIS,0.5617727041244507,30,0.38889479325690285,0.9547619223594666,0.5738407943675627,False
884,SIR,0.8859999775886536,30,0.950836065268442,0.872922420501709,0.8818130369844961,False
732,SIR,0.41499999165534973,30,0.30401166013716474,0.5528218746185303,0.551658908115935,False
4843,SIR,0.4964999854564667,30,0.9513642878891101,0.13067889213562012,0.5042389052445088,False
8758,SIS,0.7821242809295654,30,0.7143342084524728,0.9847683310508728,0.8082575046658955,False
4490,SIR,0.08550000190734863,30,0.4483680944865318,0.013700729236006737,0.14993372443573422,False
4029,SIR,0.013000000268220901,30,0.20240664572287112,0.08847512304782867,0.012131606061033836,False
5044,SIS,0.004999999888241291,30,0.004999999888241291,0.08871664851903915,0.004941392628994859,False
580,SIR,0.028999999165534973,30,0.027745617376145885,0.05874721705913544,0.10879953641715139,False
8511,SIS,0.5637534260749817,30,0.46246431900218027,0.9650769233703613,0.6300954118090917,False
8182,SIS,0.012874473817646503,30,0.053196653599684195,0.06050676852464676,0.12287855507967231,False
1308,SIR,0.006000000052154064,30,0.09076828702974792,0.0822526291012764,0.0054834328274093805,False
525,SIR,0.010999999940395355,30,0.1306386290727203,0.08277447521686554,0.0120796295565118,False
3832,SIR,0.9413220882415771,30,0.9979050191301972,0.19739575684070587,0.9325972731992984,False
3432,SIR,0.47288933396339417,30,0.7548145801966191,0.8538464307785034,0.5560157662362555,False
2235,SIR,0.0048828125,30,0.06112903001008065,0.07962512969970703,0.005040371174642032,False
9419,SIS,0.0024999999441206455,30,0.0024999999441206455,0.07468916475772858,0.0024520148725422747,False
7795,SIS,0.0322265625,30,0.025917465914559075,0.07803254574537277,0.1907560015859578,False
7449,SIS,0.0048828125,30,0.0048828125,0.0773838460445404,0.005318837649180867,False
4107,SIR,0.003000000026077032,30,0.040300895019353265,0.08250788599252701,0.00451068569167778,False
6412,SIS,0.006000000052154064,30,0.004999999888241291,0.08046111464500427,0.008152547671632778,False
1389,SIR,0.007000000216066837,30,0.1102827089198057,0.08080103248357773,0.006286234047741477,False
7842,SIS,0.265625,30,0.023782936265994398,0.037944674491882324,0.29925557156563615,False
6089,SIS,0.004999999888241291,30,0.004999999888241291,0.0854182168841362,0.004941392628994859,False
7779,SIS,0.0087890625,30,0.007413082111070458,0.05772654339671135,0.06628742277856522,False
9077,SIS,0.0024999999441206455,30,0.0024999999441206455,0.07924190908670425,0.0024520148725422747,False
2421,SIR,0.0048828125,30,0.06591034374332257,0.07983209192752838,0.0052039647967160605,False
2733,SIR,0.013671875,30,0.1502978388214397,0.08433746546506882,0.009821890862446746,False
1761,SIR,0.024000000208616257,30,0.22653711466013954,0.08939587324857712,0.019568566360399848,False
646,SIR,0.020999999716877937,30,0.1589818144230347,0.07597828656435013,0.017144993532602605,False
2611,SIR,0.0078125,30,0.10133377864550433,0.08111187070608139,0.005040371174642032,False
7391,SIS,0.0048828125,30,0.0048828125,0.08024571090936661,0.005040371174642032,False
3766,SIR,0.9326565861701965,30,0.9913822707788694,0.1910722404718399,0.9445124207120974,False
3045,SIR,0.001980688190087676,30,0.046322313468660316,0.0775495246052742,0.004150063087572807,False
8218,SIS,0.06981926411390305,30,0.10781587123787205,0.06973212212324142,0.6115295401662333,False
7705,SIS,0.005859375,30,0.0048828125,0.0759049579501152,0.008123703666427767,False
8261,SIS,0.001237930147908628,30,0.001237930147908628,0.07508198916912079,0.0027897606298147646,False
2831,SIR,0.025390625,30,0.22266687654835887,0.09829074889421463,0.023845360960773717,False
9668,SIS,0.3240000009536743,30,0.2795328092816502,0.9487899541854858,0.4339088302229372,False
8655,SIS,0.7137905359268188,30,0.6549104921731956,0.9825228452682495,0.7643662560649477,False
6819,SIS,0.5350000262260437,30,0.029177619061023657,0.036193300038576126,0.6365387236105909,False
3297,SIR,0.15325576066970825,30,0.09097731981376721,0.2186073660850525,0.0372388437785321,False
8266,SIS,0.21688537299633026,30,0.09778421787799772,0.6572009325027466,0.36553529957961567,False
4703,SIR,0.35249999165534973,30,0.8320944198955785,0.11178896576166153,0.32557765519641396,False
5423,SIS,0.004999999888241291,30,0.004999999888241291,0.0809132531285286,0.005318837649180867,False
6445,SIS,0.004999999888241291,30,0.004999999888241291,0.08151416480541229,0.005318837649180867,False
8740,SIS,0.7546422481536865,30,0.7013867374239006,0.981816291809082,0.8165209355970466,False
9496,SIS,0.13850000500679016,30,0.11809067843335665,0.8842792510986328,0.38147006381807574,False
1604,SIR,0.014999999664723873,30,0.21288386349529353,0.08096528798341751,0.023631237687493065,False
6940,SIS,0.718999981880188,30,0.18351921690337747,0.8912227153778076,0.8236609897548087,False
6033,SIS,0.004999999888241291,30,0.004999999888241291,0.07673058658838272,0.005468939416156493,False
4551,SIR,0.19850000739097595,30,0.6104138641827522,0.021446330472826958,0.20612230839253304,False
536,SIR,0.027000000700354576,30,0.16337502812146446,0.06993179023265839,0.055213995648189566,False
341,SIR,0.004999999888241291,30,0.06750449726952244,0.07992059737443924,0.0052039647967160605,False
1931,SIR,0.23999999463558197,30,0.3247542081030722,0.06213592365384102,0.14196104833250733,False
7988,SIS,0.7470703125,30,0.2576639137741756,0.640754222869873,0.8028215504331095,False
3564,SIR,0.7358257174491882,30,0.9229634672546231,0.13296329975128174,0.7244181816736082,False
849,SIR,0.8240000009536743,30,0.9075149908536994,0.9280000329017639,0.7928902157679201,False
7941,SIS,0.68359375,30,0.11222518932455162,0.8815808892250061,0.8279469351284702,False
9428,SIS,0.0024999999441206455,30,0.0024999999441206455,0.0723988488316536,0.005405281061348071,False
2523,SIR,0.0068359375,30,0.10534310758681921,0.0819404274225235,0.005384454281762208,False
3241,SIR,0.002228274242952466,30,0.02820741735962571,0.08002607524394989,0.004138782521763654,False
5478,SIS,0.004999999888241291,30,0.004999999888241291,0.06753071397542953,0.026498757816816973,False
6490,SIS,0.004999999888241291,30,0.004999999888241291,0.07885988801717758,0.005318837649180867,False
6551,SIS,0.004999999888241291,30,0.004999999888241291,0.07375841587781906,0.005468939416156493,False
5178,SIS,0.004999999888241291,30,0.004999999888241291,0.08195088803768158,0.005040371174642032,False
3578,SIR,0.7536519169807434,30,0.9470952094538388,0.1495596319437027,0.8017645520591048,False
875,SIR,0.8870000243186951,30,0.952877299545776,0.8756904006004333,0.8436592737729138,False
9329,SIS,0.03799999877810478,30,0.03583280045109694,0.060882408171892166,0.20477408895763538,False
7853,SIS,0.544921875,30,0.057099441227644314,0.6082058548927307,0.6227803498936032,False
8010,SIS,0.001237930147908628,30,0.001237930147908628,0.07528434693813324,0.003671729424509026,False
7476,SIS,0.0048828125,30,0.0048828125,0.07973796129226685,0.005547726581208673,False
6212,SIS,0.004999999888241291,30,0.004999999888241291,0.0837278962135315,0.005318837649180867,False
1838,SIR,0.07199999690055847,30,0.3051041086339823,0.07103176414966583,0.0709854771129468,False
6292,SIS,0.006000000052154064,30,0.004999999888241291,0.07102096825838089,0.009823878805565785,False
4602,SIR,0.1875,30,0.518162989851923,0.050390105694532394,0.17850033295304377,False
4526,SIR,0.16850000619888306,30,0.4724166021165168,0.01982571929693222,0.2588200286553418,False
7314,SIS,0.0048828125,30,0.0048828125,0.08544272929430008,0.005219859103533694,False
5616,SIS,0.012000000104308128,30,0.01228688035786428,0.09012063592672348,0.06638438003839824,False
3104,SIR,0.002971032401546836,30,0.03555674425045117,0.07594037055969238,2.9697868103369744e-07,False
6351,SIS,0.004999999888241291,30,0.004999999888241291,0.07676936686038971,0.005318837649180867,False
9457,SIS,0.0024999999441206455,30,0.0024999999441206455,0.0801960825920105,0.004299794429861984,False
8256,SIS,0.2186184674501419,30,0.9042330090102007,0.04519546404480934,0.1822835143335743,False
3569,SIR,0.7387967109680176,30,0.9312625347303007,0.8112486004829407,0.753367903143229,False
4784,SIR,0.6915000081062317,30,0.9698320703821024,0.16650135815143585,0.7426463591931467,False
1275,SIR,0.004999999888241291,30,0.033758676820750365,0.07837033271789551,0.005040371174642032,False
4521,SIR,0.14550000429153442,30,0.5294449247811925,0.01579578034579754,0.13685122904867286,False
6296,SIS,0.006000000052154064,30,0.004999999888241291,0.08403993397951126,0.009119944070193389,False
3650,SIR,0.8727408051490784,30,0.985217174834433,0.18834708631038666,0.7652563553872667,False
7014,SIS,0.0048828125,30,0.0048828125,0.08459646254777908,0.005040371174642032,False
5264,SIS,0.004999999888241291,30,0.004999999888241291,0.07007399946451187,0.005468939416156493,False
5840,SIS,0.6290000081062317,30,0.5417148267233771,0.971912145614624,0.6816389238999238,False
4985,SIR,0.843999981880188,30,0.9999486877857883,0.24239516258239746,0.8541516348243029,False
8878,SIS,0.8308987617492676,30,0.7625358790122702,0.9858962893486023,0.8332100714186872,False
6873,SIS,0.6539999842643738,30,0.0561990402334093,0.6191710233688354,0.828155710829172,False
1386,SIR,0.006000000052154064,30,0.06750449726952244,0.07992059737443924,0.0052039647967160605,False
5469,SIS,0.00800000037997961,30,0.004999999888241291,0.06166340783238411,0.026439916447518797,False
7828,SIS,0.3759765625,30,0.0781165853580776,0.06561364978551865,0.11210887450674473,False
4300,SIR,0.0024999999441206455,30,0.03355543667144357,0.07807495445013046,0.002386719562588495,False
7966,SIS,0.7412109375,30,0.33354095846251963,0.6210463047027588,0.8568574816053609,False
4191,SIR,0.0024999999441206455,30,0.03355543667144357,0.07807495445013046,0.002386719562588495,False
9103,SIS,0.0024999999441206455,30,0.0024999999441206455,0.0822199359536171,0.0022231259405144687,False
5953,SIS,0.8029999732971191,30,0.7663325878737461,0.9870886206626892,0.8600761210618993,False
1908,SIR,0.1509999930858612,30,0.5527569384601971,0.02026303857564926,0.19267952367183397,False
9143,SIS,0.0024999999441206455,30,0.0024999999441206455,0.07289651781320572,0.0024541622697577615,False
7598,SIS,0.009765625,30,0.009107375344937389,0.0575874038040638,0.032680191527741494,False
4600,SIR,0.0024999999441206455,30,0.024903424664836925,0.07886817306280136,0.0022231259405144687,False
5989,SIS,0.8029999732971191,30,0.7690604699935908,0.9880423545837402,0.8372428158486499,False
9041,SIS,0.0024999999441206455,30,0.0024999999441206455,0.07915426045656204,0.004299794429861984,False
7443,SIS,0.0048828125,30,0.0048828125,0.08100272715091705,0.005318837649180867,False
2832,SIR,0.0224609375,30,0.22644889530654091,0.0904601439833641,0.018358234662173876,False
5016,SIS,0.004999999888241291,30,0.004999999888241291,0.08073097467422485,0.005218489485053841,False
6390,SIS,0.004999999888241291,30,0.004999999888241291,0.08133577555418015,0.0061872555020943045,False
9418,SIS,0.1054999977350235,30,0.0024999999441206455,0.07543817162513733,0.1752168315646161,False
4828,SIR,0.7149999737739563,30,0.9773313052989041,0.16892299056053162,0.7165642716019839,False
4063,SIR,0.005499999970197678,30,0.08601383883026303,0.0824928730726242,0.016179690108307936,False
4132,SIR,0.0024999999441206455,30,0.026041258243360767,0.07793239504098892,0.0022231259405144687,False
827,SIR,0.8140000104904175,30,0.8977836790189212,0.9006738662719727,0.8451378337570842,False
5339,SIS,0.006000000052154064,30,0.004999999888241291,0.07912899553775787,0.008677409074235597,False
696,SIR,0.05400000140070915,30,0.1819456643936662,0.04822300374507904,0.09724005185859769,False
1012,SIR,0.004999999888241291,30,0.06750449726952244,0.07992059737443924,0.0052039647967160605,False
9471,SIS,0.0024999999441206455,30,0.0024999999441206455,0.08327877521514893,0.004299794429861984,False
1304,SIR,0.006000000052154064,30,0.07583694390267512,0.08169331401586533,0.005384454281762208,False
9567,SIS,0.2280000001192093,30,0.18145593060104115,0.5428844690322876,0.2702159974255113,False
704,SIR,0.5180000066757202,30,0.3860774580812194,0.05498790368437767,0.44613293902794066,False
5272,SIS,0.004999999888241291,30,0.004999999888241291,0.07728071510791779,0.0063373572690699305,False
5359,SIS,0.004999999888241291,30,0.004999999888241291,0.07467405498027802,0.006436335814717103,False
7361,SIS,0.0048828125,30,0.0048828125,0.081360824406147,0.005547726581208673,False
9005,SIS,0.0024999999441206455,30,0.0024999999441206455,0.07409515231847763,0.004299794429861984,False
1913,SIR,0.3970000147819519,30,0.40407562145855513,0.06474897265434265,0.13641024017526646,False
2143,SIR,0.0048828125,30,0.006262922639930248,0.07904106378555298,0.005218489485053841,False
4547,SIR,0.22499999403953552,30,0.6899206722731435,0.024373233318328857,0.2524770557544536,False
7062,SIS,0.0048828125,30,0.0048828125,0.07817267626523972,0.013142368502194074,False
7035,SIS,0.0048828125,30,0.0048828125,0.08577799797058105,0.010630496857002401,False
9101,SIS,0.003000000026077032,30,0.0024999999441206455,0.07517640292644501,0.004904194591550349,False
8560,SIS,0.6211933493614197,30,0.4717650689638303,0.9645475149154663,0.5271824133156698,False
6370,SIS,0.004999999888241291,30,0.004999999888241291,0.08184656500816345,0.005318837649180867,False
3805,SIR,0.8858628273010254,30,0.9956895965537197,0.18618902564048767,0.9105504681933542,False
2070,SIR,0.0048828125,30,0.06591034374332257,0.07983209192752838,0.0052039647967160605,False
9353,SIS,0.0024999999441206455,30,0.0024999999441206455,0.07698714733123779,0.0022231259405144687,False
2904,SIR,0.068359375,30,0.2688056138622721,0.06937837600708008,0.05892770614245564,False
1648,SIR,0.035999998450279236,30,0.20775767705884715,0.09693439304828644,0.09367069799454197,False
5978,SIS,0.8009999990463257,30,0.7627822311045765,0.9885962605476379,0.8619858344466585,False
6269,SIS,0.004999999888241291,30,0.004999999888241291,0.0574248731136322,0.00882477259134685,False
3457,SIR,0.19311711192131042,30,0.5848470130259728,0.10779759287834167,0.30848166158215695,False
723,SIR,0.5370000004768372,30,0.43780955677878897,0.5682876706123352,0.7575113514144403,False
3420,SIR,0.5461748242378235,30,0.7861501766326786,0.889394998550415,0.6524531946981843,False
6041,SIS,0.004999999888241291,30,0.004999999888241291,0.0741870254278183,0.005468939416156493,False
2455,SIR,0.0078125,30,0.13997024153199292,0.08516518771648407,0.009267360452610196,False
3030,SIR,0.003466204507276416,30,0.06179034110498074,0.08688067644834518,0.03305861027731552,False
6352,SIS,0.004999999888241291,30,0.004999999888241291,0.06787403672933578,0.014160888122083135,False
4859,SIR,0.4620000123977661,30,0.9266704820145691,0.16122259199619293,0.490284013031533,False
6564,SIS,0.004999999888241291,30,0.004999999888241291,0.06215720251202583,0.007184210951433081,False
4249,SIR,0.0024999999441206455,30,0.003753324604087857,0.07731125503778458,0.002575150101341322,False
1301,SIR,0.004999999888241291,30,0.03964760556405554,0.08308493345975876,0.004941392628994859,False
8243,SIS,0.15746471285820007,30,0.9203284372078431,0.03344622999429703,0.3960927296235509,False
3125,SIR,0.001485516200773418,30,0.002113303793065877,0.07682763040065765,0.0027897606298147646,False
3962,SIR,0.9811834692955017,30,0.9999955834212467,0.28075599670410156,0.9880135709249428,False
7256,SIS,0.0048828125,30,0.0048828125,0.08788757771253586,0.004941392628994859,False
1682,SIR,0.019999999552965164,30,0.1921444468625398,0.07813263684511185,0.019097107261916088,False
7929,SIS,0.6591796875,30,0.09040396386134712,0.7024790644645691,0.8204468283263555,False
3645,SIR,0.8269373774528503,30,0.9695481654694754,0.1676551252603531,0.8002934358937881,False
4140,SIR,0.0024999999441206455,30,0.024903424664836925,0.07886817306280136,0.0022231259405144687,False
388,SIR,0.008999999612569809,30,0.13251606000530947,0.08042097091674805,0.010085546196892512,False
8199,SIS,0.005199306644499302,30,0.811916394238174,0.0412730909883976,0.0853548569978067,False
1792,SIR,0.02500000037252903,30,0.21885981849121516,0.09142889082431793,0.05400851936779605,False
1664,SIR,0.012000000104308128,30,0.13662561572499976,0.08599031716585159,0.02088732022534739,False
8731,SIS,0.7524139881134033,30,0.6738612235088627,0.9798297882080078,0.770711864356614,False
2956,SIR,0.826171875,30,0.5735039670161192,0.04596925154328346,0.6150306824728481,False
2371,SIR,0.005859375,30,0.05224355775318502,0.08836245536804199,0.005384454281762208,False
38,SIR,0.004999999888241291,30,0.06750449726952244,0.07992059737443924,0.0052039647967160605,False
9250,SIS,0.0024999999441206455,30,0.0024999999441206455,0.08299308270215988,0.0022231259405144687,False
2852,SIR,0.087890625,30,0.3377455548362034,0.06473241746425629,0.18030603221253833,False
4096,SIR,0.003000000026077032,30,0.035798242633916275,0.07894718647003174,0.004299794429861984,False
4704,SIR,0.22750000655651093,30,0.6806724692312328,0.02518760971724987,0.26588603298173275,False
3056,SIR,0.002723446348682046,30,0.044638821456838534,0.07738547772169113,0.006190096093788888,False
3490,SIR,0.5835602879524231,30,0.8610809530305392,0.8008171319961548,0.6171222026873114,False
2262,SIR,0.0048828125,30,0.06591034374332257,0.07983209192752838,0.0052039647967160605,False
1771,SIR,0.0729999989271164,30,0.3633233510641771,0.06883608549833298,0.11036556289775376,False
7395,SIS,0.0048828125,30,0.0048828125,0.06987933069467545,0.02664456199077103,False
8964,SIS,0.8670462965965271,30,0.8253510468834931,0.9875409007072449,0.867297494210148,False
1202,SIR,0.006000000052154064,30,0.08594063271421479,0.0819781944155693,0.0054834328274093805,False
3904,SIR,0.9603862166404724,30,0.9999079890994998,0.2240654081106186,0.9628824527476361,False
7402,SIS,0.0048828125,30,0.0048828125,0.07125728577375412,0.006751679023825258,False
6485,SIS,0.004999999888241291,30,0.004999999888241291,0.08424859493970871,0.005662920756301043,False
1256,SIR,0.007000000216066837,30,0.12893026936236165,0.08070027828216553,0.006729295700508826,False
9489,SIS,0.0024999999441206455,30,0.0024999999441206455,0.08075039088726044,0.004299794429861984,False
1781,SIR,0.15800000727176666,30,0.3642358815959423,0.06786137074232101,0.12053467514496631,False
7206,SIS,0.0048828125,30,0.0048828125,0.07690005749464035,0.0056708618100077225,False
5390,SIS,0.004999999888241291,30,0.004999999888241291,0.0663980022072792,0.006780418921837279,False
7028,SIS,0.0048828125,30,0.0048828125,0.08302008360624313,0.005040371174642032,False
975,SIR,0.9670000076293945,30,0.9908717218183208,0.09054490178823471,0.9590578909072693,False
3284,SIR,0.008170339278876781,30,0.11021565865440651,0.09091681241989136,0.17937108420142045,False
7355,SIS,0.0048828125,30,0.0048828125,0.08686652779579163,0.005040371174642032,False
8406,SIS,0.43352314829826355,30,0.30331159056018925,0.9365459084510803,0.45933863535491387,False
3020,SIR,0.002723446348682046,30,0.05119997852748935,0.0837436392903328,0.010417762586205815,False
3069,SIR,0.04109928384423256,30,0.24189704846671037,0.0754174292087555,0.1825637083959416,False
3160,SIR,0.1594454050064087,30,0.36765096221240334,0.037408497184515,0.18707690668825197,False
7810,SIS,0.341796875,30,0.027047236106269516,0.05496625229716301,0.43474564825528733,False
499,SIR,0.008999999612569809,30,0.07720724871474656,0.08212603628635406,0.0061872555020943045,False
4441,SIR,0.0024999999441206455,30,0.026041258243360767,0.07793239504098892,0.0022231259405144687,False
3677,SIR,0.879673182964325,30,0.9914817097064968,0.2033597230911255,0.8944965330029515,False
9501,SIS,0.0024999999441206455,30,0.0024999999441206455,0.08312014490365982,0.0044052843396512765,False
6641,SIS,0.006000000052154064,30,0.004999999888241291,0.08308179676532745,0.010184524742539686,False
193,SIR,0.004999999888241291,30,0.06750449726952244,0.07992059737443924,0.0052039647967160605,False
4938,SIR,0.8420000076293945,30,0.9997682898202983,0.22340725362300873,0.8177318254539976,False
6987,SIS,0.7670000195503235,30,0.26798889409998866,0.9417658448219299,0.8488669145651584,False
1223,SIR,0.004999999888241291,30,0.06750449726952244,0.07992059737443924,0.0052039647967160605,False
5089,SIS,0.004999999888241291,30,0.004999999888241291,0.06937246769666672,0.006751679023825258,False
1639,SIR,0.014000000432133675,30,0.12819580017828797,0.08432149142026901,0.014590327041258967,False
4486,SIR,0.004999999888241291,30,0.10753253057863497,0.08459915965795517,0.004986321254342651,False
1243,SIR,0.006000000052154064,30,0.0907040643137828,0.07961787283420563,0.005218489485053841,False
1715,SIR,0.012000000104308128,30,0.1014373431939966,0.07983501255512238,0.00907715541033165,False
699,SIR,0.00800000037997961,30,0.07158661073123897,0.08133739233016968,0.0061872555020943045,False
3546,SIR,0.6754146814346313,30,0.8360817778841223,0.8321924209594727,0.6566291487717383,False
160,SIR,0.004999999888241291,30,0.050486796830713984,0.08057238161563873,0.005040371174642032,False
3067,SIR,0.050259966403245926,30,0.23449975052961586,0.06216868758201599,0.21964744888133567,False
6938,SIS,0.7289999723434448,30,0.23339816640776298,0.9174013733863831,0.8178894401979172,False
5224,SIS,0.004999999888241291,30,0.004999999888241291,0.08346721529960632,0.005040371174642032,False
8339,SIS,0.2815053164958954,30,0.05842307963443522,0.5347465872764587,0.22487363001682845,False
8829,SIS,0.808120846748352,30,0.7826603999050357,0.9898101091384888,0.8373720356611796,False
4508,SIR,0.0035000001080334187,30,0.05224179379595885,0.08034316450357437,0.0050405201772110025,False
7357,SIS,0.0048828125,30,0.0048828125,0.0808311402797699,0.005318837649180867,False
5981,SIS,0.800000011920929,30,0.7693854851823918,0.9887644052505493,0.8505981827407113,False
9673,SIS,0.3264999985694885,30,0.28018936453202303,0.9362224340438843,0.5822940284534985,False
5691,SIS,0.25200000405311584,30,0.813807212099571,0.06361938267946243,0.3606944441172601,False
774,SIR,0.6940000057220459,30,0.7707032352103497,0.7122089266777039,0.8326870116428811,False
6811,SIS,0.4790000021457672,30,0.0318284297784448,0.0640498548746109,0.3672260954967635,False
6755,SIS,0.008999999612569809,30,0.004999999888241291,0.07056241482496262,0.010926427810733849,False
3267,SIR,0.31393909454345703,30,0.5115121416575796,0.02827238105237484,0.3481182783034302,False
7048,SIS,0.0048828125,30,0.0048828125,0.06707802414894104,0.006577524399506813,False
8432,SIS,0.4340183138847351,30,0.1705055666478106,0.8988717198371887,0.4884347100749279,False
6124,SIS,0.004999999888241291,30,0.004999999888241291,0.08119401335716248,0.005318837649180867,False
4971,SIR,0.9984999895095825,30,0.9999797029478695,0.2752099931240082,0.9302046304692557,False
7051,SIS,0.0048828125,30,0.0048828125,0.07744576036930084,0.01100794187718841,False
2041,SIR,0.0048828125,30,0.05552443657228958,0.0795360803604126,0.005040371174642032,False
8418,SIS,0.4387224614620209,30,0.1608637186436771,0.9079502820968628,0.4764991839487419,False
7056,SIS,0.0048828125,30,0.0048828125,0.07878174632787704,0.005040371174642032,False
9252,SIS,0.0024999999441206455,30,0.0024999999441206455,0.07487669587135315,0.004299794429861984,False
1824,SIR,0.06700000166893005,30,0.2748334157119197,0.07193852216005325,0.0639121842091695,False
9010,SIS,0.0024999999441206455,30,0.0024999999441206455,0.07731625437736511,0.004299794429861984,False
2511,SIR,0.005859375,30,0.08861651106476212,0.07955440878868103,0.005218489485053841,False
9051,SIS,0.0024999999441206455,30,0.0024999999441206455,0.08084239065647125,0.004299794429861984,False
8673,SIS,0.7128002047538757,30,0.6320983564844368,0.9834426045417786,0.7954497433130621,False
524,SIR,0.014000000432133675,30,0.10859550043286889,0.07940825074911118,0.007134195272040807,False
167,SIR,0.004999999888241291,30,0.06750449726952244,0.07992059737443924,0.0052039647967160605,False
8629,SIS,0.6764050722122192,30,0.5170175236821117,0.9711434841156006,0.6297246364772006,False
2670,SIR,0.013671875,30,0.00537847574262631,0.07918260991573334,0.011896558523246314,False
3325,SIR,0.3911859393119812,30,0.5698908604937541,0.039300885051488876,0.3823854585309135,False
901,SIR,0.9449999928474426,30,0.9700251725546939,0.9106153845787048,0.9476032317160242,False
5506,SIS,0.004999999888241291,30,0.004999999888241291,0.07626165449619293,0.005697828348184299,False
6311,SIS,0.004999999888241291,30,0.004999999888241291,0.07172844558954239,0.005468939416156493,False
934,SIR,0.9419999718666077,30,0.9779533604136105,0.9119352698326111,0.9313560571159164,False
9042,SIS,0.0024999999441206455,30,0.0024999999441206455,0.06836728006601334,0.016895862964257533,False
5340,SIS,0.004999999888241291,30,0.004999999888241291,0.07397856563329697,0.006436335814717103,False
3430,SIR,0.5184451341629028,30,0.7887753320313726,0.8607815504074097,0.5616892592419893,False
7253,SIS,0.0048828125,30,0.0048828125,0.083418108522892,0.005318837649180867,False
1959,SIR,0.6639999747276306,30,0.7551623960322875,0.06759013235569,0.4999241859473132,False
3780,SIR,0.9398366212844849,30,0.9941959635396685,0.07761644572019577,0.9288649090308099,False
6012,SIS,0.004999999888241291,30,0.004999999888241291,0.08136086165904999,0.005392395335468887,False
1365,SIR,0.007000000216066837,30,0.09496931736788104,0.08007273077964783,0.005218489485053841,False
8331,SIS,0.29091358184814453,30,0.09078058792541825,0.8459471464157104,0.34928194416936004,False
2332,SIR,0.005859375,30,0.09431175512636787,0.08131701499223709,0.006007767573202642,False
6164,SIS,0.004999999888241291,30,0.004999999888241291,0.07977291196584702,0.005318837649180867,False
9404,SIS,0.10450000315904617,30,0.09822236880720002,0.5430538654327393,0.38885801634502126,False
4517,SIR,0.11999999731779099,30,0.5566292713603147,0.5072327852249146,0.3876973797130803,False
9813,SIS,0.5339999794960022,30,0.43283580586547693,0.9726824760437012,0.6304763221090299,False
2362,SIR,0.0068359375,30,0.0808055880961051,0.08586546778678894,0.005908789027555469,False
9266,SIS,0.0024999999441206455,30,0.0024999999441206455,0.07958685606718063,0.004299794429861984,False
8446,SIS,0.43228521943092346,30,0.251969890003905,0.9321612119674683,0.5003058556315275,False
7514,SIS,0.0048828125,30,0.0048828125,0.05854015052318573,0.00787451049393472,False
5950,SIS,0.8090000152587891,30,0.78453875306404,0.9869027137756348,0.8440560749138324,False
9446,SIS,0.10899999737739563,30,0.904751279536019,0.5332859754562378,0.6496191013860113,False
7220,SIS,0.0048828125,30,0.0048828125,0.08357874304056168,0.005547726581208673,False
7639,SIS,0.0068359375,30,0.0048828125,0.060220036655664444,0.03430898302616437,False
3879,SIR,0.9378558993339539,30,0.9998025437000758,0.20914675295352936,0.9318047040883772,False
6859,SIS,0.6510000228881836,30,0.07046141421660182,0.8527323007583618,0.6441149318127634,False
8729,SIS,0.7506808638572693,30,0.6731936530756943,0.9843405485153198,0.7675108594435737,False
2675,SIR,0.005859375,30,0.05320984356184854,0.08133096247911453,0.005040371174642032,False
4138,SIR,0.0024999999441206455,30,0.03355543667144357,0.07807495445013046,0.002386719562588495,False
9841,SIS,0.5145000219345093,30,0.4782166192231771,0.40225112438201904,0.653665093092386,False
3452,SIR,0.5261203050613403,30,0.7550810376792612,0.17245669662952423,0.54392076971471,False
5657,SIS,0.24300000071525574,30,0.6573227661653263,0.44221600890159607,0.490582479165784,False
391,SIR,0.004999999888241291,30,0.06750449726952244,0.07992059737443924,0.0052039647967160605,False
2060,SIR,0.0048828125,30,0.04928941083194065,0.08051136881113052,0.005040371174642032,False
7261,SIS,0.0048828125,30,0.0048828125,0.06350155919790268,0.007006092641021272,False
5729,SIS,0.414000004529953,30,0.04977023449565984,0.04871733859181404,0.5684445359947035,False
4527,SIR,0.37549999356269836,30,0.7328167248982725,0.8834455609321594,0.398244037533296,False
5955,SIS,0.8040000200271606,30,0.7606385513780377,0.9868899583816528,0.8481617315676593,False
2711,SIR,0.013671875,30,0.0923410739658318,0.08060013502836227,0.015751827074022257,False
147,SIR,0.004999999888241291,30,0.06261588108322752,0.07967710494995117,0.005040371174642032,False
8715,SIS,0.7571181058883667,30,0.6894085071668516,0.9846483469009399,0.8162472256188271,False
7266,SIS,0.0048828125,30,0.0048828125,0.08193115890026093,0.005318837649180867,False
4400,SIR,0.0024999999441206455,30,0.03355543667144357,0.07807495445013046,0.002386719562588495,False
9578,SIS,0.2224999964237213,30,0.17921465065818964,0.9170252680778503,0.29979488157185813,False
6827,SIS,0.4959999918937683,30,0.08110071975658976,0.6703450679779053,0.5937584150781541,False
4085,SIR,0.0024999999441206455,30,0.03355543667144357,0.07807495445013046,0.002386719562588495,False
1828,SIR,0.04399999976158142,30,0.30138420441585884,0.08254283666610718,0.03560643911996075,False
6032,SIS,0.004999999888241291,30,0.004999999888241291,0.07727466523647308,0.005547726581208673,False
3205,SIR,0.001733102253638208,30,0.0028405543483936996,0.07783062011003494,0.003671729424509026,False
2993,SIR,0.755859375,30,0.543641551927054,0.656560480594635,0.7919756486899272,False
1901,SIR,0.2930000126361847,30,0.571499157547036,0.05011855810880661,0.5466267698543303,False
4748,SIR,0.45100000500679016,30,0.9269441902976122,0.1293545514345169,0.44568347962025157,False
6801,SIS,0.531000018119812,30,0.13818632769251232,0.5794910192489624,0.7514477227761633,False
2050,SIR,0.0048828125,30,0.06591034374332257,0.07983209192752838,0.0052039647967160605,False
2762,SIR,0.017578125,30,0.14980830257321326,0.07795782387256622,0.014754797940306544,False
3736,SIR,0.8861104249954224,30,0.9928187289083846,0.19689306616783142,0.8981455096172263,False
675,SIR,0.009999999776482582,30,0.07997675329305205,0.08112543076276779,0.006286234047741477,False
126,SIR,0.004999999888241291,30,0.06750449726952244,0.07992059737443924,0.0052039647967160605,False
9785,SIS,0.4555000066757202,30,0.3916788610533452,0.3612906336784363,0.7989697906152063,False
474,SIR,0.007000000216066837,30,0.09521207830467526,0.08147398382425308,0.006286234047741477,False
4220,SIR,0.0024999999441206455,30,0.024903424664836925,0.07886817306280136,0.0022231259405144687,False
2724,SIR,0.021484375,30,0.17045517153341458,0.07247144728899002,0.016796955290522664,False
7936,SIS,0.6591796875,30,0.09142635816425734,0.6371475458145142,0.7037221955875831,False
5126,SIS,0.004999999888241291,30,0.004999999888241291,0.08060847222805023,0.004941392628994859,False
1817,SIR,0.09200000017881393,30,0.42935102823812393,0.06473183631896973,0.09733617879938926,False
3385,SIR,0.4877444803714752,30,0.5192596941552761,0.02777194231748581,0.3647675493507604,False
5458,SIS,0.004999999888241291,30,0.004999999888241291,0.09002121537923813,0.005908789027555469,False
1581,SIR,0.01899999938905239,30,0.20701847868050063,0.07841949164867401,0.018021185845495176,False
2058,SIR,0.0048828125,30,0.06591034374332257,0.07983209192752838,0.0052039647967160605,False
1524,SIR,0.014000000432133675,30,0.14654180554660454,0.07725630700588226,0.011118069858158983,False
7552,SIS,0.005859375,30,0.0048828125,0.08001693338155746,0.008677409074235597,False
1854,SIR,0.19699999690055847,30,0.37514594693439074,0.04865541309118271,0.3244875460380474,False
7799,SIS,0.0087890625,30,0.0048828125,0.06795352697372437,-0.0038797223715439613,False
2188,SIR,0.0048828125,30,0.04928941083194065,0.08051136881113052,0.005040371174642032,False
97,SIR,0.004999999888241291,30,0.04458684849178268,0.07883928716182709,0.005392395335468887,False
9957,SIS,0.6894999742507935,30,0.63705991295988,0.9866095185279846,0.7144494341529324,False
7068,SIS,0.0048828125,30,0.0048828125,0.08057226240634918,0.005040371174642032,False
2108,SIR,0.0048828125,30,0.006262922639930248,0.07904106378555298,0.005218489485053841,False
6326,SIS,0.004999999888241291,30,0.004999999888241291,0.07585152983665466,0.005318837649180867,False
2958,SIR,0.7724609375,30,0.506686300492668,0.030506784096360207,0.696585723592078,False
1016,SIR,0.004999999888241291,30,0.056875341519595314,0.07958503812551498,0.005040371174642032,False
6611,SIS,0.004999999888241291,30,0.004999999888241291,0.08140513300895691,0.005040371174642032,False
9218,SIS,0.0024999999441206455,30,0.0024999999441206455,0.08166640251874924,0.0022231259405144687,False
1312,SIR,0.004999999888241291,30,0.04458684849178268,0.07883928716182709,0.005392395335468887,False
9675,SIS,0.0024999999441206455,30,0.0024999999441206455,0.08181749284267426,0.015112302695448464,False
9801,SIS,0.5099999904632568,30,0.47405761615377895,0.9688707590103149,0.6358186453140691,False
2048,SIR,0.0048828125,30,0.043535875448018575,0.07876835763454437,0.005392395335468887,False
4571,SIR,0.0024999999441206455,30,0.03355543667144357,0.07807495445013046,0.002386719562588495,False
795,SIR,0.7409999966621399,30,0.7735855336551127,0.7008838057518005,0.8858300041895324,False
1341,SIR,0.006000000052154064,30,0.06539143466115058,0.08446011692285538,0.006007767573202642,False
2923,SIR,0.33984375,30,0.9683433595561471,0.052429068833589554,0.3730850824168435,False
2885,SIR,0.103515625,30,0.272322795904324,0.07059911638498306,0.11525129477522607,False
7841,SIS,0.3291015625,30,0.1286793018638017,0.45964789390563965,0.5239878430022745,False
6500,SIS,0.008999999612569809,30,0.004999999888241291,0.05322055146098137,0.05482613217710699,False
6449,SIS,0.00800000037997961,30,0.004999999888241291,0.06590718775987625,0.02585729768682428,False
249,SIR,0.006000000052154064,30,0.06539143466115058,0.08446011692285538,0.006007767573202642,False
4081,SIR,0.0024999999441206455,30,0.03355543667144357,0.07807495445013046,0.002386719562588495,False
5397,SIS,0.004999999888241291,30,0.004999999888241291,0.08513134717941284,0.005384454281762208,False
5894,SIS,0.7110000252723694,30,0.6745238358003127,0.9790983200073242,0.7448711663347668,False
1529,SIR,0.007000000216066837,30,0.028631564065794046,0.08479557931423187,0.004941392628994859,False
8140,SIS,0.001237930147908628,30,0.001237930147908628,0.07313397526741028,0.0027919080270302514,False
769,SIR,0.023000000044703484,30,0.21693954290353706,0.08009535074234009,0.018613114962524192,False
5847,SIS,0.6380000114440918,30,0.550627026940366,0.9704427719116211,0.6547508012444032,False
6073,SIS,0.004999999888241291,30,0.004999999888241291,0.07667907327413559,0.01100794187718841,False
3590,SIR,0.7932656407356262,30,0.9337886700714606,0.8726754784584045,0.7109163775000469,False
1203,SIR,0.006000000052154064,30,0.04458684849178268,0.07883928716182709,0.005392395335468887,False
3818,SIR,0.9267145395278931,30,0.9996919231310721,0.2150806486606598,0.9201293230668405,False
1570,SIR,0.006000000052154064,30,0.12337555040974618,0.08207728713750839,0.009119944070193389,False
6773,SIS,0.38100001215934753,30,0.8550900122639542,0.4967252016067505,0.5947428926505492,False
6119,SIS,0.004999999888241291,30,0.004999999888241291,0.06928641349077225,0.016916667239573913,False
169,SIR,0.004999999888241291,30,0.050486796830713984,0.08057238161563873,0.005040371174642032,False
1573,SIR,0.007000000216066837,30,0.10363916018280489,0.08116235584020615,0.005040371174642032,False
793,SIR,0.6890000104904175,30,0.7835088948019526,0.6100190877914429,0.8694696758249932,False
1984,SIR,0.5370000004768372,30,0.6265800317839307,0.05191626772284508,0.5154488767530688,False
980,SIR,0.953000009059906,30,0.9890441302915586,0.9256237745285034,0.9273417489122964,False
8733,SIS,0.7558801770210266,30,0.6343140172966459,0.9845536947250366,0.7637413015344867,False
603,SIR,0.008999999612569809,30,0.0916922018016847,0.08074614405632019,0.0061872555020943045,False
9529,SIS,0.17599999904632568,30,0.18987519593731844,0.9077093005180359,0.37621790195825866,False
1466,SIR,0.009999999776482582,30,0.0885929039071199,0.0789613202214241,0.0081813388617136,False
6635,SIS,0.004999999888241291,30,0.004999999888241291,0.08031869679689407,0.005040371174642032,False
5807,SIS,0.6330000162124634,30,0.5225459386049763,0.9672118425369263,0.6652603204285631,False
8692,SIS,0.7207229733467102,30,0.6354264028660536,0.9808222651481628,0.7280352421724625,False
7537,SIS,0.0048828125,30,0.0048828125,0.08304818719625473,0.005219859103533694,False
2485,SIR,0.0078125,30,0.14020270304105634,0.08077256381511688,0.008596915190892574,False
1625,SIR,0.014000000432133675,30,0.11047549306548353,0.07681319117546082,0.01517333019846557,False
9003,SIS,0.0024999999441206455,30,0.0024999999441206455,0.06439702212810516,0.007481949550695589,False
8590,SIS,0.6197078227996826,30,0.5214453895597784,0.9744135141372681,0.7198621691557218,False
5844,SIS,0.6340000033378601,30,0.9405305261994763,0.6968584656715393,0.7392366342814553,False
7900,SIS,0.68359375,30,0.16391301671194092,0.7347716093063354,0.8355166904775256,False
1998,SIR,0.6389999985694885,30,0.6827271788936865,0.0645512267947197,0.570443634436388,False
1816,SIR,0.09300000220537186,30,0.32319599447243447,0.06338329613208771,0.29405850632370356,False
1996,SIR,0.5680000185966492,30,0.7090510880114933,0.066966213285923,0.4899728065594078,False
4276,SIR,0.008999999612569809,30,0.17084735919459432,0.09571337699890137,0.015074968503403735,False
431,SIR,0.008999999612569809,30,0.0743488644981519,0.08017683029174805,0.005318837649180867,False
5843,SIS,0.6299999952316284,30,0.5702305114033795,0.9690185785293579,0.658670602830588,False
8098,SIS,0.001237930147908628,30,0.001237930147908628,0.07827989757061005,0.0027897606298147646,False
7353,SIS,0.0048828125,30,0.0048828125,0.08111470192670822,0.005269260106669838,False
1865,SIR,0.32600000500679016,30,0.5488223665878477,0.04970769211649895,0.28585096294188794,False
9136,SIS,0.0024999999441206455,30,0.0024999999441206455,0.07947307080030441,0.0024520148725422747,False
1369,SIR,0.006000000052154064,30,0.09687919687647796,0.08069511502981186,0.005040371174642032,False
971,SIR,0.953000009059906,30,0.9889803801716917,0.9293097853660583,0.9078921718876433,False
9050,SIS,0.0024999999441206455,30,0.0024999999441206455,0.0820518210530281,0.0022231259405144687,False
9232,SIS,0.0024999999441206455,30,0.0024999999441206455,0.07802744954824448,0.004299794429861984,False
8814,SIS,0.8101015090942383,30,0.7378617682399495,0.5279520153999329,0.8221835491749254,False
8096,SIS,0.001485516200773418,30,0.001237930147908628,0.06311844289302826,0.02961543440281875,False
2286,SIR,0.0048828125,30,0.04928941083194065,0.08051136881113052,0.005040371174642032,False
3124,SIR,0.002723446348682046,30,0.03878835541960919,0.07915449887514114,0.006091117548141715,False
3090,SIR,0.001485516200773418,30,0.0026966919468319824,0.07663754373788834,0.0022435100028866356,False
8212,SIS,0.15647438168525696,30,0.001237930147908628,0.05775804817676544,0.249955678796626,False
6907,SIS,0.7039999961853027,30,0.15584803623308896,0.8758705258369446,0.8014363745234321,False
3023,SIR,0.001485516200773418,30,0.024296122777851193,0.07819218188524246,0.003268094292878545,False
3863,SIR,0.9485021233558655,30,0.9997920347947916,0.11443033814430237,0.9737941735018435,False
4728,SIR,0.40400001406669617,30,0.8713286706213156,0.19586516916751862,0.3990572404714924,False
114,SIR,0.004999999888241291,30,0.050486796830713984,0.08057238161563873,0.005040371174642032,False
966,SIR,0.9660000205039978,30,0.9959997396501907,0.9335010051727295,0.99132048518513,False
4655,SIR,0.34450000524520874,30,0.7801788398137481,0.15453460812568665,0.2871575733270117,False
232,SIR,0.004999999888241291,30,0.03970244086061169,0.07955484837293625,0.005040371174642032,False
4364,SIR,0.0024999999441206455,30,0.03355543667144357,0.07807495445013046,0.002386719562588495,False
9247,SIS,0.0024999999441206455,30,0.0024999999441206455,0.0768788531422615,0.004299794429861984,False
5600,SIS,0.06199999898672104,30,0.02472014175152289,0.06373140960931778,0.32072890152004574,False
3186,SIR,0.14805644750595093,30,0.31372391678286615,0.062316302210092545,0.11487726961763255,False
8870,SIS,0.835107684135437,30,0.7938483254555407,0.9886899590492249,0.8382839350742192,False
6181,SIS,0.004999999888241291,30,0.004999999888241291,0.0833207443356514,0.005318837649180867,False
959,SIR,0.9670000076293945,30,0.9940650004064433,0.9419569373130798,0.9582345937866331,False
2806,SIR,0.1123046875,30,0.2914245291702132,0.05943777412176132,0.14313245487922102,False
2868,SIR,0.134765625,30,0.47258105323590155,0.05225434899330139,0.32552525347651856,False
5183,SIS,0.004999999888241291,30,0.004999999888241291,0.08117885887622833,0.005318837649180867,False
799,SIR,0.6890000104904175,30,0.8033669078132015,0.7202315330505371,0.859105680169771,False
563,SIR,0.023000000044703484,30,0.18597284969105607,0.0769374668598175,0.017502988725088778,False
3476,SIR,0.5397375822067261,30,0.727454500670017,0.8546934723854065,0.5305430105720678,False
2205,SIR,0.0048828125,30,0.06591034374332257,0.07983209192752838,0.0052039647967160605,False
2089,SIR,0.0048828125,30,0.043535875448018575,0.07876835763454437,0.005392395335468887,False
1555,SIR,0.01600000075995922,30,0.14973074157445412,0.07518686354160309,0.016951138699440763,False
5976,SIS,0.796999990940094,30,0.7613484052207437,0.9881253242492676,0.8600800812041915,False
4186,SIR,0.0024999999441206455,30,0.0033905275731967253,0.07698714733123779,0.0022231259405144687,False
7173,SIS,0.0048828125,30,0.0048828125,0.06728838384151459,0.006436335814717103,False
3726,SIR,0.8982421159744263,30,0.9903216676746402,0.8928009867668152,0.8687886147745892,False
7899,SIS,0.5712890625,30,0.0404537231103205,0.03311770036816597,0.622522966447386,False
8681,SIS,0.7194850444793701,30,0.6386385177857504,0.981960654258728,0.750005037986207,False
477,SIR,0.00800000037997961,30,0.08344037608828136,0.08527819812297821,0.006984093505065181,False
2849,SIR,0.021484375,30,0.17295245938717713,0.07614929974079132,0.016580027335163516,False
4295,SIR,0.0024999999441206455,30,0.03355543667144357,0.07807495445013046,0.002386719562588495,False
1342,SIR,0.007000000216066837,30,0.10835667671642166,0.08113113790750504,0.006286234047741477,False
1734,SIR,0.01899999938905239,30,0.1385086096680634,0.07435012608766556,0.017661943021583533,False
8369,SIS,0.36741766333580017,30,0.15881356348628464,0.5387536287307739,0.3443739800351641,False
7091,SIS,0.0048828125,30,0.0048828125,0.07491372525691986,0.005547726581208673,False
9524,SIS,0.18150000274181366,30,0.13856378689847101,0.8937588930130005,0.46339006414175615,False
5985,SIS,0.8100000023841858,30,0.7668744273377889,0.9877846240997314,0.8816531129268128,False
6319,SIS,0.004999999888241291,30,0.004999999888241291,0.07922270894050598,0.005496955959592676,False
4175,SIR,0.0024999999441206455,30,0.003135167898931783,0.07793442159891129,0.0031020264106330912,False
5535,SIS,0.004999999888241291,30,0.004999999888241291,0.051767993718385696,0.01958068060867045,False
3146,SIR,0.07056201994419098,30,0.1115741601155548,0.07278953492641449,0.15499915200347283,False
5115,SIS,0.004999999888241291,30,0.004999999888241291,0.0873175710439682,0.005040371174642032,False
7333,SIS,0.0048828125,30,0.0048828125,0.07706938683986664,0.006436335814717103,False
2491,SIR,0.0048828125,30,0.04928941083194065,0.08051136881113052,0.005040371174642032,False
6881,SIS,0.6570000052452087,30,0.058366619216889695,0.6434308886528015,0.7303912933823866,False
6601,SIS,0.01600000075995922,30,0.061602419422061724,0.06949000060558319,0.05771448433467623,False
